{
"type": "FeatureCollection",
"name": "landslides_shimla_points",
"crs": { "type": "name", "properties": { "name": "urn:ogc:def:crs:OGC:1.3:CRS84" } },
"features": [
{"type":"Feature","properties":{"Id":0,"area":432.75,"category":"Natural","ORIG_FID":0,"category_1":"Natural"},"geometry":{"type":"Point","coordinates":[77.042545642983185,30.932944310573305]}},
{"type":"Feature","properties":{"Id":0,"area":2421.77,"category":"Natural","ORIG_FID":1,"category_1":"Natural"},"geometry":{"type":"Point","coordinates":[77.044804146169113,30.932460230610097]}},
{"type":"Feature","properties":{"Id":0,"area":1026.78,"category":"Natural","ORIG_FID":2,"category_1":"Natural"},"geometry":{"type":"Point","coordinates":[77.058842771532085,31.003404137091159]}},
{"type":"Feature","properties":{"Id":0,"area":1347.74,"category":"Natural","ORIG_FID":3,"category_1":"Natural"},"geometry":{"type":"Point","coordinates":[77.05577261343447,30.92441754918293]}},
{"type":"Feature","properties":{"Id":0,"area":1247.93,"category":"Anthropogenic","ORIG_FID":4,"category_1":"Anthropogenic"},"geometry":{"type":"Point","coordinates":[77.122804528294438,30.962983949071898]}},
{"type":"Feature","properties":{"Id":0,"area":737.443,"category":"Anthropogenic","ORIG_FID":5,"category_1":"Anthropogenic"},"geometry":{"type":"Point","coordinates":[77.121799746357439,30.963357380175474]}},
{"type":"Feature","properties":{"Id":0,"area":3478.73,"category":"Anthropogenic","ORIG_FID":6,"category_1":"Anthropogenic"},"geometry":{"type":"Point","coordinates":[77.122256826136095,30.962931741599128]}},
{"type":"Feature","properties":{"Id":0,"area":17445.9,"category":"Natural","ORIG_FID":7,"category_1":"Natural"},"geometry":{"type":"Point","coordinates":[77.059017428412943,30.950383346969211]}},
{"type":"Feature","properties":{"Id":0,"area":1087.14,"category":"Anthropogenic","ORIG_FID":8,"category_1":"Anthropogenic"},"geometry":{"type":"Point","coordinates":[77.057494840636622,30.951280008937854]}},
{"type":"Feature","properties":{"Id":0,"area":1187.42,"category":"Natural","ORIG_FID":9,"category_1":"Natural"},"geometry":{"type":"Point","coordinates":[77.127817512692715,30.920247285593309]}},
{"type":"Feature","properties":{"Id":0,"area":958.559,"category":"Natural","ORIG_FID":10,"category_1":"Natural"},"geometry":{"type":"Point","coordinates":[77.12831068152316,30.922657328264624]}},
{"type":"Feature","properties":{"Id":0,"area":718.1,"category":"Natural","ORIG_FID":11,"category_1":"Natural"},"geometry":{"type":"Point","coordinates":[77.130901939678125,30.921162969718701]}},
{"type":"Feature","properties":{"Id":0,"area":663.799,"category":"Natural","ORIG_FID":12,"category_1":"Natural"},"geometry":{"type":"Point","coordinates":[77.132526992149849,30.921386200100393]}},
{"type":"Feature","properties":{"Id":0,"area":935.531,"category":"Anthropogenic","ORIG_FID":13,"category_1":"Anthropogenic"},"geometry":{"type":"Point","coordinates":[77.181738915766104,31.031886509498072]}},
{"type":"Feature","properties":{"Id":0,"area":2998.05,"category":"Anthropogenic","ORIG_FID":14,"category_1":"Anthropogenic"},"geometry":{"type":"Point","coordinates":[77.181904404142401,31.032825640620953]}},
{"type":"Feature","properties":{"Id":0,"area":2100.99,"category":"Natural","ORIG_FID":15,"category_1":"Natural"},"geometry":{"type":"Point","coordinates":[77.182923577002569,31.033383640143761]}},
{"type":"Feature","properties":{"Id":0,"area":1065.11,"category":"Natural","ORIG_FID":16,"category_1":"Natural"},"geometry":{"type":"Point","coordinates":[77.182280229412527,31.034160323374682]}},
{"type":"Feature","properties":{"Id":0,"area":1025.27,"category":"Anthropogenic","ORIG_FID":17,"category_1":"Anthropogenic"},"geometry":{"type":"Point","coordinates":[77.182523336348794,31.034583717627779]}},
{"type":"Feature","properties":{"Id":0,"area":697.643,"category":"Anthropogenic","ORIG_FID":18,"category_1":"Anthropogenic"},"geometry":{"type":"Point","coordinates":[77.180612756610884,31.030229812320371]}},
{"type":"Feature","properties":{"Id":0,"area":1145.0,"category":"Natural","ORIG_FID":19,"category_1":"Natural"},"geometry":{"type":"Point","coordinates":[77.077655880515678,30.964974582400465]}},
{"type":"Feature","properties":{"Id":0,"area":978.798,"category":"Anthropogenic","ORIG_FID":20,"category_1":"Anthropogenic"},"geometry":{"type":"Point","coordinates":[76.988623165000263,30.887387107841182]}},
{"type":"Feature","properties":{"Id":0,"area":561.052,"category":"Natural","ORIG_FID":21,"category_1":"Natural"},"geometry":{"type":"Point","coordinates":[76.982688629649985,30.88608172241285]}},
{"type":"Feature","properties":{"Id":0,"area":1158.29,"category":"Anthropogenic","ORIG_FID":22,"category_1":"Anthropogenic"},"geometry":{"type":"Point","coordinates":[76.984201889252375,30.887711007165187]}},
{"type":"Feature","properties":{"Id":0,"area":2009.29,"category":"Natural","ORIG_FID":23,"category_1":"Natural"},"geometry":{"type":"Point","coordinates":[76.944038686646294,30.92877409261277]}},
{"type":"Feature","properties":{"Id":0,"area":596.122,"category":"Natural","ORIG_FID":24,"category_1":"Natural"},"geometry":{"type":"Point","coordinates":[76.94339640323868,30.930553402429251]}},
{"type":"Feature","properties":{"Id":0,"area":671.721,"category":"Anthropogenic","ORIG_FID":25,"category_1":"Anthropogenic"},"geometry":{"type":"Point","coordinates":[76.94292166529975,30.930000927880574]}},
{"type":"Feature","properties":{"Id":0,"area":1105.87,"category":"Natural","ORIG_FID":26,"category_1":"Natural"},"geometry":{"type":"Point","coordinates":[76.93958036921569,30.928665073134049]}},
{"type":"Feature","properties":{"Id":0,"area":833.699,"category":"Natural","ORIG_FID":27,"category_1":"Natural"},"geometry":{"type":"Point","coordinates":[76.954170141383543,30.932318419793475]}},
{"type":"Feature","properties":{"Id":0,"area":2387.12,"category":"Natural","ORIG_FID":28,"category_1":"Natural"},"geometry":{"type":"Point","coordinates":[76.943239446608601,30.955494757664074]}},
{"type":"Feature","properties":{"Id":0,"area":2490.76,"category":"Natural","ORIG_FID":29,"category_1":"Natural"},"geometry":{"type":"Point","coordinates":[76.941620959563195,30.955633193718526]}},
{"type":"Feature","properties":{"Id":0,"area":1035.38,"category":"Natural","ORIG_FID":30,"category_1":"Natural"},"geometry":{"type":"Point","coordinates":[76.942123689257471,30.956087885625241]}},
{"type":"Feature","properties":{"Id":0,"area":1637.64,"category":"Anthropogenic","ORIG_FID":31,"category_1":"Anthropogenic"},"geometry":{"type":"Point","coordinates":[76.952834584380156,30.96073887977958]}},
{"type":"Feature","properties":{"Id":0,"area":733.167,"category":"Natural","ORIG_FID":32,"category_1":"Natural"},"geometry":{"type":"Point","coordinates":[76.95894170024242,30.961942959442755]}},
{"type":"Feature","properties":{"Id":0,"area":326.755,"category":"Anthropogenic","ORIG_FID":33,"category_1":"Anthropogenic"},"geometry":{"type":"Point","coordinates":[76.955451785758541,30.962632489847451]}},
{"type":"Feature","properties":{"Id":0,"area":886.706,"category":"Anthropogenic","ORIG_FID":34,"category_1":"Anthropogenic"},"geometry":{"type":"Point","coordinates":[76.960113362641849,30.962362540811586]}},
{"type":"Feature","properties":{"Id":0,"area":746.834,"category":"Anthropogenic","ORIG_FID":35,"category_1":"Anthropogenic"},"geometry":{"type":"Point","coordinates":[76.954657398413474,30.971299606512723]}},
{"type":"Feature","properties":{"Id":0,"area":801.684,"category":"Natural","ORIG_FID":36,"category_1":"Natural"},"geometry":{"type":"Point","coordinates":[77.065608420158767,30.983112263757704]}},
{"type":"Feature","properties":{"Id":0,"area":1215.24,"category":"Natural","ORIG_FID":37,"category_1":"Natural"},"geometry":{"type":"Point","coordinates":[77.066218175994408,30.98316142303425]}},
{"type":"Feature","properties":{"Id":0,"area":687.976,"category":"Natural","ORIG_FID":38,"category_1":"Natural"},"geometry":{"type":"Point","coordinates":[77.066034124738195,30.983659600780886]}},
{"type":"Feature","properties":{"Id":0,"area":611.695,"category":"Natural","ORIG_FID":39,"category_1":"Natural"},"geometry":{"type":"Point","coordinates":[77.064913062432581,30.983484171044307]}},
{"type":"Feature","properties":{"Id":0,"area":1624.49,"category":"Natural","ORIG_FID":40,"category_1":"Natural"},"geometry":{"type":"Point","coordinates":[77.065264536345737,30.982027084833415]}},
{"type":"Feature","properties":{"Id":0,"area":533.945,"category":"Natural","ORIG_FID":41,"category_1":"Natural"},"geometry":{"type":"Point","coordinates":[77.062976339838684,30.988541938836502]}},
{"type":"Feature","properties":{"Id":0,"area":426.964,"category":"Natural","ORIG_FID":42,"category_1":"Natural"},"geometry":{"type":"Point","coordinates":[77.058837165027157,30.988226856001138]}},
{"type":"Feature","properties":{"Id":0,"area":1141.55,"category":"Natural","ORIG_FID":43,"category_1":"Natural"},"geometry":{"type":"Point","coordinates":[77.065647447614595,30.994631703164117]}},
{"type":"Feature","properties":{"Id":0,"area":2218.03,"category":"Natural","ORIG_FID":44,"category_1":"Natural"},"geometry":{"type":"Point","coordinates":[77.05502772583506,30.999419453883288]}},
{"type":"Feature","properties":{"Id":0,"area":1552.23,"category":"Anthropogenic","ORIG_FID":45,"category_1":"Anthropogenic"},"geometry":{"type":"Point","coordinates":[77.05350468762667,30.9996755693065]}},
{"type":"Feature","properties":{"Id":0,"area":5975.12,"category":"Anthropogenic","ORIG_FID":46,"category_1":"Anthropogenic"},"geometry":{"type":"Point","coordinates":[77.046727427897309,30.994428194360506]}},
{"type":"Feature","properties":{"Id":0,"area":5656.47,"category":"Natural","ORIG_FID":47,"category_1":"Natural"},"geometry":{"type":"Point","coordinates":[77.04972330644442,30.997105605300657]}},
{"type":"Feature","properties":{"Id":0,"area":5163.27,"category":"Natural","ORIG_FID":48,"category_1":"Natural"},"geometry":{"type":"Point","coordinates":[77.050086033655148,30.998649924552236]}},
{"type":"Feature","properties":{"Id":0,"area":679.799,"category":"Anthropogenic","ORIG_FID":49,"category_1":"Anthropogenic"},"geometry":{"type":"Point","coordinates":[77.047478598977037,30.99790505267751]}},
{"type":"Feature","properties":{"Id":0,"area":1274.85,"category":"Natural","ORIG_FID":50,"category_1":"Natural"},"geometry":{"type":"Point","coordinates":[77.018895856001194,30.879962425665067]}},
{"type":"Feature","properties":{"Id":0,"area":866.306,"category":"Anthropogenic","ORIG_FID":51,"category_1":"Anthropogenic"},"geometry":{"type":"Point","coordinates":[77.011390068608918,30.881282258710389]}},
{"type":"Feature","properties":{"Id":0,"area":1345.32,"category":"Anthropogenic","ORIG_FID":52,"category_1":"Anthropogenic"},"geometry":{"type":"Point","coordinates":[77.011184842734423,30.881748565043488]}},
{"type":"Feature","properties":{"Id":0,"area":594.244,"category":"Anthropogenic","ORIG_FID":53,"category_1":"Anthropogenic"},"geometry":{"type":"Point","coordinates":[77.010946595816819,30.881883101370736]}},
{"type":"Feature","properties":{"Id":0,"area":499.204,"category":"Anthropogenic","ORIG_FID":54,"category_1":"Anthropogenic"},"geometry":{"type":"Point","coordinates":[77.001833259434875,30.881823158531805]}},
{"type":"Feature","properties":{"Id":0,"area":574.032,"category":"Anthropogenic","ORIG_FID":55,"category_1":"Anthropogenic"},"geometry":{"type":"Point","coordinates":[77.002734860200647,30.881647448047236]}},
{"type":"Feature","properties":{"Id":0,"area":2136.22,"category":"Natural","ORIG_FID":56,"category_1":"Natural"},"geometry":{"type":"Point","coordinates":[77.069712640095588,30.936544975813845]}},
{"type":"Feature","properties":{"Id":0,"area":1436.38,"category":"Natural","ORIG_FID":57,"category_1":"Natural"},"geometry":{"type":"Point","coordinates":[77.07021512129883,30.936883800516537]}},
{"type":"Feature","properties":{"Id":0,"area":1882.95,"category":"Natural","ORIG_FID":58,"category_1":"Natural"},"geometry":{"type":"Point","coordinates":[77.070357995467162,30.937260559008944]}},
{"type":"Feature","properties":{"Id":0,"area":8418.17,"category":"Anthropogenic","ORIG_FID":59,"category_1":"Anthropogenic"},"geometry":{"type":"Point","coordinates":[77.066357979432979,30.933779716836497]}},
{"type":"Feature","properties":{"Id":0,"area":2934.51,"category":"Natural","ORIG_FID":60,"category_1":"Natural"},"geometry":{"type":"Point","coordinates":[77.060895000160642,30.937817901350854]}},
{"type":"Feature","properties":{"Id":0,"area":2072.44,"category":"Natural","ORIG_FID":61,"category_1":"Natural"},"geometry":{"type":"Point","coordinates":[77.060716851256743,30.939077792192535]}},
{"type":"Feature","properties":{"Id":0,"area":1416.89,"category":"Natural","ORIG_FID":62,"category_1":"Natural"},"geometry":{"type":"Point","coordinates":[77.061101689812858,30.939378246116263]}},
{"type":"Feature","properties":{"Id":0,"area":2730.2,"category":"Natural","ORIG_FID":63,"category_1":"Natural"},"geometry":{"type":"Point","coordinates":[77.061120769326266,30.93601591294065]}},
{"type":"Feature","properties":{"Id":0,"area":1790.63,"category":"Anthropogenic","ORIG_FID":64,"category_1":"Anthropogenic"},"geometry":{"type":"Point","coordinates":[77.061124986430073,30.935321080353166]}},
{"type":"Feature","properties":{"Id":0,"area":2850.05,"category":"Anthropogenic","ORIG_FID":65,"category_1":"Anthropogenic"},"geometry":{"type":"Point","coordinates":[77.062868884378673,30.937303462929123]}},
{"type":"Feature","properties":{"Id":0,"area":568.063,"category":"Natural","ORIG_FID":66,"category_1":"Natural"},"geometry":{"type":"Point","coordinates":[77.063360397317254,30.937843934335039]}},
{"type":"Feature","properties":{"Id":0,"area":1509.79,"category":"Natural","ORIG_FID":67,"category_1":"Natural"},"geometry":{"type":"Point","coordinates":[77.063985593511262,30.938067296139696]}},
{"type":"Feature","properties":{"Id":0,"area":1132.87,"category":"Natural","ORIG_FID":68,"category_1":"Natural"},"geometry":{"type":"Point","coordinates":[77.06381113295285,30.938870216983752]}},
{"type":"Feature","properties":{"Id":0,"area":700.894,"category":"Natural","ORIG_FID":69,"category_1":"Natural"},"geometry":{"type":"Point","coordinates":[77.063844535207792,30.93846812852086]}},
{"type":"Feature","properties":{"Id":0,"area":3479.15,"category":"Anthropogenic","ORIG_FID":70,"category_1":"Anthropogenic"},"geometry":{"type":"Point","coordinates":[77.065344029342384,30.935539656844828]}},
{"type":"Feature","properties":{"Id":0,"area":2743.21,"category":"Natural","ORIG_FID":71,"category_1":"Natural"},"geometry":{"type":"Point","coordinates":[77.06499578219524,30.934809798939444]}},
{"type":"Feature","properties":{"Id":0,"area":2195.84,"category":"Anthropogenic","ORIG_FID":72,"category_1":"Anthropogenic"},"geometry":{"type":"Point","coordinates":[77.055528320902283,30.941165541559748]}},
{"type":"Feature","properties":{"Id":0,"area":1401.95,"category":"Anthropogenic","ORIG_FID":73,"category_1":"Anthropogenic"},"geometry":{"type":"Point","coordinates":[77.054243058639017,30.93889918501333]}},
{"type":"Feature","properties":{"Id":0,"area":9023.9,"category":"Anthropogenic","ORIG_FID":74,"category_1":"Anthropogenic"},"geometry":{"type":"Point","coordinates":[77.061053501633239,30.940887132678]}},
{"type":"Feature","properties":{"Id":0,"area":1978.36,"category":"Natural","ORIG_FID":75,"category_1":"Natural"},"geometry":{"type":"Point","coordinates":[77.060107498636768,30.944547277655534]}},
{"type":"Feature","properties":{"Id":0,"area":3757.05,"category":"Anthropogenic","ORIG_FID":76,"category_1":"Anthropogenic"},"geometry":{"type":"Point","coordinates":[77.061306902307038,30.941835404747128]}},
{"type":"Feature","properties":{"Id":0,"area":5563.5,"category":"Natural","ORIG_FID":77,"category_1":"Natural"},"geometry":{"type":"Point","coordinates":[77.058762256284325,30.945907896005249]}},
{"type":"Feature","properties":{"Id":0,"area":2403.8,"category":"Anthropogenic","ORIG_FID":78,"category_1":"Anthropogenic"},"geometry":{"type":"Point","coordinates":[77.060967572497972,30.946126169209425]}},
{"type":"Feature","properties":{"Id":0,"area":2077.47,"category":"Natural","ORIG_FID":79,"category_1":"Natural"},"geometry":{"type":"Point","coordinates":[77.05604580568918,30.955322717002648]}},
{"type":"Feature","properties":{"Id":0,"area":12240.2,"category":"Anthropogenic","ORIG_FID":80,"category_1":"Anthropogenic"},"geometry":{"type":"Point","coordinates":[77.052689426158466,30.954361805102987]}},
{"type":"Feature","properties":{"Id":0,"area":3697.21,"category":"Natural","ORIG_FID":81,"category_1":"Natural"},"geometry":{"type":"Point","coordinates":[77.054521508682356,30.952766777572005]}},
{"type":"Feature","properties":{"Id":0,"area":3702.6,"category":"Natural","ORIG_FID":82,"category_1":"Natural"},"geometry":{"type":"Point","coordinates":[77.053477395502938,30.952372201397594]}},
{"type":"Feature","properties":{"Id":0,"area":2053.68,"category":"Anthropogenic","ORIG_FID":83,"category_1":"Anthropogenic"},"geometry":{"type":"Point","coordinates":[77.048988047736685,30.956287691152554]}},
{"type":"Feature","properties":{"Id":0,"area":628.626,"category":"Natural","ORIG_FID":84,"category_1":"Natural"},"geometry":{"type":"Point","coordinates":[77.126307185435209,30.9674782819834]}},
{"type":"Feature","properties":{"Id":0,"area":1586.92,"category":"Anthropogenic","ORIG_FID":85,"category_1":"Anthropogenic"},"geometry":{"type":"Point","coordinates":[77.124850160661623,30.967750721857989]}},
{"type":"Feature","properties":{"Id":0,"area":2098.45,"category":"Anthropogenic","ORIG_FID":86,"category_1":"Anthropogenic"},"geometry":{"type":"Point","coordinates":[77.125506179393128,30.967773499675818]}},
{"type":"Feature","properties":{"Id":0,"area":2814.12,"category":"Anthropogenic","ORIG_FID":87,"category_1":"Anthropogenic"},"geometry":{"type":"Point","coordinates":[77.128764651349712,30.961495222902823]}},
{"type":"Feature","properties":{"Id":0,"area":1566.7,"category":"Anthropogenic","ORIG_FID":88,"category_1":"Anthropogenic"},"geometry":{"type":"Point","coordinates":[77.133344923299589,30.97243622316682]}},
{"type":"Feature","properties":{"Id":0,"area":623.998,"category":"Natural","ORIG_FID":89,"category_1":"Natural"},"geometry":{"type":"Point","coordinates":[77.130189633689071,30.970586060462487]}},
{"type":"Feature","properties":{"Id":0,"area":1179.23,"category":"Anthropogenic","ORIG_FID":90,"category_1":"Anthropogenic"},"geometry":{"type":"Point","coordinates":[77.043057815132315,30.899495499060784]}},
{"type":"Feature","properties":{"Id":0,"area":1396.49,"category":"Anthropogenic","ORIG_FID":91,"category_1":"Anthropogenic"},"geometry":{"type":"Point","coordinates":[77.035367838579347,30.907132396642027]}},
{"type":"Feature","properties":{"Id":0,"area":2621.91,"category":"Anthropogenic","ORIG_FID":92,"category_1":"Anthropogenic"},"geometry":{"type":"Point","coordinates":[77.044656336735841,30.945435452149834]}},
{"type":"Feature","properties":{"Id":0,"area":363.311,"category":"Anthropogenic","ORIG_FID":93,"category_1":"Anthropogenic"},"geometry":{"type":"Point","coordinates":[77.045067712235536,30.946230530212066]}},
{"type":"Feature","properties":{"Id":0,"area":2588.63,"category":"Natural","ORIG_FID":94,"category_1":"Natural"},"geometry":{"type":"Point","coordinates":[77.049172452552639,30.947586549404207]}},
{"type":"Feature","properties":{"Id":0,"area":2004.75,"category":"Anthropogenic","ORIG_FID":95,"category_1":"Anthropogenic"},"geometry":{"type":"Point","coordinates":[77.053888515987907,30.967636391357679]}},
{"type":"Feature","properties":{"Id":0,"area":902.944,"category":"Natural","ORIG_FID":96,"category_1":"Natural"},"geometry":{"type":"Point","coordinates":[77.110464059597632,30.932223652941854]}},
{"type":"Feature","properties":{"Id":0,"area":655.254,"category":"Anthropogenic","ORIG_FID":97,"category_1":"Anthropogenic"},"geometry":{"type":"Point","coordinates":[77.119863190669534,30.920920845954441]}},
{"type":"Feature","properties":{"Id":0,"area":953.057,"category":"Anthropogenic","ORIG_FID":98,"category_1":"Anthropogenic"},"geometry":{"type":"Point","coordinates":[77.120076468644726,30.921430779180646]}},
{"type":"Feature","properties":{"Id":0,"area":1149.79,"category":"Anthropogenic","ORIG_FID":99,"category_1":"Anthropogenic"},"geometry":{"type":"Point","coordinates":[77.123547966128825,30.920718576848394]}},
{"type":"Feature","properties":{"Id":0,"area":4818.92,"category":"Natural","ORIG_FID":100,"category_1":"Natural"},"geometry":{"type":"Point","coordinates":[77.081367576452536,30.917941831187541]}},
{"type":"Feature","properties":{"Id":0,"area":2058.15,"category":"Anthropogenic","ORIG_FID":101,"category_1":"Anthropogenic"},"geometry":{"type":"Point","coordinates":[77.07279814535957,30.928487658379336]}},
{"type":"Feature","properties":{"Id":0,"area":2217.92,"category":"Anthropogenic","ORIG_FID":102,"category_1":"Anthropogenic"},"geometry":{"type":"Point","coordinates":[77.07339210933867,30.928427036028399]}},
{"type":"Feature","properties":{"Id":0,"area":722.316,"category":"Anthropogenic","ORIG_FID":103,"category_1":"Anthropogenic"},"geometry":{"type":"Point","coordinates":[77.075797565765129,30.927087419305774]}},
{"type":"Feature","properties":{"Id":0,"area":1181.06,"category":"Anthropogenic","ORIG_FID":104,"category_1":"Anthropogenic"},"geometry":{"type":"Point","coordinates":[77.066225217052079,30.928303894786279]}},
{"type":"Feature","properties":{"Id":0,"area":1013.92,"category":"Anthropogenic","ORIG_FID":105,"category_1":"Anthropogenic"},"geometry":{"type":"Point","coordinates":[77.066699314423829,30.928483325545621]}},
{"type":"Feature","properties":{"Id":0,"area":702.852,"category":"Anthropogenic","ORIG_FID":106,"category_1":"Anthropogenic"},"geometry":{"type":"Point","coordinates":[77.06835530691319,30.929511165477351]}},
{"type":"Feature","properties":{"Id":0,"area":1733.51,"category":"Natural","ORIG_FID":107,"category_1":"Natural"},"geometry":{"type":"Point","coordinates":[77.076259344225065,30.929998888079378]}},
{"type":"Feature","properties":{"Id":0,"area":958.068,"category":"Anthropogenic","ORIG_FID":108,"category_1":"Anthropogenic"},"geometry":{"type":"Point","coordinates":[77.068179638743686,30.92426876022607]}},
{"type":"Feature","properties":{"Id":0,"area":772.556,"category":"Anthropogenic","ORIG_FID":109,"category_1":"Anthropogenic"},"geometry":{"type":"Point","coordinates":[77.068729304523274,30.924534053910769]}},
{"type":"Feature","properties":{"Id":0,"area":481.462,"category":"Anthropogenic","ORIG_FID":110,"category_1":"Anthropogenic"},"geometry":{"type":"Point","coordinates":[77.069207145486956,30.924821439542747]}},
{"type":"Feature","properties":{"Id":0,"area":2746.27,"category":"Anthropogenic","ORIG_FID":111,"category_1":"Anthropogenic"},"geometry":{"type":"Point","coordinates":[77.069916149513617,30.94353893283278]}},
{"type":"Feature","properties":{"Id":0,"area":860.93,"category":"Anthropogenic","ORIG_FID":112,"category_1":"Anthropogenic"},"geometry":{"type":"Point","coordinates":[77.070537813812138,30.943468288713547]}},
{"type":"Feature","properties":{"Id":0,"area":2354.0,"category":"Anthropogenic","ORIG_FID":113,"category_1":"Anthropogenic"},"geometry":{"type":"Point","coordinates":[77.08639563365891,30.916264363727027]}},
{"type":"Feature","properties":{"Id":0,"area":2437.23,"category":"Anthropogenic","ORIG_FID":114,"category_1":"Anthropogenic"},"geometry":{"type":"Point","coordinates":[77.139531916669668,30.922708718418061]}},
{"type":"Feature","properties":{"Id":0,"area":759.88,"category":"Natural","ORIG_FID":115,"category_1":"Natural"},"geometry":{"type":"Point","coordinates":[77.141191637542306,30.925333340147301]}},
{"type":"Feature","properties":{"Id":0,"area":423.077,"category":"Natural","ORIG_FID":116,"category_1":"Natural"},"geometry":{"type":"Point","coordinates":[77.134766509733524,30.923665767254747]}},
{"type":"Feature","properties":{"Id":0,"area":1697.55,"category":"Natural","ORIG_FID":117,"category_1":"Natural"},"geometry":{"type":"Point","coordinates":[77.140669696189775,30.924540542588694]}},
{"type":"Feature","properties":{"Id":0,"area":1378.06,"category":"Natural","ORIG_FID":118,"category_1":"Natural"},"geometry":{"type":"Point","coordinates":[77.143820810492571,30.924960443554205]}},
{"type":"Feature","properties":{"Id":0,"area":1085.15,"category":"Anthropogenic","ORIG_FID":119,"category_1":"Anthropogenic"},"geometry":{"type":"Point","coordinates":[77.137005532745377,30.96364250176962]}},
{"type":"Feature","properties":{"Id":0,"area":2460.37,"category":"Anthropogenic","ORIG_FID":120,"category_1":"Anthropogenic"},"geometry":{"type":"Point","coordinates":[77.153249664448026,30.958187914705327]}},
{"type":"Feature","properties":{"Id":0,"area":456.072,"category":"Anthropogenic","ORIG_FID":121,"category_1":"Anthropogenic"},"geometry":{"type":"Point","coordinates":[77.091355195860018,31.024202742424567]}},
{"type":"Feature","properties":{"Id":0,"area":2421.38,"category":"Anthropogenic","ORIG_FID":122,"category_1":"Anthropogenic"},"geometry":{"type":"Point","coordinates":[77.168883589601251,31.011229523431929]}},
{"type":"Feature","properties":{"Id":0,"area":17822.4,"category":"Natural","ORIG_FID":123,"category_1":"Natural"},"geometry":{"type":"Point","coordinates":[77.045637357654641,30.922880188133153]}},
{"type":"Feature","properties":{"Id":0,"area":5339.05,"category":"Natural","ORIG_FID":124,"category_1":"Natural"},"geometry":{"type":"Point","coordinates":[77.137789434534653,30.94530333525595]}},
{"type":"Feature","properties":{"Id":0,"area":1604.29,"category":"Natural","ORIG_FID":125,"category_1":"Natural"},"geometry":{"type":"Point","coordinates":[77.135781677384244,30.944871444502887]}},
{"type":"Feature","properties":{"Id":0,"area":5268.58,"category":"Natural","ORIG_FID":126,"category_1":"Natural"},"geometry":{"type":"Point","coordinates":[77.129329482306176,30.958004689576249]}},
{"type":"Feature","properties":{"Id":0,"area":1142.05,"category":"Anthropogenic","ORIG_FID":127,"category_1":"Anthropogenic"},"geometry":{"type":"Point","coordinates":[77.133898513238563,30.971542870063598]}},
{"type":"Feature","properties":{"Id":0,"area":329.942,"category":"Natural","ORIG_FID":128,"category_1":"Natural"},"geometry":{"type":"Point","coordinates":[77.073138246814679,30.988069180950653]}},
{"type":"Feature","properties":{"Id":0,"area":1724.51,"category":"Anthropogenic","ORIG_FID":129,"category_1":"Anthropogenic"},"geometry":{"type":"Point","coordinates":[77.106642503512518,30.892223314235569]}},
{"type":"Feature","properties":{"Id":0,"area":879.094,"category":"Anthropogenic","ORIG_FID":130,"category_1":"Anthropogenic"},"geometry":{"type":"Point","coordinates":[77.112255978828784,30.887332121422435]}},
{"type":"Feature","properties":{"Id":0,"area":689.963,"category":"Anthropogenic","ORIG_FID":131,"category_1":"Anthropogenic"},"geometry":{"type":"Point","coordinates":[77.108705353672775,30.961212994814922]}},
{"type":"Feature","properties":{"Id":0,"area":1036.86,"category":"Anthropogenic","ORIG_FID":132,"category_1":"Anthropogenic"},"geometry":{"type":"Point","coordinates":[77.148873602577581,30.926395803076634]}},
{"type":"Feature","properties":{"Id":0,"area":1512.11,"category":"Anthropogenic","ORIG_FID":133,"category_1":"Anthropogenic"},"geometry":{"type":"Point","coordinates":[77.149972859179826,30.928129024079901]}},
{"type":"Feature","properties":{"Id":0,"area":566.245,"category":"Natural","ORIG_FID":134,"category_1":"Natural"},"geometry":{"type":"Point","coordinates":[77.147229343214974,30.928041084677904]}},
{"type":"Feature","properties":{"Id":0,"area":1264.97,"category":"Anthropogenic","ORIG_FID":135,"category_1":"Anthropogenic"},"geometry":{"type":"Point","coordinates":[77.148922483965109,30.929975279085475]}},
{"type":"Feature","properties":{"Id":0,"area":1235.8,"category":"Anthropogenic","ORIG_FID":136,"category_1":"Anthropogenic"},"geometry":{"type":"Point","coordinates":[77.161879981749408,30.915695616562477]}},
{"type":"Feature","properties":{"Id":0,"area":890.306,"category":"Anthropogenic","ORIG_FID":137,"category_1":"Anthropogenic"},"geometry":{"type":"Point","coordinates":[77.158168367510598,30.917050895748201]}},
{"type":"Feature","properties":{"Id":0,"area":397.978,"category":"Anthropogenic","ORIG_FID":138,"category_1":"Anthropogenic"},"geometry":{"type":"Point","coordinates":[77.161337237409924,30.918662745736349]}},
{"type":"Feature","properties":{"Id":0,"area":829.658,"category":"Natural","ORIG_FID":139,"category_1":"Natural"},"geometry":{"type":"Point","coordinates":[77.159760201424064,30.914291638157813]}},
{"type":"Feature","properties":{"Id":0,"area":286.398,"category":"Anthropogenic","ORIG_FID":140,"category_1":"Anthropogenic"},"geometry":{"type":"Point","coordinates":[77.159503367550869,30.91466863303479]}},
{"type":"Feature","properties":{"Id":0,"area":1068.34,"category":"Anthropogenic","ORIG_FID":141,"category_1":"Anthropogenic"},"geometry":{"type":"Point","coordinates":[77.14868748629182,30.911656317111703]}},
{"type":"Feature","properties":{"Id":0,"area":2094.11,"category":"Anthropogenic","ORIG_FID":142,"category_1":"Anthropogenic"},"geometry":{"type":"Point","coordinates":[77.148224527696286,30.911219867437801]}},
{"type":"Feature","properties":{"Id":0,"area":1008.28,"category":"Natural","ORIG_FID":143,"category_1":"Natural"},"geometry":{"type":"Point","coordinates":[77.152540237317808,30.916292338790967]}},
{"type":"Feature","properties":{"Id":0,"area":1093.64,"category":"Natural","ORIG_FID":144,"category_1":"Natural"},"geometry":{"type":"Point","coordinates":[77.167083121496205,30.914945406648194]}},
{"type":"Feature","properties":{"Id":0,"area":515.394,"category":"Anthropogenic","ORIG_FID":145,"category_1":"Anthropogenic"},"geometry":{"type":"Point","coordinates":[77.167994315122783,30.917298877252062]}},
{"type":"Feature","properties":{"Id":0,"area":1931.86,"category":"Natural","ORIG_FID":146,"category_1":"Natural"},"geometry":{"type":"Point","coordinates":[77.176698610890838,30.91763210469394]}},
{"type":"Feature","properties":{"Id":0,"area":1053.32,"category":"Anthropogenic","ORIG_FID":147,"category_1":"Anthropogenic"},"geometry":{"type":"Point","coordinates":[77.176790042415419,30.915822246668025]}},
{"type":"Feature","properties":{"Id":0,"area":1007.84,"category":"Natural","ORIG_FID":148,"category_1":"Natural"},"geometry":{"type":"Point","coordinates":[77.1808414665783,30.915309762795804]}},
{"type":"Feature","properties":{"Id":0,"area":2662.85,"category":"Anthropogenic","ORIG_FID":149,"category_1":"Anthropogenic"},"geometry":{"type":"Point","coordinates":[77.001797064220852,30.866097708638517]}},
{"type":"Feature","properties":{"Id":0,"area":1449.94,"category":"Anthropogenic","ORIG_FID":150,"category_1":"Anthropogenic"},"geometry":{"type":"Point","coordinates":[76.998655179534794,30.865981450997722]}},
{"type":"Feature","properties":{"Id":0,"area":469.789,"category":"Anthropogenic","ORIG_FID":151,"category_1":"Anthropogenic"},"geometry":{"type":"Point","coordinates":[76.999098921939563,30.869165420596296]}},
{"type":"Feature","properties":{"Id":0,"area":504.324,"category":"Anthropogenic","ORIG_FID":152,"category_1":"Anthropogenic"},"geometry":{"type":"Point","coordinates":[76.997960782615451,30.866443559612961]}},
{"type":"Feature","properties":{"Id":0,"area":489.316,"category":"Anthropogenic","ORIG_FID":153,"category_1":"Anthropogenic"},"geometry":{"type":"Point","coordinates":[76.99775198321862,30.865977202925009]}},
{"type":"Feature","properties":{"Id":0,"area":905.107,"category":"Anthropogenic","ORIG_FID":154,"category_1":"Anthropogenic"},"geometry":{"type":"Point","coordinates":[77.003592564777222,30.864085092974772]}},
{"type":"Feature","properties":{"Id":0,"area":407.877,"category":"Anthropogenic","ORIG_FID":155,"category_1":"Anthropogenic"},"geometry":{"type":"Point","coordinates":[76.999181823311943,30.868857895898724]}},
{"type":"Feature","properties":{"Id":0,"area":1296.8,"category":"Anthropogenic","ORIG_FID":156,"category_1":"Anthropogenic"},"geometry":{"type":"Point","coordinates":[76.999672793689513,30.869286558178736]}},
{"type":"Feature","properties":{"Id":0,"area":1278.77,"category":"Anthropogenic","ORIG_FID":157,"category_1":"Anthropogenic"},"geometry":{"type":"Point","coordinates":[77.002935833632066,30.863818244794032]}},
{"type":"Feature","properties":{"Id":0,"area":231.346,"category":"Anthropogenic","ORIG_FID":158,"category_1":"Anthropogenic"},"geometry":{"type":"Point","coordinates":[77.008114580535278,30.863314752549815]}},
{"type":"Feature","properties":{"Id":0,"area":238.66,"category":"Anthropogenic","ORIG_FID":159,"category_1":"Anthropogenic"},"geometry":{"type":"Point","coordinates":[77.00738521089545,30.864515740237938]}},
{"type":"Feature","properties":{"Id":0,"area":172.238,"category":"Natural","ORIG_FID":160,"category_1":"Natural"},"geometry":{"type":"Point","coordinates":[77.007267146094804,30.865666169672739]}},
{"type":"Feature","properties":{"Id":0,"area":687.899,"category":"Natural","ORIG_FID":161,"category_1":"Natural"},"geometry":{"type":"Point","coordinates":[77.009388209920118,30.862058881605918]}},
{"type":"Feature","properties":{"Id":0,"area":1917.22,"category":"Natural","ORIG_FID":162,"category_1":"Natural"},"geometry":{"type":"Point","coordinates":[77.010689978615304,30.86392138380921]}},
{"type":"Feature","properties":{"Id":0,"area":661.141,"category":"Natural","ORIG_FID":163,"category_1":"Natural"},"geometry":{"type":"Point","coordinates":[77.009935030207032,30.863533733902646]}},
{"type":"Feature","properties":{"Id":0,"area":440.668,"category":"Natural","ORIG_FID":164,"category_1":"Natural"},"geometry":{"type":"Point","coordinates":[77.010124463363098,30.864145361903248]}},
{"type":"Feature","properties":{"Id":0,"area":393.622,"category":"Anthropogenic","ORIG_FID":165,"category_1":"Anthropogenic"},"geometry":{"type":"Point","coordinates":[77.003759903207396,30.864574781281398]}},
{"type":"Feature","properties":{"Id":0,"area":6236.21,"category":"Anthropogenic","ORIG_FID":166,"category_1":"Anthropogenic"},"geometry":{"type":"Point","coordinates":[77.011782413205736,30.870928793004122]}},
{"type":"Feature","properties":{"Id":0,"area":826.099,"category":"Anthropogenic","ORIG_FID":167,"category_1":"Anthropogenic"},"geometry":{"type":"Point","coordinates":[77.008955439702945,30.871064388304568]}},
{"type":"Feature","properties":{"Id":0,"area":1192.55,"category":"Natural","ORIG_FID":168,"category_1":"Natural"},"geometry":{"type":"Point","coordinates":[77.006947194188513,30.872084638558572]}},
{"type":"Feature","properties":{"Id":0,"area":442.821,"category":"Natural","ORIG_FID":169,"category_1":"Natural"},"geometry":{"type":"Point","coordinates":[77.005908924523155,30.872317413295455]}},
{"type":"Feature","properties":{"Id":0,"area":542.715,"category":"Natural","ORIG_FID":170,"category_1":"Natural"},"geometry":{"type":"Point","coordinates":[77.005218432881321,30.873111604634673]}},
{"type":"Feature","properties":{"Id":0,"area":1760.68,"category":"Anthropogenic","ORIG_FID":171,"category_1":"Anthropogenic"},"geometry":{"type":"Point","coordinates":[77.004919507513449,30.87408861866616]}},
{"type":"Feature","properties":{"Id":0,"area":603.114,"category":"Anthropogenic","ORIG_FID":172,"category_1":"Anthropogenic"},"geometry":{"type":"Point","coordinates":[76.997678010174127,30.871857370624422]}},
{"type":"Feature","properties":{"Id":0,"area":1122.43,"category":"Anthropogenic","ORIG_FID":173,"category_1":"Anthropogenic"},"geometry":{"type":"Point","coordinates":[76.996945959790068,30.875563966194811]}},
{"type":"Feature","properties":{"Id":0,"area":1113.85,"category":"Anthropogenic","ORIG_FID":174,"category_1":"Anthropogenic"},"geometry":{"type":"Point","coordinates":[76.993366121095249,30.873001505283408]}},
{"type":"Feature","properties":{"Id":0,"area":650.592,"category":"Natural","ORIG_FID":175,"category_1":"Natural"},"geometry":{"type":"Point","coordinates":[76.998332409304027,30.877825844677542]}},
{"type":"Feature","properties":{"Id":0,"area":601.818,"category":"Natural","ORIG_FID":176,"category_1":"Natural"},"geometry":{"type":"Point","coordinates":[76.998813861029419,30.87766048530812]}},
{"type":"Feature","properties":{"Id":0,"area":749.696,"category":"Anthropogenic","ORIG_FID":177,"category_1":"Anthropogenic"},"geometry":{"type":"Point","coordinates":[77.003379293230537,30.875479115828433]}},
{"type":"Feature","properties":{"Id":0,"area":2280.07,"category":"Natural","ORIG_FID":178,"category_1":"Natural"},"geometry":{"type":"Point","coordinates":[77.014757360833826,30.876352275945614]}},
{"type":"Feature","properties":{"Id":0,"area":2232.5,"category":"Natural","ORIG_FID":179,"category_1":"Natural"},"geometry":{"type":"Point","coordinates":[77.014897528395082,30.877106897876128]}},
{"type":"Feature","properties":{"Id":0,"area":3099.12,"category":"Natural","ORIG_FID":180,"category_1":"Natural"},"geometry":{"type":"Point","coordinates":[77.013337581649935,30.877468095352082]}},
{"type":"Feature","properties":{"Id":0,"area":1309.66,"category":"Natural","ORIG_FID":181,"category_1":"Natural"},"geometry":{"type":"Point","coordinates":[77.011653009064105,30.878398699687015]}},
{"type":"Feature","properties":{"Id":0,"area":2470.19,"category":"Natural","ORIG_FID":182,"category_1":"Natural"},"geometry":{"type":"Point","coordinates":[77.012578590034963,30.878522828293264]}},
{"type":"Feature","properties":{"Id":0,"area":1536.56,"category":"Natural","ORIG_FID":183,"category_1":"Natural"},"geometry":{"type":"Point","coordinates":[77.011919490305928,30.879432732247519]}},
{"type":"Feature","properties":{"Id":0,"area":1198.35,"category":"Natural","ORIG_FID":184,"category_1":"Natural"},"geometry":{"type":"Point","coordinates":[77.01230457715684,30.879075149025105]}},
{"type":"Feature","properties":{"Id":0,"area":1271.77,"category":"Anthropogenic","ORIG_FID":185,"category_1":"Anthropogenic"},"geometry":{"type":"Point","coordinates":[77.01087103056328,30.883634651861875]}},
{"type":"Feature","properties":{"Id":0,"area":532.744,"category":"Anthropogenic","ORIG_FID":186,"category_1":"Anthropogenic"},"geometry":{"type":"Point","coordinates":[77.003380956147225,30.873818154713739]}},
{"type":"Feature","properties":{"Id":0,"area":741.835,"category":"Anthropogenic","ORIG_FID":187,"category_1":"Anthropogenic"},"geometry":{"type":"Point","coordinates":[77.004239591967362,30.875018820307126]}},
{"type":"Feature","properties":{"Id":0,"area":1073.03,"category":"Anthropogenic","ORIG_FID":188,"category_1":"Anthropogenic"},"geometry":{"type":"Point","coordinates":[77.003820656957146,30.875676530452651]}},
{"type":"Feature","properties":{"Id":0,"area":544.076,"category":"Anthropogenic","ORIG_FID":189,"category_1":"Anthropogenic"},"geometry":{"type":"Point","coordinates":[77.006045027660747,30.876740621514859]}},
{"type":"Feature","properties":{"Id":0,"area":1499.14,"category":"Anthropogenic","ORIG_FID":190,"category_1":"Anthropogenic"},"geometry":{"type":"Point","coordinates":[77.004496568221185,30.875814506118729]}},
{"type":"Feature","properties":{"Id":0,"area":648.49,"category":"Anthropogenic","ORIG_FID":191,"category_1":"Anthropogenic"},"geometry":{"type":"Point","coordinates":[77.004146975227428,30.873917207707873]}},
{"type":"Feature","properties":{"Id":0,"area":547.626,"category":"Anthropogenic","ORIG_FID":192,"category_1":"Anthropogenic"},"geometry":{"type":"Point","coordinates":[77.003723179990644,30.87509379936057]}},
{"type":"Feature","properties":{"Id":0,"area":932.938,"category":"Anthropogenic","ORIG_FID":193,"category_1":"Anthropogenic"},"geometry":{"type":"Point","coordinates":[76.9957968166038,30.880394549325686]}},
{"type":"Feature","properties":{"Id":0,"area":298.833,"category":"Anthropogenic","ORIG_FID":194,"category_1":"Anthropogenic"},"geometry":{"type":"Point","coordinates":[77.000923581021596,30.881936388552848]}},
{"type":"Feature","properties":{"Id":0,"area":819.546,"category":"Natural","ORIG_FID":195,"category_1":"Natural"},"geometry":{"type":"Point","coordinates":[76.996775796521888,30.885383601071478]}},
{"type":"Feature","properties":{"Id":0,"area":1878.18,"category":"Anthropogenic","ORIG_FID":196,"category_1":"Anthropogenic"},"geometry":{"type":"Point","coordinates":[77.000997712060112,30.882495192556036]}},
{"type":"Feature","properties":{"Id":0,"area":1055.47,"category":"Natural","ORIG_FID":197,"category_1":"Natural"},"geometry":{"type":"Point","coordinates":[76.996059544294241,30.889460652101576]}},
{"type":"Feature","properties":{"Id":0,"area":521.982,"category":"Anthropogenic","ORIG_FID":198,"category_1":"Anthropogenic"},"geometry":{"type":"Point","coordinates":[76.997214841290457,30.887577167573376]}},
{"type":"Feature","properties":{"Id":0,"area":558.05,"category":"Natural","ORIG_FID":199,"category_1":"Natural"},"geometry":{"type":"Point","coordinates":[76.998861606639608,30.887595157024151]}},
{"type":"Feature","properties":{"Id":0,"area":1420.55,"category":"Natural","ORIG_FID":200,"category_1":"Natural"},"geometry":{"type":"Point","coordinates":[76.999409632277306,30.887280078312237]}},
{"type":"Feature","properties":{"Id":0,"area":357.341,"category":"Natural","ORIG_FID":201,"category_1":"Natural"},"geometry":{"type":"Point","coordinates":[76.999231058752727,30.887416828195686]}},
{"type":"Feature","properties":{"Id":0,"area":306.324,"category":"Anthropogenic","ORIG_FID":202,"category_1":"Anthropogenic"},"geometry":{"type":"Point","coordinates":[76.999964050234709,30.885826268033252]}},
{"type":"Feature","properties":{"Id":0,"area":1589.58,"category":"Anthropogenic","ORIG_FID":203,"category_1":"Anthropogenic"},"geometry":{"type":"Point","coordinates":[76.999467830572101,30.886088332596628]}},
{"type":"Feature","properties":{"Id":0,"area":496.153,"category":"Anthropogenic","ORIG_FID":204,"category_1":"Anthropogenic"},"geometry":{"type":"Point","coordinates":[76.999620099573164,30.886871035216767]}},
{"type":"Feature","properties":{"Id":0,"area":982.164,"category":"Anthropogenic","ORIG_FID":205,"category_1":"Anthropogenic"},"geometry":{"type":"Point","coordinates":[77.000245447084893,30.888115798668178]}},
{"type":"Feature","properties":{"Id":0,"area":2335.73,"category":"Anthropogenic","ORIG_FID":206,"category_1":"Anthropogenic"},"geometry":{"type":"Point","coordinates":[77.000698047312639,30.888415415516306]}},
{"type":"Feature","properties":{"Id":0,"area":1127.93,"category":"Anthropogenic","ORIG_FID":207,"category_1":"Anthropogenic"},"geometry":{"type":"Point","coordinates":[77.003235432998977,30.887167571844863]}},
{"type":"Feature","properties":{"Id":0,"area":376.089,"category":"Anthropogenic","ORIG_FID":208,"category_1":"Anthropogenic"},"geometry":{"type":"Point","coordinates":[76.998043004405474,30.889799275451118]}},
{"type":"Feature","properties":{"Id":0,"area":202.96,"category":"Anthropogenic","ORIG_FID":209,"category_1":"Anthropogenic"},"geometry":{"type":"Point","coordinates":[76.998718303449635,30.888359846613277]}},
{"type":"Feature","properties":{"Id":0,"area":545.091,"category":"Anthropogenic","ORIG_FID":210,"category_1":"Anthropogenic"},"geometry":{"type":"Point","coordinates":[76.997796561822327,30.890426567274691]}},
{"type":"Feature","properties":{"Id":0,"area":1380.35,"category":"Anthropogenic","ORIG_FID":211,"category_1":"Anthropogenic"},"geometry":{"type":"Point","coordinates":[76.998065019112559,30.891295462863336]}},
{"type":"Feature","properties":{"Id":0,"area":661.936,"category":"Anthropogenic","ORIG_FID":212,"category_1":"Anthropogenic"},"geometry":{"type":"Point","coordinates":[76.99780959653971,30.890723996955661]}},
{"type":"Feature","properties":{"Id":0,"area":595.544,"category":"Anthropogenic","ORIG_FID":213,"category_1":"Anthropogenic"},"geometry":{"type":"Point","coordinates":[76.998179298423949,30.890436147291997]}},
{"type":"Feature","properties":{"Id":0,"area":837.097,"category":"Anthropogenic","ORIG_FID":214,"category_1":"Anthropogenic"},"geometry":{"type":"Point","coordinates":[76.999876484992157,30.890678787643601]}},
{"type":"Feature","properties":{"Id":0,"area":181.902,"category":"Anthropogenic","ORIG_FID":215,"category_1":"Anthropogenic"},"geometry":{"type":"Point","coordinates":[76.997990222225013,30.889376292436101]}},
{"type":"Feature","properties":{"Id":0,"area":828.68,"category":"Natural","ORIG_FID":216,"category_1":"Natural"},"geometry":{"type":"Point","coordinates":[76.994987824003488,30.891197099745675]}},
{"type":"Feature","properties":{"Id":0,"area":994.472,"category":"Anthropogenic","ORIG_FID":217,"category_1":"Anthropogenic"},"geometry":{"type":"Point","coordinates":[76.998742803940218,30.890676760254792]}},
{"type":"Feature","properties":{"Id":0,"area":1046.45,"category":"Anthropogenic","ORIG_FID":218,"category_1":"Anthropogenic"},"geometry":{"type":"Point","coordinates":[76.999632016089464,30.8910822158449]}},
{"type":"Feature","properties":{"Id":0,"area":493.28,"category":"Anthropogenic","ORIG_FID":219,"category_1":"Anthropogenic"},"geometry":{"type":"Point","coordinates":[77.000088599857037,30.88975270499164]}},
{"type":"Feature","properties":{"Id":0,"area":495.391,"category":"Anthropogenic","ORIG_FID":220,"category_1":"Anthropogenic"},"geometry":{"type":"Point","coordinates":[77.001516551016863,30.889257127010808]}},
{"type":"Feature","properties":{"Id":0,"area":313.069,"category":"Anthropogenic","ORIG_FID":221,"category_1":"Anthropogenic"},"geometry":{"type":"Point","coordinates":[76.99791548093792,30.887961623513238]}},
{"type":"Feature","properties":{"Id":0,"area":871.929,"category":"Anthropogenic","ORIG_FID":222,"category_1":"Anthropogenic"},"geometry":{"type":"Point","coordinates":[77.003721483490835,30.888329535177448]}},
{"type":"Feature","properties":{"Id":0,"area":355.708,"category":"Anthropogenic","ORIG_FID":223,"category_1":"Anthropogenic"},"geometry":{"type":"Point","coordinates":[77.002265812842197,30.888954445298975]}},
{"type":"Feature","properties":{"Id":0,"area":265.792,"category":"Anthropogenic","ORIG_FID":224,"category_1":"Anthropogenic"},"geometry":{"type":"Point","coordinates":[77.003324598330735,30.888628553493536]}},
{"type":"Feature","properties":{"Id":0,"area":1270.65,"category":"Anthropogenic","ORIG_FID":225,"category_1":"Anthropogenic"},"geometry":{"type":"Point","coordinates":[77.004200841773084,30.8882754987123]}},
{"type":"Feature","properties":{"Id":0,"area":2753.77,"category":"Anthropogenic","ORIG_FID":226,"category_1":"Anthropogenic"},"geometry":{"type":"Point","coordinates":[77.004725257275993,30.887504951189751]}},
{"type":"Feature","properties":{"Id":0,"area":155.693,"category":"Anthropogenic","ORIG_FID":227,"category_1":"Anthropogenic"},"geometry":{"type":"Point","coordinates":[77.002212453754282,30.8868489781708]}},
{"type":"Feature","properties":{"Id":0,"area":620.32,"category":"Anthropogenic","ORIG_FID":228,"category_1":"Anthropogenic"},"geometry":{"type":"Point","coordinates":[77.005978852601572,30.885805061165492]}},
{"type":"Feature","properties":{"Id":0,"area":651.849,"category":"Anthropogenic","ORIG_FID":229,"category_1":"Anthropogenic"},"geometry":{"type":"Point","coordinates":[77.005056486724072,30.886783352021244]}},
{"type":"Feature","properties":{"Id":0,"area":601.568,"category":"Anthropogenic","ORIG_FID":230,"category_1":"Anthropogenic"},"geometry":{"type":"Point","coordinates":[77.005816013701889,30.888252792460257]}},
{"type":"Feature","properties":{"Id":0,"area":333.891,"category":"Anthropogenic","ORIG_FID":231,"category_1":"Anthropogenic"},"geometry":{"type":"Point","coordinates":[77.006549434990688,30.888623108752387]}},
{"type":"Feature","properties":{"Id":0,"area":213.594,"category":"Anthropogenic","ORIG_FID":232,"category_1":"Anthropogenic"},"geometry":{"type":"Point","coordinates":[77.007268674331513,30.888334454899624]}},
{"type":"Feature","properties":{"Id":0,"area":452.155,"category":"Anthropogenic","ORIG_FID":233,"category_1":"Anthropogenic"},"geometry":{"type":"Point","coordinates":[77.007998569107485,30.892270528897321]}},
{"type":"Feature","properties":{"Id":0,"area":589.898,"category":"Natural","ORIG_FID":234,"category_1":"Natural"},"geometry":{"type":"Point","coordinates":[77.006578715451454,30.893700198669887]}},
{"type":"Feature","properties":{"Id":0,"area":1225.72,"category":"Anthropogenic","ORIG_FID":235,"category_1":"Anthropogenic"},"geometry":{"type":"Point","coordinates":[77.002520924816949,30.892928837848419]}},
{"type":"Feature","properties":{"Id":0,"area":871.613,"category":"Anthropogenic","ORIG_FID":236,"category_1":"Anthropogenic"},"geometry":{"type":"Point","coordinates":[77.002860661121304,30.893398462045081]}},
{"type":"Feature","properties":{"Id":0,"area":792.731,"category":"Anthropogenic","ORIG_FID":237,"category_1":"Anthropogenic"},"geometry":{"type":"Point","coordinates":[77.001778145599431,30.894845024382079]}},
{"type":"Feature","properties":{"Id":0,"area":325.477,"category":"Anthropogenic","ORIG_FID":238,"category_1":"Anthropogenic"},"geometry":{"type":"Point","coordinates":[77.002759149866947,30.894622539350454]}},
{"type":"Feature","properties":{"Id":0,"area":1463.88,"category":"Anthropogenic","ORIG_FID":239,"category_1":"Anthropogenic"},"geometry":{"type":"Point","coordinates":[77.004604542764142,30.897553165682037]}},
{"type":"Feature","properties":{"Id":0,"area":402.505,"category":"Anthropogenic","ORIG_FID":240,"category_1":"Anthropogenic"},"geometry":{"type":"Point","coordinates":[77.004663793959622,30.898043907037156]}},
{"type":"Feature","properties":{"Id":0,"area":552.382,"category":"Anthropogenic","ORIG_FID":241,"category_1":"Anthropogenic"},"geometry":{"type":"Point","coordinates":[77.007978747200966,30.895745571586897]}},
{"type":"Feature","properties":{"Id":0,"area":693.621,"category":"Anthropogenic","ORIG_FID":242,"category_1":"Anthropogenic"},"geometry":{"type":"Point","coordinates":[77.007914327820913,30.895366949118149]}},
{"type":"Feature","properties":{"Id":0,"area":203.353,"category":"Natural","ORIG_FID":243,"category_1":"Natural"},"geometry":{"type":"Point","coordinates":[77.007888748517161,30.894963647122434]}},
{"type":"Feature","properties":{"Id":0,"area":347.33,"category":"Anthropogenic","ORIG_FID":244,"category_1":"Anthropogenic"},"geometry":{"type":"Point","coordinates":[77.010023056038023,30.899355609243415]}},
{"type":"Feature","properties":{"Id":0,"area":471.029,"category":"Anthropogenic","ORIG_FID":245,"category_1":"Anthropogenic"},"geometry":{"type":"Point","coordinates":[77.002036667307024,30.898515666562062]}},
{"type":"Feature","properties":{"Id":0,"area":221.739,"category":"Natural","ORIG_FID":246,"category_1":"Natural"},"geometry":{"type":"Point","coordinates":[77.002535336164968,30.898959570804244]}},
{"type":"Feature","properties":{"Id":0,"area":611.195,"category":"Anthropogenic","ORIG_FID":247,"category_1":"Anthropogenic"},"geometry":{"type":"Point","coordinates":[77.003843373688952,30.899981214586052]}},
{"type":"Feature","properties":{"Id":0,"area":548.832,"category":"Anthropogenic","ORIG_FID":248,"category_1":"Anthropogenic"},"geometry":{"type":"Point","coordinates":[77.005426723893081,30.895592221714633]}},
{"type":"Feature","properties":{"Id":0,"area":2756.47,"category":"Anthropogenic","ORIG_FID":249,"category_1":"Anthropogenic"},"geometry":{"type":"Point","coordinates":[77.007541319652333,30.902063854556744]}},
{"type":"Feature","properties":{"Id":0,"area":678.55,"category":"Anthropogenic","ORIG_FID":250,"category_1":"Anthropogenic"},"geometry":{"type":"Point","coordinates":[77.009143798403571,30.904947510434575]}},
{"type":"Feature","properties":{"Id":0,"area":400.617,"category":"Natural","ORIG_FID":251,"category_1":"Natural"},"geometry":{"type":"Point","coordinates":[77.010726794709441,30.90177512362003]}},
{"type":"Feature","properties":{"Id":0,"area":1703.7,"category":"Anthropogenic","ORIG_FID":252,"category_1":"Anthropogenic"},"geometry":{"type":"Point","coordinates":[77.014369229234774,30.904892445468036]}},
{"type":"Feature","properties":{"Id":0,"area":2182.19,"category":"Natural","ORIG_FID":253,"category_1":"Natural"},"geometry":{"type":"Point","coordinates":[77.003407156223119,30.909830847889125]}},
{"type":"Feature","properties":{"Id":0,"area":1068.87,"category":"Natural","ORIG_FID":254,"category_1":"Natural"},"geometry":{"type":"Point","coordinates":[77.003685675961762,30.910182382554616]}},
{"type":"Feature","properties":{"Id":0,"area":1194.52,"category":"Natural","ORIG_FID":255,"category_1":"Natural"},"geometry":{"type":"Point","coordinates":[77.016961588597525,30.906976013557706]}},
{"type":"Feature","properties":{"Id":0,"area":142.926,"category":"Natural","ORIG_FID":256,"category_1":"Natural"},"geometry":{"type":"Point","coordinates":[77.012397221500052,30.895508410000474]}},
{"type":"Feature","properties":{"Id":0,"area":495.607,"category":"Anthropogenic","ORIG_FID":257,"category_1":"Anthropogenic"},"geometry":{"type":"Point","coordinates":[77.012121023991313,30.899525096257406]}},
{"type":"Feature","properties":{"Id":0,"area":2656.19,"category":"Anthropogenic","ORIG_FID":258,"category_1":"Anthropogenic"},"geometry":{"type":"Point","coordinates":[77.028874200496787,30.9014956812618]}},
{"type":"Feature","properties":{"Id":0,"area":1696.74,"category":"Anthropogenic","ORIG_FID":259,"category_1":"Anthropogenic"},"geometry":{"type":"Point","coordinates":[77.027514131559684,30.889790373101679]}},
{"type":"Feature","properties":{"Id":0,"area":1028.8,"category":"Anthropogenic","ORIG_FID":260,"category_1":"Anthropogenic"},"geometry":{"type":"Point","coordinates":[76.993961829972832,30.893775519488898]}},
{"type":"Feature","properties":{"Id":0,"area":1448.96,"category":"Anthropogenic","ORIG_FID":261,"category_1":"Anthropogenic"},"geometry":{"type":"Point","coordinates":[77.006972204201233,30.882026739901089]}},
{"type":"Feature","properties":{"Id":0,"area":592.116,"category":"Anthropogenic","ORIG_FID":262,"category_1":"Anthropogenic"},"geometry":{"type":"Point","coordinates":[77.008816442403685,30.884474531252927]}},
{"type":"Feature","properties":{"Id":0,"area":555.921,"category":"Anthropogenic","ORIG_FID":263,"category_1":"Anthropogenic"},"geometry":{"type":"Point","coordinates":[77.009257528802792,30.884277144228921]}},
{"type":"Feature","properties":{"Id":0,"area":50360.8,"category":"Anthropogenic","ORIG_FID":264,"category_1":"Anthropogenic"},"geometry":{"type":"Point","coordinates":[77.057825193617589,30.86265733550411]}},
{"type":"Feature","properties":{"Id":0,"area":3936.23,"category":"Natural","ORIG_FID":265,"category_1":"Natural"},"geometry":{"type":"Point","coordinates":[77.020197328681633,30.869516467922022]}},
{"type":"Feature","properties":{"Id":0,"area":5663.79,"category":"Natural","ORIG_FID":266,"category_1":"Natural"},"geometry":{"type":"Point","coordinates":[77.020625858244927,30.870050136639207]}},
{"type":"Feature","properties":{"Id":0,"area":2365.49,"category":"Natural","ORIG_FID":267,"category_1":"Natural"},"geometry":{"type":"Point","coordinates":[77.022863188118279,30.869804639309489]}},
{"type":"Feature","properties":{"Id":0,"area":2748.98,"category":"Natural","ORIG_FID":268,"category_1":"Natural"},"geometry":{"type":"Point","coordinates":[77.023461262876211,30.869935784452565]}},
{"type":"Feature","properties":{"Id":0,"area":2299.44,"category":"Natural","ORIG_FID":269,"category_1":"Natural"},"geometry":{"type":"Point","coordinates":[77.024283202577863,30.870169645274505]}},
{"type":"Feature","properties":{"Id":0,"area":2524.57,"category":"Natural","ORIG_FID":270,"category_1":"Natural"},"geometry":{"type":"Point","coordinates":[77.024863188145758,30.870915377664812]}},
{"type":"Feature","properties":{"Id":0,"area":1805.65,"category":"Natural","ORIG_FID":271,"category_1":"Natural"},"geometry":{"type":"Point","coordinates":[77.026195194745299,30.869687039240421]}},
{"type":"Feature","properties":{"Id":0,"area":6797.13,"category":"Natural","ORIG_FID":272,"category_1":"Natural"},"geometry":{"type":"Point","coordinates":[77.020267174171792,30.87121948756073]}},
{"type":"Feature","properties":{"Id":0,"area":1180.5,"category":"Natural","ORIG_FID":273,"category_1":"Natural"},"geometry":{"type":"Point","coordinates":[77.026751997772706,30.869922029465872]}},
{"type":"Feature","properties":{"Id":0,"area":503.564,"category":"Natural","ORIG_FID":274,"category_1":"Natural"},"geometry":{"type":"Point","coordinates":[77.026528993556738,30.870732801575617]}},
{"type":"Feature","properties":{"Id":0,"area":869.039,"category":"Natural","ORIG_FID":275,"category_1":"Natural"},"geometry":{"type":"Point","coordinates":[77.027374669551804,30.871135053353861]}},
{"type":"Feature","properties":{"Id":0,"area":610.138,"category":"Natural","ORIG_FID":276,"category_1":"Natural"},"geometry":{"type":"Point","coordinates":[77.025319382041786,30.869528688917946]}},
{"type":"Feature","properties":{"Id":0,"area":2969.62,"category":"Natural","ORIG_FID":277,"category_1":"Natural"},"geometry":{"type":"Point","coordinates":[77.02948104664199,30.870566532555703]}},
{"type":"Feature","properties":{"Id":0,"area":1327.59,"category":"Natural","ORIG_FID":278,"category_1":"Natural"},"geometry":{"type":"Point","coordinates":[77.030736671011525,30.870183225161515]}},
{"type":"Feature","properties":{"Id":0,"area":1604.53,"category":"Natural","ORIG_FID":279,"category_1":"Natural"},"geometry":{"type":"Point","coordinates":[77.028475871902501,30.869326233431966]}},
{"type":"Feature","properties":{"Id":0,"area":1774.88,"category":"Natural","ORIG_FID":280,"category_1":"Natural"},"geometry":{"type":"Point","coordinates":[77.029670159502302,30.869572265613428]}},
{"type":"Feature","properties":{"Id":0,"area":1103.25,"category":"Natural","ORIG_FID":281,"category_1":"Natural"},"geometry":{"type":"Point","coordinates":[77.031610088019747,30.870629592972481]}},
{"type":"Feature","properties":{"Id":0,"area":3913.54,"category":"Natural","ORIG_FID":282,"category_1":"Natural"},"geometry":{"type":"Point","coordinates":[77.033037550481225,30.869809240377631]}},
{"type":"Feature","properties":{"Id":0,"area":707.026,"category":"Anthropogenic","ORIG_FID":283,"category_1":"Anthropogenic"},"geometry":{"type":"Point","coordinates":[77.029535989667295,30.86758149388119]}},
{"type":"Feature","properties":{"Id":0,"area":2349.22,"category":"Natural","ORIG_FID":284,"category_1":"Natural"},"geometry":{"type":"Point","coordinates":[77.030651887162676,30.868120571587703]}},
{"type":"Feature","properties":{"Id":0,"area":1998.12,"category":"Anthropogenic","ORIG_FID":285,"category_1":"Anthropogenic"},"geometry":{"type":"Point","coordinates":[77.033613670109361,30.86787287604238]}},
{"type":"Feature","properties":{"Id":0,"area":2338.68,"category":"Natural","ORIG_FID":286,"category_1":"Natural"},"geometry":{"type":"Point","coordinates":[77.034694944997156,30.867218788148104]}},
{"type":"Feature","properties":{"Id":0,"area":2155.59,"category":"Natural","ORIG_FID":287,"category_1":"Natural"},"geometry":{"type":"Point","coordinates":[77.022414748228499,30.869988780252012]}},
{"type":"Feature","properties":{"Id":0,"area":2611.19,"category":"Anthropogenic","ORIG_FID":288,"category_1":"Anthropogenic"},"geometry":{"type":"Point","coordinates":[77.026008335264663,30.878319570343688]}},
{"type":"Feature","properties":{"Id":0,"area":2549.36,"category":"Natural","ORIG_FID":289,"category_1":"Natural"},"geometry":{"type":"Point","coordinates":[77.021816092928077,30.872928982191151]}},
{"type":"Feature","properties":{"Id":0,"area":1491.76,"category":"Natural","ORIG_FID":290,"category_1":"Natural"},"geometry":{"type":"Point","coordinates":[77.021567505072071,30.873862328600495]}},
{"type":"Feature","properties":{"Id":0,"area":1694.54,"category":"Natural","ORIG_FID":291,"category_1":"Natural"},"geometry":{"type":"Point","coordinates":[77.021588166526101,30.871500328198337]}},
{"type":"Feature","properties":{"Id":0,"area":1261.51,"category":"Natural","ORIG_FID":292,"category_1":"Natural"},"geometry":{"type":"Point","coordinates":[77.020352944977773,30.871997946109211]}},
{"type":"Feature","properties":{"Id":0,"area":1387.48,"category":"Natural","ORIG_FID":293,"category_1":"Natural"},"geometry":{"type":"Point","coordinates":[77.02660506243673,30.880194908778577]}},
{"type":"Feature","properties":{"Id":0,"area":854.531,"category":"Anthropogenic","ORIG_FID":294,"category_1":"Anthropogenic"},"geometry":{"type":"Point","coordinates":[77.027586160768394,30.90302243503201]}},
{"type":"Feature","properties":{"Id":0,"area":1328.72,"category":"Natural","ORIG_FID":295,"category_1":"Natural"},"geometry":{"type":"Point","coordinates":[77.021924302808173,30.890224669523747]}},
{"type":"Feature","properties":{"Id":0,"area":493.656,"category":"Natural","ORIG_FID":296,"category_1":"Natural"},"geometry":{"type":"Point","coordinates":[77.038121093974851,30.890046125927164]}},
{"type":"Feature","properties":{"Id":0,"area":1805.6,"category":"Natural","ORIG_FID":297,"category_1":"Natural"},"geometry":{"type":"Point","coordinates":[77.03998393811753,30.88941776249986]}},
{"type":"Feature","properties":{"Id":0,"area":782.273,"category":"Anthropogenic","ORIG_FID":298,"category_1":"Anthropogenic"},"geometry":{"type":"Point","coordinates":[77.049440452587461,30.889624949139655]}},
{"type":"Feature","properties":{"Id":0,"area":1106.96,"category":"Anthropogenic","ORIG_FID":299,"category_1":"Anthropogenic"},"geometry":{"type":"Point","coordinates":[77.057938081606238,30.88526840589234]}},
{"type":"Feature","properties":{"Id":0,"area":940.248,"category":"Anthropogenic","ORIG_FID":300,"category_1":"Anthropogenic"},"geometry":{"type":"Point","coordinates":[77.056110355190654,30.891897976835185]}},
{"type":"Feature","properties":{"Id":0,"area":691.837,"category":"Anthropogenic","ORIG_FID":301,"category_1":"Anthropogenic"},"geometry":{"type":"Point","coordinates":[77.054010191598138,30.886524090671266]}},
{"type":"Feature","properties":{"Id":0,"area":844.749,"category":"Anthropogenic","ORIG_FID":302,"category_1":"Anthropogenic"},"geometry":{"type":"Point","coordinates":[77.062191629495999,30.885318865593774]}},
{"type":"Feature","properties":{"Id":0,"area":1511.31,"category":"Natural","ORIG_FID":303,"category_1":"Natural"},"geometry":{"type":"Point","coordinates":[77.063023455358532,30.886269841210868]}},
{"type":"Feature","properties":{"Id":0,"area":644.189,"category":"Anthropogenic","ORIG_FID":304,"category_1":"Anthropogenic"},"geometry":{"type":"Point","coordinates":[77.031535334304849,30.895882602758405]}},
{"type":"Feature","properties":{"Id":0,"area":306.31,"category":"Anthropogenic","ORIG_FID":305,"category_1":"Anthropogenic"},"geometry":{"type":"Point","coordinates":[77.041745753322417,30.891474700479499]}},
{"type":"Feature","properties":{"Id":0,"area":767.373,"category":"Anthropogenic","ORIG_FID":306,"category_1":"Anthropogenic"},"geometry":{"type":"Point","coordinates":[77.043010660310145,30.893577722085251]}},
{"type":"Feature","properties":{"Id":0,"area":701.633,"category":"Anthropogenic","ORIG_FID":307,"category_1":"Anthropogenic"},"geometry":{"type":"Point","coordinates":[77.068863480145239,30.886307109419111]}},
{"type":"Feature","properties":{"Id":0,"area":2923.53,"category":"Anthropogenic","ORIG_FID":308,"category_1":"Anthropogenic"},"geometry":{"type":"Point","coordinates":[77.064323711569074,30.883898435537823]}},
{"type":"Feature","properties":{"Id":0,"area":1882.75,"category":"Anthropogenic","ORIG_FID":309,"category_1":"Anthropogenic"},"geometry":{"type":"Point","coordinates":[77.08331504889685,30.878667080917467]}},
{"type":"Feature","properties":{"Id":0,"area":2893.86,"category":"Natural","ORIG_FID":310,"category_1":"Natural"},"geometry":{"type":"Point","coordinates":[77.083084194468228,30.874027449366853]}},
{"type":"Feature","properties":{"Id":0,"area":1863.09,"category":"Anthropogenic","ORIG_FID":311,"category_1":"Anthropogenic"},"geometry":{"type":"Point","coordinates":[77.081228169218662,30.875138719557121]}},
{"type":"Feature","properties":{"Id":0,"area":824.021,"category":"Anthropogenic","ORIG_FID":312,"category_1":"Anthropogenic"},"geometry":{"type":"Point","coordinates":[77.069816721741148,30.873818955156487]}},
{"type":"Feature","properties":{"Id":0,"area":1044.76,"category":"Anthropogenic","ORIG_FID":313,"category_1":"Anthropogenic"},"geometry":{"type":"Point","coordinates":[77.090758645807043,30.866369569378968]}},
{"type":"Feature","properties":{"Id":0,"area":963.648,"category":"Anthropogenic","ORIG_FID":314,"category_1":"Anthropogenic"},"geometry":{"type":"Point","coordinates":[77.102742179487123,30.86078668520847]}},
{"type":"Feature","properties":{"Id":0,"area":1440.81,"category":"Natural","ORIG_FID":315,"category_1":"Natural"},"geometry":{"type":"Point","coordinates":[77.101917961756286,30.883685223626152]}},
{"type":"Feature","properties":{"Id":0,"area":813.429,"category":"Natural","ORIG_FID":316,"category_1":"Natural"},"geometry":{"type":"Point","coordinates":[77.083038870345945,30.913991830756]}},
{"type":"Feature","properties":{"Id":0,"area":878.696,"category":"Anthropogenic","ORIG_FID":317,"category_1":"Anthropogenic"},"geometry":{"type":"Point","coordinates":[77.108124026664811,30.896196493610976]}},
{"type":"Feature","properties":{"Id":0,"area":1541.95,"category":"Natural","ORIG_FID":318,"category_1":"Natural"},"geometry":{"type":"Point","coordinates":[77.071251152185553,30.923452002670739]}},
{"type":"Feature","properties":{"Id":0,"area":2578.81,"category":"Anthropogenic","ORIG_FID":319,"category_1":"Anthropogenic"},"geometry":{"type":"Point","coordinates":[77.073109902604827,30.926457468265639]}},
{"type":"Feature","properties":{"Id":0,"area":421.31,"category":"Anthropogenic","ORIG_FID":320,"category_1":"Anthropogenic"},"geometry":{"type":"Point","coordinates":[77.107829014882739,30.913415335574697]}},
{"type":"Feature","properties":{"Id":0,"area":975.987,"category":"Anthropogenic","ORIG_FID":321,"category_1":"Anthropogenic"},"geometry":{"type":"Point","coordinates":[77.12466237750904,30.916864291740204]}},
{"type":"Feature","properties":{"Id":0,"area":298.572,"category":"Anthropogenic","ORIG_FID":322,"category_1":"Anthropogenic"},"geometry":{"type":"Point","coordinates":[77.124988196395279,30.91721216266658]}},
{"type":"Feature","properties":{"Id":0,"area":861.2,"category":"Anthropogenic","ORIG_FID":323,"category_1":"Anthropogenic"},"geometry":{"type":"Point","coordinates":[77.121620355178038,30.917620246998304]}},
{"type":"Feature","properties":{"Id":0,"area":623.632,"category":"Natural","ORIG_FID":324,"category_1":"Natural"},"geometry":{"type":"Point","coordinates":[77.115540598401424,30.922256382061683]}},
{"type":"Feature","properties":{"Id":0,"area":1301.53,"category":"Anthropogenic","ORIG_FID":325,"category_1":"Anthropogenic"},"geometry":{"type":"Point","coordinates":[77.115881774100501,30.920985257729008]}},
{"type":"Feature","properties":{"Id":0,"area":357.189,"category":"Natural","ORIG_FID":326,"category_1":"Natural"},"geometry":{"type":"Point","coordinates":[77.117404831806738,30.921010812804333]}},
{"type":"Feature","properties":{"Id":0,"area":410.959,"category":"Natural","ORIG_FID":327,"category_1":"Natural"},"geometry":{"type":"Point","coordinates":[77.117722376673612,30.92116127150814]}},
{"type":"Feature","properties":{"Id":0,"area":1084.07,"category":"Natural","ORIG_FID":328,"category_1":"Natural"},"geometry":{"type":"Point","coordinates":[77.11950982408932,30.919755529493397]}},
{"type":"Feature","properties":{"Id":0,"area":1386.52,"category":"Natural","ORIG_FID":329,"category_1":"Natural"},"geometry":{"type":"Point","coordinates":[77.120218774419612,30.920181633602734]}},
{"type":"Feature","properties":{"Id":0,"area":1333.72,"category":"Natural","ORIG_FID":330,"category_1":"Natural"},"geometry":{"type":"Point","coordinates":[77.121253867977885,30.919991025759821]}},
{"type":"Feature","properties":{"Id":0,"area":1738.44,"category":"Natural","ORIG_FID":331,"category_1":"Natural"},"geometry":{"type":"Point","coordinates":[77.121676987229804,30.920055848401358]}},
{"type":"Feature","properties":{"Id":0,"area":1589.14,"category":"Natural","ORIG_FID":332,"category_1":"Natural"},"geometry":{"type":"Point","coordinates":[77.12239176856319,30.919592448843019]}},
{"type":"Feature","properties":{"Id":0,"area":739.833,"category":"Natural","ORIG_FID":333,"category_1":"Natural"},"geometry":{"type":"Point","coordinates":[77.122247607263077,30.920171891429504]}},
{"type":"Feature","properties":{"Id":0,"area":965.972,"category":"Anthropogenic","ORIG_FID":334,"category_1":"Anthropogenic"},"geometry":{"type":"Point","coordinates":[77.123519486232198,30.919036476517281]}},
{"type":"Feature","properties":{"Id":0,"area":325.513,"category":"Natural","ORIG_FID":335,"category_1":"Natural"},"geometry":{"type":"Point","coordinates":[77.122876888868518,30.918353459109404]}},
{"type":"Feature","properties":{"Id":0,"area":601.6,"category":"Natural","ORIG_FID":336,"category_1":"Natural"},"geometry":{"type":"Point","coordinates":[77.123371137448501,30.91445586080706]}},
{"type":"Feature","properties":{"Id":0,"area":1198.86,"category":"Natural","ORIG_FID":337,"category_1":"Natural"},"geometry":{"type":"Point","coordinates":[77.120625559557567,30.915331863615918]}},
{"type":"Feature","properties":{"Id":0,"area":1629.41,"category":"Natural","ORIG_FID":338,"category_1":"Natural"},"geometry":{"type":"Point","coordinates":[77.121587359805176,30.915625081274278]}},
{"type":"Feature","properties":{"Id":0,"area":3520.62,"category":"Natural","ORIG_FID":339,"category_1":"Natural"},"geometry":{"type":"Point","coordinates":[77.122167544232525,30.916175025442115]}},
{"type":"Feature","properties":{"Id":0,"area":450.828,"category":"Natural","ORIG_FID":340,"category_1":"Natural"},"geometry":{"type":"Point","coordinates":[77.122795386935806,30.917047136561436]}},
{"type":"Feature","properties":{"Id":0,"area":1288.71,"category":"Natural","ORIG_FID":341,"category_1":"Natural"},"geometry":{"type":"Point","coordinates":[77.140198432721135,30.925725611062798]}},
{"type":"Feature","properties":{"Id":0,"area":1329.22,"category":"Natural","ORIG_FID":342,"category_1":"Natural"},"geometry":{"type":"Point","coordinates":[77.141023407875295,30.925951914873099]}},
{"type":"Feature","properties":{"Id":0,"area":604.639,"category":"Anthropogenic","ORIG_FID":343,"category_1":"Anthropogenic"},"geometry":{"type":"Point","coordinates":[77.133628878893532,30.923788993158727]}},
{"type":"Feature","properties":{"Id":0,"area":726.51,"category":"Anthropogenic","ORIG_FID":344,"category_1":"Anthropogenic"},"geometry":{"type":"Point","coordinates":[77.13239392624952,30.923076552724584]}},
{"type":"Feature","properties":{"Id":0,"area":351.44,"category":"Anthropogenic","ORIG_FID":345,"category_1":"Anthropogenic"},"geometry":{"type":"Point","coordinates":[77.132803071328411,30.923266732559206]}},
{"type":"Feature","properties":{"Id":0,"area":367.384,"category":"Anthropogenic","ORIG_FID":346,"category_1":"Anthropogenic"},"geometry":{"type":"Point","coordinates":[77.132676017172926,30.922383518043148]}},
{"type":"Feature","properties":{"Id":0,"area":700.563,"category":"Anthropogenic","ORIG_FID":347,"category_1":"Anthropogenic"},"geometry":{"type":"Point","coordinates":[77.133489398849662,30.925327789453391]}},
{"type":"Feature","properties":{"Id":0,"area":470.626,"category":"Anthropogenic","ORIG_FID":348,"category_1":"Anthropogenic"},"geometry":{"type":"Point","coordinates":[77.134571319894306,30.92416463475158]}},
{"type":"Feature","properties":{"Id":0,"area":341.483,"category":"Anthropogenic","ORIG_FID":349,"category_1":"Anthropogenic"},"geometry":{"type":"Point","coordinates":[77.125317148860717,30.921116987774393]}},
{"type":"Feature","properties":{"Id":0,"area":571.164,"category":"Anthropogenic","ORIG_FID":350,"category_1":"Anthropogenic"},"geometry":{"type":"Point","coordinates":[77.129796533882541,30.92150053420109]}},
{"type":"Feature","properties":{"Id":0,"area":379.761,"category":"Anthropogenic","ORIG_FID":351,"category_1":"Anthropogenic"},"geometry":{"type":"Point","coordinates":[77.130373288102703,30.922266853241521]}},
{"type":"Feature","properties":{"Id":0,"area":90.9548,"category":"Anthropogenic","ORIG_FID":352,"category_1":"Anthropogenic"},"geometry":{"type":"Point","coordinates":[77.13266653214302,30.922764107620718]}},
{"type":"Feature","properties":{"Id":0,"area":608.168,"category":"Natural","ORIG_FID":353,"category_1":"Natural"},"geometry":{"type":"Point","coordinates":[77.132234040604644,30.920701360837889]}},
{"type":"Feature","properties":{"Id":0,"area":386.359,"category":"Natural","ORIG_FID":354,"category_1":"Natural"},"geometry":{"type":"Point","coordinates":[77.132387202671083,30.92120912972171]}},
{"type":"Feature","properties":{"Id":0,"area":510.839,"category":"Anthropogenic","ORIG_FID":355,"category_1":"Anthropogenic"},"geometry":{"type":"Point","coordinates":[77.124963845451873,30.917886372609594]}},
{"type":"Feature","properties":{"Id":0,"area":1892.46,"category":"Anthropogenic","ORIG_FID":356,"category_1":"Anthropogenic"},"geometry":{"type":"Point","coordinates":[77.112028397212171,30.92256746103681]}},
{"type":"Feature","properties":{"Id":0,"area":3833.45,"category":"Anthropogenic","ORIG_FID":357,"category_1":"Anthropogenic"},"geometry":{"type":"Point","coordinates":[77.111122002795881,30.922808717240034]}},
{"type":"Feature","properties":{"Id":0,"area":410.024,"category":"Natural","ORIG_FID":358,"category_1":"Natural"},"geometry":{"type":"Point","coordinates":[77.110722588130102,30.92609943708716]}},
{"type":"Feature","properties":{"Id":0,"area":368.63,"category":"Anthropogenic","ORIG_FID":359,"category_1":"Anthropogenic"},"geometry":{"type":"Point","coordinates":[77.111720850359134,30.918288183976784]}},
{"type":"Feature","properties":{"Id":0,"area":517.745,"category":"Anthropogenic","ORIG_FID":360,"category_1":"Anthropogenic"},"geometry":{"type":"Point","coordinates":[77.113369451470049,30.92862472520136]}},
{"type":"Feature","properties":{"Id":0,"area":754.579,"category":"Natural","ORIG_FID":361,"category_1":"Natural"},"geometry":{"type":"Point","coordinates":[77.101986829403799,30.928206466904292]}},
{"type":"Feature","properties":{"Id":0,"area":885.303,"category":"Anthropogenic","ORIG_FID":362,"category_1":"Anthropogenic"},"geometry":{"type":"Point","coordinates":[77.115652207228052,30.920347041623984]}},
{"type":"Feature","properties":{"Id":0,"area":299.226,"category":"Anthropogenic","ORIG_FID":363,"category_1":"Anthropogenic"},"geometry":{"type":"Point","coordinates":[77.115312481379789,30.918297365718548]}},
{"type":"Feature","properties":{"Id":0,"area":465.431,"category":"Anthropogenic","ORIG_FID":364,"category_1":"Anthropogenic"},"geometry":{"type":"Point","coordinates":[77.118403748473114,30.921927081440053]}},
{"type":"Feature","properties":{"Id":0,"area":121.814,"category":"Natural","ORIG_FID":365,"category_1":"Natural"},"geometry":{"type":"Point","coordinates":[77.112108221748585,30.928253036496212]}},
{"type":"Feature","properties":{"Id":0,"area":575.725,"category":"Anthropogenic","ORIG_FID":366,"category_1":"Anthropogenic"},"geometry":{"type":"Point","coordinates":[77.12055098605147,30.925800468102697]}},
{"type":"Feature","properties":{"Id":0,"area":945.661,"category":"Anthropogenic","ORIG_FID":367,"category_1":"Anthropogenic"},"geometry":{"type":"Point","coordinates":[77.123911087236394,30.927984970299619]}},
{"type":"Feature","properties":{"Id":0,"area":553.51,"category":"Anthropogenic","ORIG_FID":368,"category_1":"Anthropogenic"},"geometry":{"type":"Point","coordinates":[77.128186240839995,30.928572932139026]}},
{"type":"Feature","properties":{"Id":0,"area":322.594,"category":"Anthropogenic","ORIG_FID":369,"category_1":"Anthropogenic"},"geometry":{"type":"Point","coordinates":[77.130305815991449,30.930764193826636]}},
{"type":"Feature","properties":{"Id":0,"area":849.141,"category":"Natural","ORIG_FID":370,"category_1":"Natural"},"geometry":{"type":"Point","coordinates":[77.138026397336745,30.925525656737175]}},
{"type":"Feature","properties":{"Id":0,"area":333.807,"category":"Natural","ORIG_FID":371,"category_1":"Natural"},"geometry":{"type":"Point","coordinates":[77.138522964333063,30.925185966988934]}},
{"type":"Feature","properties":{"Id":0,"area":1353.7,"category":"Anthropogenic","ORIG_FID":372,"category_1":"Anthropogenic"},"geometry":{"type":"Point","coordinates":[77.143875753270933,30.935030553432934]}},
{"type":"Feature","properties":{"Id":0,"area":2648.38,"category":"Anthropogenic","ORIG_FID":373,"category_1":"Anthropogenic"},"geometry":{"type":"Point","coordinates":[77.140627611549718,30.937400035106585]}},
{"type":"Feature","properties":{"Id":0,"area":901.836,"category":"Anthropogenic","ORIG_FID":374,"category_1":"Anthropogenic"},"geometry":{"type":"Point","coordinates":[77.132866210515715,30.937362628056288]}},
{"type":"Feature","properties":{"Id":0,"area":1585.95,"category":"Anthropogenic","ORIG_FID":375,"category_1":"Anthropogenic"},"geometry":{"type":"Point","coordinates":[77.139816967307155,30.939837484817499]}},
{"type":"Feature","properties":{"Id":0,"area":515.751,"category":"Anthropogenic","ORIG_FID":376,"category_1":"Anthropogenic"},"geometry":{"type":"Point","coordinates":[77.130043941640281,30.93141695694403]}},
{"type":"Feature","properties":{"Id":0,"area":456.904,"category":"Anthropogenic","ORIG_FID":377,"category_1":"Anthropogenic"},"geometry":{"type":"Point","coordinates":[77.139805836330808,30.928241316924463]}},
{"type":"Feature","properties":{"Id":0,"area":554.662,"category":"Anthropogenic","ORIG_FID":378,"category_1":"Anthropogenic"},"geometry":{"type":"Point","coordinates":[77.139714969991132,30.927589045150945]}},
{"type":"Feature","properties":{"Id":0,"area":283.542,"category":"Anthropogenic","ORIG_FID":379,"category_1":"Anthropogenic"},"geometry":{"type":"Point","coordinates":[77.139264363165552,30.927468204106752]}},
{"type":"Feature","properties":{"Id":0,"area":150.412,"category":"Anthropogenic","ORIG_FID":380,"category_1":"Anthropogenic"},"geometry":{"type":"Point","coordinates":[77.139465702189568,30.927628181989693]}},
{"type":"Feature","properties":{"Id":0,"area":451.722,"category":"Natural","ORIG_FID":381,"category_1":"Natural"},"geometry":{"type":"Point","coordinates":[77.144267354370911,30.933283764192172]}},
{"type":"Feature","properties":{"Id":0,"area":338.911,"category":"Natural","ORIG_FID":382,"category_1":"Natural"},"geometry":{"type":"Point","coordinates":[77.144727560386514,30.933509531842105]}},
{"type":"Feature","properties":{"Id":0,"area":1333.41,"category":"Natural","ORIG_FID":383,"category_1":"Natural"},"geometry":{"type":"Point","coordinates":[77.137519683145797,30.948563506631594]}},
{"type":"Feature","properties":{"Id":0,"area":842.418,"category":"Natural","ORIG_FID":384,"category_1":"Natural"},"geometry":{"type":"Point","coordinates":[77.151163913974173,30.940934084013087]}},
{"type":"Feature","properties":{"Id":0,"area":1700.85,"category":"Natural","ORIG_FID":385,"category_1":"Natural"},"geometry":{"type":"Point","coordinates":[77.131709017524244,30.956661680658662]}},
{"type":"Feature","properties":{"Id":0,"area":440.598,"category":"Anthropogenic","ORIG_FID":386,"category_1":"Anthropogenic"},"geometry":{"type":"Point","coordinates":[77.130121716794562,30.950349344395566]}},
{"type":"Feature","properties":{"Id":0,"area":573.532,"category":"Natural","ORIG_FID":387,"category_1":"Natural"},"geometry":{"type":"Point","coordinates":[77.128921506712118,30.952359770051803]}},
{"type":"Feature","properties":{"Id":0,"area":473.903,"category":"Natural","ORIG_FID":388,"category_1":"Natural"},"geometry":{"type":"Point","coordinates":[77.115886763508925,30.959596891186962]}},
{"type":"Feature","properties":{"Id":0,"area":1071.08,"category":"Natural","ORIG_FID":389,"category_1":"Natural"},"geometry":{"type":"Point","coordinates":[77.113617494174719,30.964984325967531]}},
{"type":"Feature","properties":{"Id":0,"area":451.403,"category":"Anthropogenic","ORIG_FID":390,"category_1":"Anthropogenic"},"geometry":{"type":"Point","coordinates":[77.11494049133583,30.96057903432861]}},
{"type":"Feature","properties":{"Id":0,"area":300.061,"category":"Anthropogenic","ORIG_FID":391,"category_1":"Anthropogenic"},"geometry":{"type":"Point","coordinates":[77.114630045337719,30.960177478011442]}},
{"type":"Feature","properties":{"Id":0,"area":338.219,"category":"Anthropogenic","ORIG_FID":392,"category_1":"Anthropogenic"},"geometry":{"type":"Point","coordinates":[77.107010893030434,30.96499264860697]}},
{"type":"Feature","properties":{"Id":0,"area":635.924,"category":"Anthropogenic","ORIG_FID":393,"category_1":"Anthropogenic"},"geometry":{"type":"Point","coordinates":[77.102778674615678,30.968351025945612]}},
{"type":"Feature","properties":{"Id":0,"area":694.192,"category":"Natural","ORIG_FID":394,"category_1":"Natural"},"geometry":{"type":"Point","coordinates":[77.096055790391233,30.972568707622411]}},
{"type":"Feature","properties":{"Id":0,"area":828.663,"category":"Anthropogenic","ORIG_FID":395,"category_1":"Anthropogenic"},"geometry":{"type":"Point","coordinates":[77.099874928505045,30.973064428563948]}},
{"type":"Feature","properties":{"Id":0,"area":834.514,"category":"Anthropogenic","ORIG_FID":396,"category_1":"Anthropogenic"},"geometry":{"type":"Point","coordinates":[77.115430127807159,30.967064401538451]}},
{"type":"Feature","properties":{"Id":0,"area":315.276,"category":"Anthropogenic","ORIG_FID":397,"category_1":"Anthropogenic"},"geometry":{"type":"Point","coordinates":[77.118750344046617,30.9657934646409]}},
{"type":"Feature","properties":{"Id":0,"area":425.648,"category":"Natural","ORIG_FID":398,"category_1":"Natural"},"geometry":{"type":"Point","coordinates":[77.115679948527202,30.965191013223016]}},
{"type":"Feature","properties":{"Id":0,"area":367.598,"category":"Natural","ORIG_FID":399,"category_1":"Natural"},"geometry":{"type":"Point","coordinates":[77.098538929743555,30.975571613959122]}},
{"type":"Feature","properties":{"Id":0,"area":720.184,"category":"Anthropogenic","ORIG_FID":400,"category_1":"Anthropogenic"},"geometry":{"type":"Point","coordinates":[77.098823385649624,30.97806783507821]}},
{"type":"Feature","properties":{"Id":0,"area":323.865,"category":"Natural","ORIG_FID":401,"category_1":"Natural"},"geometry":{"type":"Point","coordinates":[77.099366761320056,30.978775144416371]}},
{"type":"Feature","properties":{"Id":0,"area":384.318,"category":"Anthropogenic","ORIG_FID":402,"category_1":"Anthropogenic"},"geometry":{"type":"Point","coordinates":[77.099533844407986,30.979106976582045]}},
{"type":"Feature","properties":{"Id":0,"area":680.832,"category":"Natural","ORIG_FID":403,"category_1":"Natural"},"geometry":{"type":"Point","coordinates":[77.089771110882467,30.978424080832884]}},
{"type":"Feature","properties":{"Id":0,"area":326.257,"category":"Natural","ORIG_FID":404,"category_1":"Natural"},"geometry":{"type":"Point","coordinates":[77.09130820690396,30.979927887213449]}},
{"type":"Feature","properties":{"Id":0,"area":320.014,"category":"Anthropogenic","ORIG_FID":405,"category_1":"Anthropogenic"},"geometry":{"type":"Point","coordinates":[77.090611263912521,30.981718417453202]}},
{"type":"Feature","properties":{"Id":0,"area":581.291,"category":"Anthropogenic","ORIG_FID":406,"category_1":"Anthropogenic"},"geometry":{"type":"Point","coordinates":[77.103332944860341,30.986838456683166]}},
{"type":"Feature","properties":{"Id":0,"area":309.92,"category":"Anthropogenic","ORIG_FID":407,"category_1":"Anthropogenic"},"geometry":{"type":"Point","coordinates":[77.092019320452565,30.987614301571096]}},
{"type":"Feature","properties":{"Id":0,"area":367.938,"category":"Anthropogenic","ORIG_FID":408,"category_1":"Anthropogenic"},"geometry":{"type":"Point","coordinates":[77.092588769199821,30.988003684990403]}},
{"type":"Feature","properties":{"Id":0,"area":292.239,"category":"Anthropogenic","ORIG_FID":409,"category_1":"Anthropogenic"},"geometry":{"type":"Point","coordinates":[77.08675100331044,30.993914099617935]}},
{"type":"Feature","properties":{"Id":0,"area":523.333,"category":"Anthropogenic","ORIG_FID":410,"category_1":"Anthropogenic"},"geometry":{"type":"Point","coordinates":[77.086190753988575,31.002704541112326]}},
{"type":"Feature","properties":{"Id":0,"area":694.481,"category":"Anthropogenic","ORIG_FID":411,"category_1":"Anthropogenic"},"geometry":{"type":"Point","coordinates":[77.068582327796662,31.005208948935952]}},
{"type":"Feature","properties":{"Id":0,"area":392.564,"category":"Anthropogenic","ORIG_FID":412,"category_1":"Anthropogenic"},"geometry":{"type":"Point","coordinates":[77.06952124656641,31.006273005955247]}},
{"type":"Feature","properties":{"Id":0,"area":396.074,"category":"Anthropogenic","ORIG_FID":413,"category_1":"Anthropogenic"},"geometry":{"type":"Point","coordinates":[77.069955767107501,31.005697263762737]}},
{"type":"Feature","properties":{"Id":0,"area":291.387,"category":"Anthropogenic","ORIG_FID":414,"category_1":"Anthropogenic"},"geometry":{"type":"Point","coordinates":[77.063936838792074,31.005990912843188]}},
{"type":"Feature","properties":{"Id":0,"area":450.515,"category":"Anthropogenic","ORIG_FID":415,"category_1":"Anthropogenic"},"geometry":{"type":"Point","coordinates":[77.05602245692792,31.004347620832689]}},
{"type":"Feature","properties":{"Id":0,"area":507.714,"category":"Anthropogenic","ORIG_FID":416,"category_1":"Anthropogenic"},"geometry":{"type":"Point","coordinates":[77.0556316748374,31.00423440007701]}},
{"type":"Feature","properties":{"Id":0,"area":506.152,"category":"Natural","ORIG_FID":417,"category_1":"Natural"},"geometry":{"type":"Point","coordinates":[77.057864877502411,31.005104909030933]}},
{"type":"Feature","properties":{"Id":0,"area":313.71,"category":"Natural","ORIG_FID":418,"category_1":"Natural"},"geometry":{"type":"Point","coordinates":[77.047927209825502,30.998569683748556]}},
{"type":"Feature","properties":{"Id":0,"area":379.425,"category":"Anthropogenic","ORIG_FID":419,"category_1":"Anthropogenic"},"geometry":{"type":"Point","coordinates":[77.047907065035304,30.998863953012723]}},
{"type":"Feature","properties":{"Id":0,"area":1300.04,"category":"Natural","ORIG_FID":420,"category_1":"Natural"},"geometry":{"type":"Point","coordinates":[77.05093308102893,30.995810622285799]}},
{"type":"Feature","properties":{"Id":0,"area":2974.61,"category":"Natural","ORIG_FID":421,"category_1":"Natural"},"geometry":{"type":"Point","coordinates":[77.124262756435385,31.001480284876035]}},
{"type":"Feature","properties":{"Id":0,"area":569.865,"category":"Anthropogenic","ORIG_FID":422,"category_1":"Anthropogenic"},"geometry":{"type":"Point","coordinates":[77.141134361738565,31.005950226557999]}},
{"type":"Feature","properties":{"Id":0,"area":1327.62,"category":"Natural","ORIG_FID":423,"category_1":"Natural"},"geometry":{"type":"Point","coordinates":[77.107387582806609,31.013777387288226]}},
{"type":"Feature","properties":{"Id":0,"area":289.217,"category":"Natural","ORIG_FID":424,"category_1":"Natural"},"geometry":{"type":"Point","coordinates":[77.107806985155079,31.013835066846262]}},
{"type":"Feature","properties":{"Id":0,"area":341.733,"category":"Natural","ORIG_FID":425,"category_1":"Natural"},"geometry":{"type":"Point","coordinates":[77.10821206644853,31.014992117156218]}},
{"type":"Feature","properties":{"Id":0,"area":438.402,"category":"Anthropogenic","ORIG_FID":426,"category_1":"Anthropogenic"},"geometry":{"type":"Point","coordinates":[77.107855592097494,31.016015583223499]}},
{"type":"Feature","properties":{"Id":0,"area":1827.78,"category":"Anthropogenic","ORIG_FID":427,"category_1":"Anthropogenic"},"geometry":{"type":"Point","coordinates":[77.106062111028535,31.01692703687316]}},
{"type":"Feature","properties":{"Id":0,"area":918.758,"category":"Anthropogenic","ORIG_FID":428,"category_1":"Anthropogenic"},"geometry":{"type":"Point","coordinates":[77.106651194018241,31.017254639027652]}},
{"type":"Feature","properties":{"Id":0,"area":603.252,"category":"Anthropogenic","ORIG_FID":429,"category_1":"Anthropogenic"},"geometry":{"type":"Point","coordinates":[77.108772606803086,31.019236576720228]}},
{"type":"Feature","properties":{"Id":0,"area":442.889,"category":"Anthropogenic","ORIG_FID":430,"category_1":"Anthropogenic"},"geometry":{"type":"Point","coordinates":[77.106671895244375,31.017993232216902]}},
{"type":"Feature","properties":{"Id":0,"area":997.183,"category":"Anthropogenic","ORIG_FID":431,"category_1":"Anthropogenic"},"geometry":{"type":"Point","coordinates":[77.109059249417768,31.010847335953734]}},
{"type":"Feature","properties":{"Id":0,"area":356.101,"category":"Anthropogenic","ORIG_FID":432,"category_1":"Anthropogenic"},"geometry":{"type":"Point","coordinates":[77.106181840574351,31.020338820955821]}},
{"type":"Feature","properties":{"Id":0,"area":358.771,"category":"Natural","ORIG_FID":433,"category_1":"Natural"},"geometry":{"type":"Point","coordinates":[77.108150213672644,31.011726599340275]}},
{"type":"Feature","properties":{"Id":0,"area":256.03,"category":"Anthropogenic","ORIG_FID":434,"category_1":"Anthropogenic"},"geometry":{"type":"Point","coordinates":[77.113652429574856,31.015189825014886]}},
{"type":"Feature","properties":{"Id":0,"area":278.962,"category":"Anthropogenic","ORIG_FID":435,"category_1":"Anthropogenic"},"geometry":{"type":"Point","coordinates":[77.113500808244922,31.01543077116688]}},
{"type":"Feature","properties":{"Id":0,"area":282.467,"category":"Anthropogenic","ORIG_FID":436,"category_1":"Anthropogenic"},"geometry":{"type":"Point","coordinates":[77.113699634261565,31.016226620460234]}},
{"type":"Feature","properties":{"Id":0,"area":2181.41,"category":"Anthropogenic","ORIG_FID":437,"category_1":"Anthropogenic"},"geometry":{"type":"Point","coordinates":[77.069318298866492,31.029361030247994]}},
{"type":"Feature","properties":{"Id":0,"area":305.463,"category":"Anthropogenic","ORIG_FID":438,"category_1":"Anthropogenic"},"geometry":{"type":"Point","coordinates":[77.069957648365246,31.029894225935152]}},
{"type":"Feature","properties":{"Id":0,"area":1667.36,"category":"Anthropogenic","ORIG_FID":439,"category_1":"Anthropogenic"},"geometry":{"type":"Point","coordinates":[77.070216135536413,31.028884389400289]}},
{"type":"Feature","properties":{"Id":0,"area":364.94,"category":"Natural","ORIG_FID":440,"category_1":"Natural"},"geometry":{"type":"Point","coordinates":[77.072899885745684,31.026075204558524]}},
{"type":"Feature","properties":{"Id":0,"area":750.368,"category":"Anthropogenic","ORIG_FID":441,"category_1":"Anthropogenic"},"geometry":{"type":"Point","coordinates":[77.063788114121678,31.032929629849665]}},
{"type":"Feature","properties":{"Id":0,"area":241.069,"category":"Anthropogenic","ORIG_FID":442,"category_1":"Anthropogenic"},"geometry":{"type":"Point","coordinates":[77.063122227014716,31.033120448799018]}},
{"type":"Feature","properties":{"Id":0,"area":161.087,"category":"Anthropogenic","ORIG_FID":443,"category_1":"Anthropogenic"},"geometry":{"type":"Point","coordinates":[77.063486584625878,31.033157879239827]}},
{"type":"Feature","properties":{"Id":0,"area":308.69,"category":"Anthropogenic","ORIG_FID":444,"category_1":"Anthropogenic"},"geometry":{"type":"Point","coordinates":[77.064435268002512,31.032404362533214]}},
{"type":"Feature","properties":{"Id":0,"area":134.864,"category":"Anthropogenic","ORIG_FID":445,"category_1":"Anthropogenic"},"geometry":{"type":"Point","coordinates":[77.061488313885377,31.032387617131679]}},
{"type":"Feature","properties":{"Id":0,"area":159.214,"category":"Anthropogenic","ORIG_FID":446,"category_1":"Anthropogenic"},"geometry":{"type":"Point","coordinates":[77.061622401572151,31.032948063782641]}},
{"type":"Feature","properties":{"Id":0,"area":300.821,"category":"Anthropogenic","ORIG_FID":447,"category_1":"Anthropogenic"},"geometry":{"type":"Point","coordinates":[77.062178981378693,31.032908862330721]}},
{"type":"Feature","properties":{"Id":0,"area":332.851,"category":"Anthropogenic","ORIG_FID":448,"category_1":"Anthropogenic"},"geometry":{"type":"Point","coordinates":[77.062409756854962,31.032940770983505]}},
{"type":"Feature","properties":{"Id":0,"area":379.537,"category":"Anthropogenic","ORIG_FID":449,"category_1":"Anthropogenic"},"geometry":{"type":"Point","coordinates":[77.061487210879406,31.032783182123545]}},
{"type":"Feature","properties":{"Id":0,"area":591.243,"category":"Natural","ORIG_FID":450,"category_1":"Natural"},"geometry":{"type":"Point","coordinates":[77.071871365294484,31.033687902025054]}},
{"type":"Feature","properties":{"Id":0,"area":238.329,"category":"Anthropogenic","ORIG_FID":451,"category_1":"Anthropogenic"},"geometry":{"type":"Point","coordinates":[77.071033237267969,31.029575578720234]}},
{"type":"Feature","properties":{"Id":0,"area":963.721,"category":"Natural","ORIG_FID":452,"category_1":"Natural"},"geometry":{"type":"Point","coordinates":[77.052065754020902,31.042524382899952]}},
{"type":"Feature","properties":{"Id":0,"area":587.801,"category":"Anthropogenic","ORIG_FID":453,"category_1":"Anthropogenic"},"geometry":{"type":"Point","coordinates":[77.045697427742283,31.045422937391205]}},
{"type":"Feature","properties":{"Id":0,"area":422.393,"category":"Anthropogenic","ORIG_FID":454,"category_1":"Anthropogenic"},"geometry":{"type":"Point","coordinates":[77.046053050431894,31.045344843023184]}},
{"type":"Feature","properties":{"Id":0,"area":2007.43,"category":"Anthropogenic","ORIG_FID":455,"category_1":"Anthropogenic"},"geometry":{"type":"Point","coordinates":[77.045122181698275,31.045785806191514]}},
{"type":"Feature","properties":{"Id":0,"area":479.921,"category":"Anthropogenic","ORIG_FID":456,"category_1":"Anthropogenic"},"geometry":{"type":"Point","coordinates":[77.04481169411325,31.046167230452323]}},
{"type":"Feature","properties":{"Id":0,"area":420.477,"category":"Natural","ORIG_FID":457,"category_1":"Natural"},"geometry":{"type":"Point","coordinates":[77.050407754222306,31.045201852800272]}},
{"type":"Feature","properties":{"Id":0,"area":231.096,"category":"Natural","ORIG_FID":458,"category_1":"Natural"},"geometry":{"type":"Point","coordinates":[77.051545555701622,31.044664253191037]}},
{"type":"Feature","properties":{"Id":0,"area":199.448,"category":"Anthropogenic","ORIG_FID":459,"category_1":"Anthropogenic"},"geometry":{"type":"Point","coordinates":[77.045484912702364,31.046214125622857]}},
{"type":"Feature","properties":{"Id":0,"area":308.76,"category":"Anthropogenic","ORIG_FID":460,"category_1":"Anthropogenic"},"geometry":{"type":"Point","coordinates":[77.045079660895141,31.046500220978171]}},
{"type":"Feature","properties":{"Id":0,"area":156.194,"category":"Anthropogenic","ORIG_FID":461,"category_1":"Anthropogenic"},"geometry":{"type":"Point","coordinates":[77.046997410447531,31.04577141845725]}},
{"type":"Feature","properties":{"Id":0,"area":521.211,"category":"Anthropogenic","ORIG_FID":462,"category_1":"Anthropogenic"},"geometry":{"type":"Point","coordinates":[77.047246070843997,31.045496802020885]}},
{"type":"Feature","properties":{"Id":0,"area":397.8,"category":"Natural","ORIG_FID":463,"category_1":"Natural"},"geometry":{"type":"Point","coordinates":[77.053505154706883,31.043667189522242]}},
{"type":"Feature","properties":{"Id":0,"area":643.517,"category":"Natural","ORIG_FID":464,"category_1":"Natural"},"geometry":{"type":"Point","coordinates":[77.054502353635215,31.044625449431766]}},
{"type":"Feature","properties":{"Id":0,"area":220.25,"category":"Natural","ORIG_FID":465,"category_1":"Natural"},"geometry":{"type":"Point","coordinates":[77.053926465972992,31.044004613412419]}},
{"type":"Feature","properties":{"Id":0,"area":503.996,"category":"Natural","ORIG_FID":466,"category_1":"Natural"},"geometry":{"type":"Point","coordinates":[77.057189043360026,31.043386702078642]}},
{"type":"Feature","properties":{"Id":0,"area":500.571,"category":"Natural","ORIG_FID":467,"category_1":"Natural"},"geometry":{"type":"Point","coordinates":[77.053184388600584,31.040506325996613]}},
{"type":"Feature","properties":{"Id":0,"area":682.877,"category":"Natural","ORIG_FID":468,"category_1":"Natural"},"geometry":{"type":"Point","coordinates":[77.052612095284786,31.040244761055796]}},
{"type":"Feature","properties":{"Id":0,"area":385.079,"category":"Natural","ORIG_FID":469,"category_1":"Natural"},"geometry":{"type":"Point","coordinates":[77.05215751377645,31.040071233953853]}},
{"type":"Feature","properties":{"Id":0,"area":306.413,"category":"Natural","ORIG_FID":470,"category_1":"Natural"},"geometry":{"type":"Point","coordinates":[77.051937597899823,31.040569384201763]}},
{"type":"Feature","properties":{"Id":0,"area":427.593,"category":"Anthropogenic","ORIG_FID":471,"category_1":"Anthropogenic"},"geometry":{"type":"Point","coordinates":[77.05567527539327,31.040796466608487]}},
{"type":"Feature","properties":{"Id":0,"area":182.611,"category":"Anthropogenic","ORIG_FID":472,"category_1":"Anthropogenic"},"geometry":{"type":"Point","coordinates":[77.055508626192136,31.04113971144174]}},
{"type":"Feature","properties":{"Id":0,"area":449.698,"category":"Anthropogenic","ORIG_FID":473,"category_1":"Anthropogenic"},"geometry":{"type":"Point","coordinates":[77.055702154955085,31.039793095661071]}},
{"type":"Feature","properties":{"Id":0,"area":652.734,"category":"Anthropogenic","ORIG_FID":474,"category_1":"Anthropogenic"},"geometry":{"type":"Point","coordinates":[77.056216666612286,31.038874036647368]}},
{"type":"Feature","properties":{"Id":0,"area":117.621,"category":"Natural","ORIG_FID":475,"category_1":"Natural"},"geometry":{"type":"Point","coordinates":[77.052975633464115,31.04024306035295]}},
{"type":"Feature","properties":{"Id":0,"area":134.29,"category":"Natural","ORIG_FID":476,"category_1":"Natural"},"geometry":{"type":"Point","coordinates":[77.053875585624169,31.040287846284851]}},
{"type":"Feature","properties":{"Id":0,"area":139.909,"category":"Natural","ORIG_FID":477,"category_1":"Natural"},"geometry":{"type":"Point","coordinates":[77.053581797295394,31.040406500698769]}},
{"type":"Feature","properties":{"Id":0,"area":326.079,"category":"Anthropogenic","ORIG_FID":478,"category_1":"Anthropogenic"},"geometry":{"type":"Point","coordinates":[77.051373251229421,31.040628075215334]}},
{"type":"Feature","properties":{"Id":0,"area":503.084,"category":"Anthropogenic","ORIG_FID":479,"category_1":"Anthropogenic"},"geometry":{"type":"Point","coordinates":[77.05699010435923,31.038614174450085]}},
{"type":"Feature","properties":{"Id":0,"area":292.187,"category":"Anthropogenic","ORIG_FID":480,"category_1":"Anthropogenic"},"geometry":{"type":"Point","coordinates":[77.057368933789434,31.038446085312437]}},
{"type":"Feature","properties":{"Id":0,"area":2228.17,"category":"Anthropogenic","ORIG_FID":481,"category_1":"Anthropogenic"},"geometry":{"type":"Point","coordinates":[77.057408989817858,31.039662383579625]}},
{"type":"Feature","properties":{"Id":0,"area":663.68,"category":"Anthropogenic","ORIG_FID":482,"category_1":"Anthropogenic"},"geometry":{"type":"Point","coordinates":[77.056870850779461,31.039911025467344]}},
{"type":"Feature","properties":{"Id":0,"area":1660.78,"category":"Anthropogenic","ORIG_FID":483,"category_1":"Anthropogenic"},"geometry":{"type":"Point","coordinates":[77.057686792813911,31.040147244673626]}},
{"type":"Feature","properties":{"Id":0,"area":911.264,"category":"Anthropogenic","ORIG_FID":484,"category_1":"Anthropogenic"},"geometry":{"type":"Point","coordinates":[77.057070396146131,31.040626081845751]}},
{"type":"Feature","properties":{"Id":0,"area":397.137,"category":"Anthropogenic","ORIG_FID":485,"category_1":"Anthropogenic"},"geometry":{"type":"Point","coordinates":[77.056274351298285,31.041212823812884]}},
{"type":"Feature","properties":{"Id":0,"area":1120.61,"category":"Anthropogenic","ORIG_FID":486,"category_1":"Anthropogenic"},"geometry":{"type":"Point","coordinates":[77.058006009225721,31.038952375044023]}},
{"type":"Feature","properties":{"Id":0,"area":112.001,"category":"Natural","ORIG_FID":487,"category_1":"Natural"},"geometry":{"type":"Point","coordinates":[77.057609526486274,31.041992713830556]}},
{"type":"Feature","properties":{"Id":0,"area":498.913,"category":"Natural","ORIG_FID":488,"category_1":"Natural"},"geometry":{"type":"Point","coordinates":[77.063536309960952,31.049128835337015]}},
{"type":"Feature","properties":{"Id":0,"area":700.422,"category":"Natural","ORIG_FID":489,"category_1":"Natural"},"geometry":{"type":"Point","coordinates":[77.063722478829575,31.049658018205118]}},
{"type":"Feature","properties":{"Id":0,"area":554.037,"category":"Anthropogenic","ORIG_FID":490,"category_1":"Anthropogenic"},"geometry":{"type":"Point","coordinates":[77.066244628508755,31.030350493246324]}},
{"type":"Feature","properties":{"Id":0,"area":209.412,"category":"Anthropogenic","ORIG_FID":491,"category_1":"Anthropogenic"},"geometry":{"type":"Point","coordinates":[77.062866382584559,31.033704967410443]}},
{"type":"Feature","properties":{"Id":0,"area":235.26,"category":"Anthropogenic","ORIG_FID":492,"category_1":"Anthropogenic"},"geometry":{"type":"Point","coordinates":[77.062583496912666,31.03384910383927]}},
{"type":"Feature","properties":{"Id":0,"area":204.541,"category":"Anthropogenic","ORIG_FID":493,"category_1":"Anthropogenic"},"geometry":{"type":"Point","coordinates":[77.06225275067824,31.033948129766564]}},
{"type":"Feature","properties":{"Id":0,"area":235.261,"category":"Anthropogenic","ORIG_FID":494,"category_1":"Anthropogenic"},"geometry":{"type":"Point","coordinates":[77.063100638171704,31.033433569630109]}},
{"type":"Feature","properties":{"Id":0,"area":344.647,"category":"Anthropogenic","ORIG_FID":495,"category_1":"Anthropogenic"},"geometry":{"type":"Point","coordinates":[77.060657400780372,31.033999857909141]}},
{"type":"Feature","properties":{"Id":0,"area":1138.85,"category":"Natural","ORIG_FID":496,"category_1":"Natural"},"geometry":{"type":"Point","coordinates":[77.051786095821654,31.031639925933003]}},
{"type":"Feature","properties":{"Id":0,"area":260.915,"category":"Anthropogenic","ORIG_FID":497,"category_1":"Anthropogenic"},"geometry":{"type":"Point","coordinates":[77.052565487191856,31.035318647050921]}},
{"type":"Feature","properties":{"Id":0,"area":340.149,"category":"Natural","ORIG_FID":498,"category_1":"Natural"},"geometry":{"type":"Point","coordinates":[77.050659932636577,31.033930033562328]}},
{"type":"Feature","properties":{"Id":0,"area":1417.37,"category":"Natural","ORIG_FID":499,"category_1":"Natural"},"geometry":{"type":"Point","coordinates":[77.057008702628167,31.033375881493729]}},
{"type":"Feature","properties":{"Id":0,"area":422.956,"category":"Natural","ORIG_FID":500,"category_1":"Natural"},"geometry":{"type":"Point","coordinates":[77.055797710589772,31.030452304224227]}},
{"type":"Feature","properties":{"Id":0,"area":314.485,"category":"Anthropogenic","ORIG_FID":501,"category_1":"Anthropogenic"},"geometry":{"type":"Point","coordinates":[77.050469949305636,31.034938209046466]}},
{"type":"Feature","properties":{"Id":0,"area":2656.92,"category":"Natural","ORIG_FID":502,"category_1":"Natural"},"geometry":{"type":"Point","coordinates":[77.048771459990675,31.034776208789907]}},
{"type":"Feature","properties":{"Id":0,"area":1478.03,"category":"Natural","ORIG_FID":503,"category_1":"Natural"},"geometry":{"type":"Point","coordinates":[77.048596687610399,31.034237940691185]}},
{"type":"Feature","properties":{"Id":0,"area":289.383,"category":"Natural","ORIG_FID":504,"category_1":"Natural"},"geometry":{"type":"Point","coordinates":[77.047565284002872,31.035481910455758]}},
{"type":"Feature","properties":{"Id":0,"area":637.782,"category":"Natural","ORIG_FID":505,"category_1":"Natural"},"geometry":{"type":"Point","coordinates":[77.048838883953906,31.033403816297895]}},
{"type":"Feature","properties":{"Id":0,"area":186.885,"category":"Natural","ORIG_FID":506,"category_1":"Natural"},"geometry":{"type":"Point","coordinates":[77.043614934583374,31.0343733358098]}},
{"type":"Feature","properties":{"Id":0,"area":375.808,"category":"Natural","ORIG_FID":507,"category_1":"Natural"},"geometry":{"type":"Point","coordinates":[77.043868472560064,31.034318702325344]}},
{"type":"Feature","properties":{"Id":0,"area":216.374,"category":"Natural","ORIG_FID":508,"category_1":"Natural"},"geometry":{"type":"Point","coordinates":[77.044229570949327,31.034418463074225]}},
{"type":"Feature","properties":{"Id":0,"area":490.528,"category":"Natural","ORIG_FID":509,"category_1":"Natural"},"geometry":{"type":"Point","coordinates":[77.04503038310483,31.034551592598682]}},
{"type":"Feature","properties":{"Id":0,"area":473.745,"category":"Natural","ORIG_FID":510,"category_1":"Natural"},"geometry":{"type":"Point","coordinates":[77.045569499283147,31.034621836647503]}},
{"type":"Feature","properties":{"Id":0,"area":1359.27,"category":"Natural","ORIG_FID":511,"category_1":"Natural"},"geometry":{"type":"Point","coordinates":[77.045397037937832,31.033656069360212]}},
{"type":"Feature","properties":{"Id":0,"area":292.375,"category":"Natural","ORIG_FID":512,"category_1":"Natural"},"geometry":{"type":"Point","coordinates":[77.046573756816272,31.034642414404413]}},
{"type":"Feature","properties":{"Id":0,"area":1432.69,"category":"Natural","ORIG_FID":513,"category_1":"Natural"},"geometry":{"type":"Point","coordinates":[77.02550811311832,31.036598391525185]}},
{"type":"Feature","properties":{"Id":0,"area":1591.82,"category":"Anthropogenic","ORIG_FID":514,"category_1":"Anthropogenic"},"geometry":{"type":"Point","coordinates":[77.034894122598544,31.040774874161151]}},
{"type":"Feature","properties":{"Id":0,"area":241.018,"category":"Anthropogenic","ORIG_FID":515,"category_1":"Anthropogenic"},"geometry":{"type":"Point","coordinates":[77.03727058841514,31.050984979268723]}},
{"type":"Feature","properties":{"Id":0,"area":233.815,"category":"Anthropogenic","ORIG_FID":516,"category_1":"Anthropogenic"},"geometry":{"type":"Point","coordinates":[77.044950938592734,31.047268301964571]}},
{"type":"Feature","properties":{"Id":0,"area":196.329,"category":"Anthropogenic","ORIG_FID":517,"category_1":"Anthropogenic"},"geometry":{"type":"Point","coordinates":[77.044922047094445,31.047532875917899]}},
{"type":"Feature","properties":{"Id":0,"area":1201.94,"category":"Anthropogenic","ORIG_FID":518,"category_1":"Anthropogenic"},"geometry":{"type":"Point","coordinates":[77.046550320753099,31.045232702149917]}},
{"type":"Feature","properties":{"Id":0,"area":465.221,"category":"Anthropogenic","ORIG_FID":519,"category_1":"Anthropogenic"},"geometry":{"type":"Point","coordinates":[77.063998956074371,31.045359043390651]}},
{"type":"Feature","properties":{"Id":0,"area":551.73,"category":"Natural","ORIG_FID":520,"category_1":"Natural"},"geometry":{"type":"Point","coordinates":[77.061565898394107,31.044149759698012]}},
{"type":"Feature","properties":{"Id":0,"area":545.999,"category":"Natural","ORIG_FID":521,"category_1":"Natural"},"geometry":{"type":"Point","coordinates":[77.060932477728841,31.044185678059627]}},
{"type":"Feature","properties":{"Id":0,"area":1070.07,"category":"Anthropogenic","ORIG_FID":522,"category_1":"Anthropogenic"},"geometry":{"type":"Point","coordinates":[77.059121108230087,31.051631451010092]}},
{"type":"Feature","properties":{"Id":0,"area":409.621,"category":"Anthropogenic","ORIG_FID":523,"category_1":"Anthropogenic"},"geometry":{"type":"Point","coordinates":[77.04789013189513,31.054068844678227]}},
{"type":"Feature","properties":{"Id":0,"area":617.26,"category":"Anthropogenic","ORIG_FID":524,"category_1":"Anthropogenic"},"geometry":{"type":"Point","coordinates":[77.052917529160624,31.054997917560978]}},
{"type":"Feature","properties":{"Id":0,"area":669.056,"category":"Anthropogenic","ORIG_FID":525,"category_1":"Anthropogenic"},"geometry":{"type":"Point","coordinates":[77.051853929841386,31.051915117254765]}},
{"type":"Feature","properties":{"Id":0,"area":5151.02,"category":"Anthropogenic","ORIG_FID":526,"category_1":"Anthropogenic"},"geometry":{"type":"Point","coordinates":[77.05114443100527,31.051519343849211]}},
{"type":"Feature","properties":{"Id":0,"area":1387.46,"category":"Anthropogenic","ORIG_FID":527,"category_1":"Anthropogenic"},"geometry":{"type":"Point","coordinates":[77.050480124707192,31.051838595273416]}},
{"type":"Feature","properties":{"Id":0,"area":624.622,"category":"Natural","ORIG_FID":528,"category_1":"Natural"},"geometry":{"type":"Point","coordinates":[77.041778550760853,31.054725915680187]}},
{"type":"Feature","properties":{"Id":0,"area":887.431,"category":"Natural","ORIG_FID":529,"category_1":"Natural"},"geometry":{"type":"Point","coordinates":[77.055591889078343,31.058662704118692]}},
{"type":"Feature","properties":{"Id":0,"area":667.173,"category":"Natural","ORIG_FID":530,"category_1":"Natural"},"geometry":{"type":"Point","coordinates":[77.046795218246885,31.060592898182385]}},
{"type":"Feature","properties":{"Id":0,"area":1195.34,"category":"Anthropogenic","ORIG_FID":531,"category_1":"Anthropogenic"},"geometry":{"type":"Point","coordinates":[77.040046157323914,31.059933298808964]}},
{"type":"Feature","properties":{"Id":0,"area":344.339,"category":"Anthropogenic","ORIG_FID":532,"category_1":"Anthropogenic"},"geometry":{"type":"Point","coordinates":[77.040479505968207,31.060013313004088]}},
{"type":"Feature","properties":{"Id":0,"area":1691.0,"category":"Anthropogenic","ORIG_FID":533,"category_1":"Anthropogenic"},"geometry":{"type":"Point","coordinates":[77.060384946647133,31.059171407420003]}},
{"type":"Feature","properties":{"Id":0,"area":367.764,"category":"Anthropogenic","ORIG_FID":534,"category_1":"Anthropogenic"},"geometry":{"type":"Point","coordinates":[77.046685155867465,31.061505441087693]}},
{"type":"Feature","properties":{"Id":0,"area":600.651,"category":"Natural","ORIG_FID":535,"category_1":"Natural"},"geometry":{"type":"Point","coordinates":[77.054755466984545,31.061480296477288]}},
{"type":"Feature","properties":{"Id":0,"area":417.511,"category":"Natural","ORIG_FID":536,"category_1":"Natural"},"geometry":{"type":"Point","coordinates":[77.040518636292589,31.065045042888471]}},
{"type":"Feature","properties":{"Id":0,"area":411.874,"category":"Anthropogenic","ORIG_FID":537,"category_1":"Anthropogenic"},"geometry":{"type":"Point","coordinates":[77.048242188128924,31.066928397092518]}},
{"type":"Feature","properties":{"Id":0,"area":521.285,"category":"Anthropogenic","ORIG_FID":538,"category_1":"Anthropogenic"},"geometry":{"type":"Point","coordinates":[77.048577168936063,31.066556564135546]}},
{"type":"Feature","properties":{"Id":0,"area":560.184,"category":"Natural","ORIG_FID":539,"category_1":"Natural"},"geometry":{"type":"Point","coordinates":[77.040392814780319,31.074098911323681]}},
{"type":"Feature","properties":{"Id":0,"area":322.703,"category":"Natural","ORIG_FID":540,"category_1":"Natural"},"geometry":{"type":"Point","coordinates":[77.038615452788818,31.079095493817992]}},
{"type":"Feature","properties":{"Id":0,"area":1215.67,"category":"Natural","ORIG_FID":541,"category_1":"Natural"},"geometry":{"type":"Point","coordinates":[77.023640716262037,31.086891429706057]}},
{"type":"Feature","properties":{"Id":0,"area":453.4,"category":"Natural","ORIG_FID":542,"category_1":"Natural"},"geometry":{"type":"Point","coordinates":[77.02355749759748,31.086382452775961]}},
{"type":"Feature","properties":{"Id":0,"area":601.089,"category":"Anthropogenic","ORIG_FID":543,"category_1":"Anthropogenic"},"geometry":{"type":"Point","coordinates":[77.024241191543283,31.088491127892592]}},
{"type":"Feature","properties":{"Id":0,"area":338.275,"category":"Natural","ORIG_FID":544,"category_1":"Natural"},"geometry":{"type":"Point","coordinates":[77.027772161379389,31.085866932215435]}},
{"type":"Feature","properties":{"Id":0,"area":909.514,"category":"Natural","ORIG_FID":545,"category_1":"Natural"},"geometry":{"type":"Point","coordinates":[77.043017078803231,31.038237346726518]}},
{"type":"Feature","properties":{"Id":0,"area":262.72,"category":"Anthropogenic","ORIG_FID":546,"category_1":"Anthropogenic"},"geometry":{"type":"Point","coordinates":[77.04880925340359,31.051671457639284]}},
{"type":"Feature","properties":{"Id":0,"area":2869.3,"category":"Natural","ORIG_FID":547,"category_1":"Natural"},"geometry":{"type":"Point","coordinates":[77.068646825793024,31.053740260932415]}},
{"type":"Feature","properties":{"Id":0,"area":1669.76,"category":"Anthropogenic","ORIG_FID":548,"category_1":"Anthropogenic"},"geometry":{"type":"Point","coordinates":[77.065407382286708,31.055618746503807]}},
{"type":"Feature","properties":{"Id":0,"area":1673.12,"category":"Natural","ORIG_FID":549,"category_1":"Natural"},"geometry":{"type":"Point","coordinates":[77.066022995540337,31.055666949183298]}},
{"type":"Feature","properties":{"Id":0,"area":592.703,"category":"Natural","ORIG_FID":550,"category_1":"Natural"},"geometry":{"type":"Point","coordinates":[77.067044830276629,31.055466743694005]}},
{"type":"Feature","properties":{"Id":0,"area":272.474,"category":"Natural","ORIG_FID":551,"category_1":"Natural"},"geometry":{"type":"Point","coordinates":[77.06744819509494,31.055844254366978]}},
{"type":"Feature","properties":{"Id":0,"area":3272.05,"category":"Natural","ORIG_FID":552,"category_1":"Natural"},"geometry":{"type":"Point","coordinates":[77.068722771065652,31.05794969375858]}},
{"type":"Feature","properties":{"Id":0,"area":202.058,"category":"Natural","ORIG_FID":553,"category_1":"Natural"},"geometry":{"type":"Point","coordinates":[77.068579028881047,31.05769504803132]}},
{"type":"Feature","properties":{"Id":0,"area":266.664,"category":"Natural","ORIG_FID":554,"category_1":"Natural"},"geometry":{"type":"Point","coordinates":[77.068149385166038,31.057648568309997]}},
{"type":"Feature","properties":{"Id":0,"area":1875.73,"category":"Anthropogenic","ORIG_FID":555,"category_1":"Anthropogenic"},"geometry":{"type":"Point","coordinates":[77.069687473309543,31.059260547999237]}},
{"type":"Feature","properties":{"Id":0,"area":594.59,"category":"Anthropogenic","ORIG_FID":556,"category_1":"Anthropogenic"},"geometry":{"type":"Point","coordinates":[77.065757982037326,31.060620901339806]}},
{"type":"Feature","properties":{"Id":0,"area":401.386,"category":"Anthropogenic","ORIG_FID":557,"category_1":"Anthropogenic"},"geometry":{"type":"Point","coordinates":[77.065419169344324,31.060845434661882]}},
{"type":"Feature","properties":{"Id":0,"area":1061.78,"category":"Anthropogenic","ORIG_FID":558,"category_1":"Anthropogenic"},"geometry":{"type":"Point","coordinates":[77.066907143178469,31.065134774945637]}},
{"type":"Feature","properties":{"Id":0,"area":1257.6,"category":"Anthropogenic","ORIG_FID":559,"category_1":"Anthropogenic"},"geometry":{"type":"Point","coordinates":[77.066576683211153,31.064861010159163]}},
{"type":"Feature","properties":{"Id":0,"area":363.829,"category":"Anthropogenic","ORIG_FID":560,"category_1":"Anthropogenic"},"geometry":{"type":"Point","coordinates":[77.066869143477035,31.06597791483685]}},
{"type":"Feature","properties":{"Id":0,"area":1006.91,"category":"Natural","ORIG_FID":561,"category_1":"Natural"},"geometry":{"type":"Point","coordinates":[77.0624815443757,31.06722308070318]}},
{"type":"Feature","properties":{"Id":0,"area":1005.74,"category":"Natural","ORIG_FID":562,"category_1":"Natural"},"geometry":{"type":"Point","coordinates":[77.063155715483745,31.067250481432598]}},
{"type":"Feature","properties":{"Id":0,"area":299.835,"category":"Natural","ORIG_FID":563,"category_1":"Natural"},"geometry":{"type":"Point","coordinates":[77.064320161771974,31.065908062997103]}},
{"type":"Feature","properties":{"Id":0,"area":372.336,"category":"Anthropogenic","ORIG_FID":564,"category_1":"Anthropogenic"},"geometry":{"type":"Point","coordinates":[77.064798277804059,31.066196755283336]}},
{"type":"Feature","properties":{"Id":0,"area":1295.8,"category":"Anthropogenic","ORIG_FID":565,"category_1":"Anthropogenic"},"geometry":{"type":"Point","coordinates":[77.066325673345489,31.066586340592604]}},
{"type":"Feature","properties":{"Id":0,"area":749.698,"category":"Anthropogenic","ORIG_FID":566,"category_1":"Anthropogenic"},"geometry":{"type":"Point","coordinates":[77.070129266399306,31.061000405758129]}},
{"type":"Feature","properties":{"Id":0,"area":165.296,"category":"Anthropogenic","ORIG_FID":567,"category_1":"Anthropogenic"},"geometry":{"type":"Point","coordinates":[77.069571688456151,31.061121088670049]}},
{"type":"Feature","properties":{"Id":0,"area":294.189,"category":"Anthropogenic","ORIG_FID":568,"category_1":"Anthropogenic"},"geometry":{"type":"Point","coordinates":[77.069383477665241,31.061029281888132]}},
{"type":"Feature","properties":{"Id":0,"area":1689.13,"category":"Natural","ORIG_FID":569,"category_1":"Natural"},"geometry":{"type":"Point","coordinates":[77.078157022698733,31.057997827270825]}},
{"type":"Feature","properties":{"Id":0,"area":583.066,"category":"Natural","ORIG_FID":570,"category_1":"Natural"},"geometry":{"type":"Point","coordinates":[77.068170775158578,31.077343346708712]}},
{"type":"Feature","properties":{"Id":0,"area":1099.32,"category":"Natural","ORIG_FID":571,"category_1":"Natural"},"geometry":{"type":"Point","coordinates":[77.077075482103055,31.094754688870722]}},
{"type":"Feature","properties":{"Id":0,"area":714.079,"category":"Anthropogenic","ORIG_FID":572,"category_1":"Anthropogenic"},"geometry":{"type":"Point","coordinates":[77.070174363122987,31.055186346882266]}},
{"type":"Feature","properties":{"Id":0,"area":718.668,"category":"Anthropogenic","ORIG_FID":573,"category_1":"Anthropogenic"},"geometry":{"type":"Point","coordinates":[77.074782974634772,31.055030487121076]}},
{"type":"Feature","properties":{"Id":0,"area":311.593,"category":"Anthropogenic","ORIG_FID":574,"category_1":"Anthropogenic"},"geometry":{"type":"Point","coordinates":[77.071527194127739,31.062343364660574]}},
{"type":"Feature","properties":{"Id":0,"area":374.87,"category":"Anthropogenic","ORIG_FID":575,"category_1":"Anthropogenic"},"geometry":{"type":"Point","coordinates":[77.071884287663707,31.062398653597402]}},
{"type":"Feature","properties":{"Id":0,"area":569.447,"category":"Anthropogenic","ORIG_FID":576,"category_1":"Anthropogenic"},"geometry":{"type":"Point","coordinates":[77.064015765243397,31.058535224554291]}},
{"type":"Feature","properties":{"Id":0,"area":464.419,"category":"Anthropogenic","ORIG_FID":577,"category_1":"Anthropogenic"},"geometry":{"type":"Point","coordinates":[77.064702168701515,31.058024375648888]}},
{"type":"Feature","properties":{"Id":0,"area":352.806,"category":"Anthropogenic","ORIG_FID":578,"category_1":"Anthropogenic"},"geometry":{"type":"Point","coordinates":[77.067415706554044,31.065470848993186]}},
{"type":"Feature","properties":{"Id":0,"area":648.155,"category":"Anthropogenic","ORIG_FID":579,"category_1":"Anthropogenic"},"geometry":{"type":"Point","coordinates":[77.088265026299311,31.057638114141056]}},
{"type":"Feature","properties":{"Id":0,"area":1046.05,"category":"Natural","ORIG_FID":580,"category_1":"Natural"},"geometry":{"type":"Point","coordinates":[77.086461116268964,31.05856718008193]}},
{"type":"Feature","properties":{"Id":0,"area":457.829,"category":"Anthropogenic","ORIG_FID":581,"category_1":"Anthropogenic"},"geometry":{"type":"Point","coordinates":[77.088954238977578,31.058152473569496]}},
{"type":"Feature","properties":{"Id":0,"area":509.929,"category":"Natural","ORIG_FID":582,"category_1":"Natural"},"geometry":{"type":"Point","coordinates":[77.08537353691527,31.058775800791558]}},
{"type":"Feature","properties":{"Id":0,"area":1085.38,"category":"Anthropogenic","ORIG_FID":583,"category_1":"Anthropogenic"},"geometry":{"type":"Point","coordinates":[77.082619620103642,31.0595290630352]}},
{"type":"Feature","properties":{"Id":0,"area":224.355,"category":"Anthropogenic","ORIG_FID":584,"category_1":"Anthropogenic"},"geometry":{"type":"Point","coordinates":[77.082373984885095,31.059876220826261]}},
{"type":"Feature","properties":{"Id":0,"area":738.307,"category":"Natural","ORIG_FID":585,"category_1":"Natural"},"geometry":{"type":"Point","coordinates":[77.081441236534928,31.061694548713099]}},
{"type":"Feature","properties":{"Id":0,"area":415.993,"category":"Anthropogenic","ORIG_FID":586,"category_1":"Anthropogenic"},"geometry":{"type":"Point","coordinates":[77.079757382761514,31.059188560848462]}},
{"type":"Feature","properties":{"Id":0,"area":683.245,"category":"Anthropogenic","ORIG_FID":587,"category_1":"Anthropogenic"},"geometry":{"type":"Point","coordinates":[77.071417109634098,31.068390630131038]}},
{"type":"Feature","properties":{"Id":0,"area":551.399,"category":"Natural","ORIG_FID":588,"category_1":"Natural"},"geometry":{"type":"Point","coordinates":[77.070886020460819,31.067635939526166]}},
{"type":"Feature","properties":{"Id":0,"area":715.864,"category":"Anthropogenic","ORIG_FID":589,"category_1":"Anthropogenic"},"geometry":{"type":"Point","coordinates":[77.071542371470784,31.069161524560702]}},
{"type":"Feature","properties":{"Id":0,"area":882.301,"category":"Anthropogenic","ORIG_FID":590,"category_1":"Anthropogenic"},"geometry":{"type":"Point","coordinates":[77.080439948219052,31.068263272098346]}},
{"type":"Feature","properties":{"Id":0,"area":467.815,"category":"Anthropogenic","ORIG_FID":591,"category_1":"Anthropogenic"},"geometry":{"type":"Point","coordinates":[77.085490029600905,31.068585334989368]}},
{"type":"Feature","properties":{"Id":0,"area":1614.78,"category":"Anthropogenic","ORIG_FID":592,"category_1":"Anthropogenic"},"geometry":{"type":"Point","coordinates":[77.071130268467911,31.076441159261567]}},
{"type":"Feature","properties":{"Id":0,"area":1794.72,"category":"Natural","ORIG_FID":593,"category_1":"Natural"},"geometry":{"type":"Point","coordinates":[77.100184335064782,31.068014098708957]}},
{"type":"Feature","properties":{"Id":0,"area":1590.03,"category":"Natural","ORIG_FID":594,"category_1":"Natural"},"geometry":{"type":"Point","coordinates":[77.100519879331344,31.068297758865931]}},
{"type":"Feature","properties":{"Id":0,"area":224.071,"category":"Anthropogenic","ORIG_FID":595,"category_1":"Anthropogenic"},"geometry":{"type":"Point","coordinates":[77.104565973034497,31.080807462904815]}},
{"type":"Feature","properties":{"Id":0,"area":643.098,"category":"Anthropogenic","ORIG_FID":596,"category_1":"Anthropogenic"},"geometry":{"type":"Point","coordinates":[77.10479484777882,31.080716651626524]}},
{"type":"Feature","properties":{"Id":0,"area":609.184,"category":"Anthropogenic","ORIG_FID":597,"category_1":"Anthropogenic"},"geometry":{"type":"Point","coordinates":[77.10595201183591,31.081418607954724]}},
{"type":"Feature","properties":{"Id":0,"area":194.182,"category":"Anthropogenic","ORIG_FID":598,"category_1":"Anthropogenic"},"geometry":{"type":"Point","coordinates":[77.104525294024839,31.081023431360208]}},
{"type":"Feature","properties":{"Id":0,"area":134.33,"category":"Anthropogenic","ORIG_FID":599,"category_1":"Anthropogenic"},"geometry":{"type":"Point","coordinates":[77.104743076614284,31.081043438676964]}},
{"type":"Feature","properties":{"Id":0,"area":234.026,"category":"Anthropogenic","ORIG_FID":600,"category_1":"Anthropogenic"},"geometry":{"type":"Point","coordinates":[77.108136149858524,31.083668947647777]}},
{"type":"Feature","properties":{"Id":0,"area":3602.47,"category":"Anthropogenic","ORIG_FID":601,"category_1":"Anthropogenic"},"geometry":{"type":"Point","coordinates":[77.096711231209284,31.088451564508688]}},
{"type":"Feature","properties":{"Id":0,"area":1179.61,"category":"Natural","ORIG_FID":602,"category_1":"Natural"},"geometry":{"type":"Point","coordinates":[77.098277918195606,31.088639920667422]}},
{"type":"Feature","properties":{"Id":0,"area":1180.36,"category":"Anthropogenic","ORIG_FID":603,"category_1":"Anthropogenic"},"geometry":{"type":"Point","coordinates":[77.096307277410119,31.088019126431892]}},
{"type":"Feature","properties":{"Id":0,"area":5066.57,"category":"Anthropogenic","ORIG_FID":604,"category_1":"Anthropogenic"},"geometry":{"type":"Point","coordinates":[77.127369547331185,31.103124584096996]}},
{"type":"Feature","properties":{"Id":0,"area":569.62,"category":"Natural","ORIG_FID":605,"category_1":"Natural"},"geometry":{"type":"Point","coordinates":[77.065591504054083,31.095410558533757]}},
{"type":"Feature","properties":{"Id":0,"area":396.067,"category":"Natural","ORIG_FID":606,"category_1":"Natural"},"geometry":{"type":"Point","coordinates":[77.063706506972849,31.10578042113055]}},
{"type":"Feature","properties":{"Id":0,"area":2862.1,"category":"Anthropogenic","ORIG_FID":607,"category_1":"Anthropogenic"},"geometry":{"type":"Point","coordinates":[77.104724225802585,31.1270158293108]}},
{"type":"Feature","properties":{"Id":0,"area":607.639,"category":"Anthropogenic","ORIG_FID":608,"category_1":"Anthropogenic"},"geometry":{"type":"Point","coordinates":[77.128493968173487,31.100490312368663]}},
{"type":"Feature","properties":{"Id":0,"area":843.406,"category":"Anthropogenic","ORIG_FID":609,"category_1":"Anthropogenic"},"geometry":{"type":"Point","coordinates":[77.12853630425073,31.101022337835051]}},
{"type":"Feature","properties":{"Id":0,"area":1494.85,"category":"Anthropogenic","ORIG_FID":610,"category_1":"Anthropogenic"},"geometry":{"type":"Point","coordinates":[77.139912232509047,31.104213014067909]}},
{"type":"Feature","properties":{"Id":0,"area":939.97,"category":"Anthropogenic","ORIG_FID":611,"category_1":"Anthropogenic"},"geometry":{"type":"Point","coordinates":[77.150045871439048,31.090302751172594]}},
{"type":"Feature","properties":{"Id":0,"area":2303.69,"category":"Anthropogenic","ORIG_FID":612,"category_1":"Anthropogenic"},"geometry":{"type":"Point","coordinates":[77.148671036536996,31.099546362256664]}},
{"type":"Feature","properties":{"Id":0,"area":134.679,"category":"Anthropogenic","ORIG_FID":613,"category_1":"Anthropogenic"},"geometry":{"type":"Point","coordinates":[77.164955541636076,31.040637366194037]}},
{"type":"Feature","properties":{"Id":0,"area":172.993,"category":"Anthropogenic","ORIG_FID":614,"category_1":"Anthropogenic"},"geometry":{"type":"Point","coordinates":[77.170136496375335,31.038577420683929]}},
{"type":"Feature","properties":{"Id":0,"area":533.73,"category":"Anthropogenic","ORIG_FID":615,"category_1":"Anthropogenic"},"geometry":{"type":"Point","coordinates":[77.162552639345037,31.053146669616165]}},
{"type":"Feature","properties":{"Id":0,"area":1748.43,"category":"Anthropogenic","ORIG_FID":616,"category_1":"Anthropogenic"},"geometry":{"type":"Point","coordinates":[77.151723646083866,31.061336065037381]}},
{"type":"Feature","properties":{"Id":0,"area":1457.86,"category":"Natural","ORIG_FID":617,"category_1":"Natural"},"geometry":{"type":"Point","coordinates":[77.151092839072405,31.063754749481468]}},
{"type":"Feature","properties":{"Id":0,"area":1332.25,"category":"Anthropogenic","ORIG_FID":618,"category_1":"Anthropogenic"},"geometry":{"type":"Point","coordinates":[77.150382461138193,31.060981937982191]}},
{"type":"Feature","properties":{"Id":0,"area":592.966,"category":"Natural","ORIG_FID":619,"category_1":"Natural"},"geometry":{"type":"Point","coordinates":[77.1428327464087,31.067241817656853]}},
{"type":"Feature","properties":{"Id":0,"area":1913.45,"category":"Natural","ORIG_FID":620,"category_1":"Natural"},"geometry":{"type":"Point","coordinates":[77.143810000113106,31.06771506418055]}},
{"type":"Feature","properties":{"Id":0,"area":624.776,"category":"Anthropogenic","ORIG_FID":621,"category_1":"Anthropogenic"},"geometry":{"type":"Point","coordinates":[77.164148406968593,31.070569098320849]}},
{"type":"Feature","properties":{"Id":0,"area":948.351,"category":"Anthropogenic","ORIG_FID":622,"category_1":"Anthropogenic"},"geometry":{"type":"Point","coordinates":[77.164848693104531,31.070979394019975]}},
{"type":"Feature","properties":{"Id":0,"area":1429.43,"category":"Anthropogenic","ORIG_FID":623,"category_1":"Anthropogenic"},"geometry":{"type":"Point","coordinates":[77.159576097451691,31.066614846496293]}},
{"type":"Feature","properties":{"Id":0,"area":712.259,"category":"Anthropogenic","ORIG_FID":624,"category_1":"Anthropogenic"},"geometry":{"type":"Point","coordinates":[77.160020673952189,31.066544200135212]}},
{"type":"Feature","properties":{"Id":0,"area":275.171,"category":"Anthropogenic","ORIG_FID":625,"category_1":"Anthropogenic"},"geometry":{"type":"Point","coordinates":[77.159572839970309,31.066931158703309]}},
{"type":"Feature","properties":{"Id":0,"area":952.33,"category":"Natural","ORIG_FID":626,"category_1":"Natural"},"geometry":{"type":"Point","coordinates":[77.159425826548755,31.064965996112537]}},
{"type":"Feature","properties":{"Id":0,"area":294.467,"category":"Anthropogenic","ORIG_FID":627,"category_1":"Anthropogenic"},"geometry":{"type":"Point","coordinates":[77.159050959647885,31.066450925543688]}},
{"type":"Feature","properties":{"Id":0,"area":250.124,"category":"Anthropogenic","ORIG_FID":628,"category_1":"Anthropogenic"},"geometry":{"type":"Point","coordinates":[77.159002827539837,31.066196406297525]}},
{"type":"Feature","properties":{"Id":0,"area":136.628,"category":"Natural","ORIG_FID":629,"category_1":"Natural"},"geometry":{"type":"Point","coordinates":[77.162165380569874,31.066094134851234]}},
{"type":"Feature","properties":{"Id":0,"area":452.427,"category":"Anthropogenic","ORIG_FID":630,"category_1":"Anthropogenic"},"geometry":{"type":"Point","coordinates":[77.161495546138781,31.066679007895306]}},
{"type":"Feature","properties":{"Id":0,"area":255.394,"category":"Anthropogenic","ORIG_FID":631,"category_1":"Anthropogenic"},"geometry":{"type":"Point","coordinates":[77.161765432653283,31.067855250941349]}},
{"type":"Feature","properties":{"Id":0,"area":702.318,"category":"Anthropogenic","ORIG_FID":632,"category_1":"Anthropogenic"},"geometry":{"type":"Point","coordinates":[77.157866391873,31.065369629070979]}},
{"type":"Feature","properties":{"Id":0,"area":1078.72,"category":"Anthropogenic","ORIG_FID":633,"category_1":"Anthropogenic"},"geometry":{"type":"Point","coordinates":[77.158103102550328,31.069843434845499]}},
{"type":"Feature","properties":{"Id":0,"area":738.084,"category":"Anthropogenic","ORIG_FID":634,"category_1":"Anthropogenic"},"geometry":{"type":"Point","coordinates":[77.167173033246897,31.072375454618857]}},
{"type":"Feature","properties":{"Id":0,"area":583.427,"category":"Natural","ORIG_FID":635,"category_1":"Natural"},"geometry":{"type":"Point","coordinates":[77.172164806463442,31.075447905104117]}},
{"type":"Feature","properties":{"Id":0,"area":190.186,"category":"Anthropogenic","ORIG_FID":636,"category_1":"Anthropogenic"},"geometry":{"type":"Point","coordinates":[77.170879487181523,31.07444029976574]}},
{"type":"Feature","properties":{"Id":0,"area":245.432,"category":"Anthropogenic","ORIG_FID":637,"category_1":"Anthropogenic"},"geometry":{"type":"Point","coordinates":[77.171142335685545,31.074271646267739]}},
{"type":"Feature","properties":{"Id":0,"area":490.673,"category":"Anthropogenic","ORIG_FID":638,"category_1":"Anthropogenic"},"geometry":{"type":"Point","coordinates":[77.198685176365089,31.098479509272366]}},
{"type":"Feature","properties":{"Id":0,"area":732.737,"category":"Anthropogenic","ORIG_FID":639,"category_1":"Anthropogenic"},"geometry":{"type":"Point","coordinates":[77.19892279797071,31.098049639991984]}},
{"type":"Feature","properties":{"Id":0,"area":744.721,"category":"Anthropogenic","ORIG_FID":640,"category_1":"Anthropogenic"},"geometry":{"type":"Point","coordinates":[77.196962453933693,31.097498373066887]}},
{"type":"Feature","properties":{"Id":0,"area":804.39,"category":"Anthropogenic","ORIG_FID":641,"category_1":"Anthropogenic"},"geometry":{"type":"Point","coordinates":[77.165233504967603,31.12309907015128]}},
{"type":"Feature","properties":{"Id":0,"area":2157.81,"category":"Natural","ORIG_FID":642,"category_1":"Natural"},"geometry":{"type":"Point","coordinates":[77.192684714704313,31.078951644226382]}},
{"type":"Feature","properties":{"Id":0,"area":1727.16,"category":"Natural","ORIG_FID":643,"category_1":"Natural"},"geometry":{"type":"Point","coordinates":[77.14543813271753,31.07062637543407]}},
{"type":"Feature","properties":{"Id":0,"area":3213.11,"category":"Natural","ORIG_FID":644,"category_1":"Natural"},"geometry":{"type":"Point","coordinates":[77.146673477007198,31.069462791888263]}},
{"type":"Feature","properties":{"Id":0,"area":655.209,"category":"Natural","ORIG_FID":645,"category_1":"Natural"},"geometry":{"type":"Point","coordinates":[77.166664376728804,31.098432791439471]}},
{"type":"Feature","properties":{"Id":0,"area":1447.27,"category":"Anthropogenic","ORIG_FID":646,"category_1":"Anthropogenic"},"geometry":{"type":"Point","coordinates":[77.167411606544562,31.098313030662382]}},
{"type":"Feature","properties":{"Id":0,"area":740.203,"category":"Anthropogenic","ORIG_FID":647,"category_1":"Anthropogenic"},"geometry":{"type":"Point","coordinates":[77.168563635630946,31.098047554021118]}},
{"type":"Feature","properties":{"Id":0,"area":298.028,"category":"Anthropogenic","ORIG_FID":648,"category_1":"Anthropogenic"},"geometry":{"type":"Point","coordinates":[77.168947285107294,31.098146953880292]}},
{"type":"Feature","properties":{"Id":0,"area":1182.79,"category":"Natural","ORIG_FID":649,"category_1":"Natural"},"geometry":{"type":"Point","coordinates":[77.109865978299226,31.012486098346873]}},
{"type":"Feature","properties":{"Id":0,"area":877.39,"category":"Anthropogenic","ORIG_FID":650,"category_1":"Anthropogenic"},"geometry":{"type":"Point","coordinates":[77.143696533841563,31.000948081100667]}},
{"type":"Feature","properties":{"Id":0,"area":321.885,"category":"Anthropogenic","ORIG_FID":651,"category_1":"Anthropogenic"},"geometry":{"type":"Point","coordinates":[77.14373964023109,31.001266436139865]}},
{"type":"Feature","properties":{"Id":0,"area":1160.36,"category":"Anthropogenic","ORIG_FID":652,"category_1":"Anthropogenic"},"geometry":{"type":"Point","coordinates":[77.155084597604187,30.996913421587422]}},
{"type":"Feature","properties":{"Id":0,"area":1843.19,"category":"Anthropogenic","ORIG_FID":653,"category_1":"Anthropogenic"},"geometry":{"type":"Point","coordinates":[77.1785276560733,31.007686705302703]}},
{"type":"Feature","properties":{"Id":0,"area":1133.31,"category":"Anthropogenic","ORIG_FID":654,"category_1":"Anthropogenic"},"geometry":{"type":"Point","coordinates":[77.173473418044537,31.020030620009432]}},
{"type":"Feature","properties":{"Id":0,"area":1059.51,"category":"Natural","ORIG_FID":655,"category_1":"Natural"},"geometry":{"type":"Point","coordinates":[77.123673519652598,31.015011503336883]}},
{"type":"Feature","properties":{"Id":0,"area":821.974,"category":"Natural","ORIG_FID":656,"category_1":"Natural"},"geometry":{"type":"Point","coordinates":[77.123817374339879,31.014321565193001]}},
{"type":"Feature","properties":{"Id":0,"area":617.216,"category":"Natural","ORIG_FID":657,"category_1":"Natural"},"geometry":{"type":"Point","coordinates":[77.071043201317138,31.096339400181311]}},
{"type":"Feature","properties":{"Id":0,"area":2628.05,"category":"Anthropogenic","ORIG_FID":658,"category_1":"Anthropogenic"},"geometry":{"type":"Point","coordinates":[77.06263234407929,31.099100498862338]}},
{"type":"Feature","properties":{"Id":0,"area":2038.79,"category":"Natural","ORIG_FID":659,"category_1":"Natural"},"geometry":{"type":"Point","coordinates":[77.087706970645499,31.090382093901141]}},
{"type":"Feature","properties":{"Id":0,"area":580.337,"category":"Natural","ORIG_FID":660,"category_1":"Natural"},"geometry":{"type":"Point","coordinates":[77.087966421933885,31.089668635442585]}},
{"type":"Feature","properties":{"Id":0,"area":226.329,"category":"Natural","ORIG_FID":661,"category_1":"Natural"},"geometry":{"type":"Point","coordinates":[77.088394439524208,31.090864889829376]}},
{"type":"Feature","properties":{"Id":0,"area":1254.28,"category":"Anthropogenic","ORIG_FID":662,"category_1":"Anthropogenic"},"geometry":{"type":"Point","coordinates":[77.081160377179046,31.088929075083069]}},
{"type":"Feature","properties":{"Id":0,"area":428.7,"category":"Anthropogenic","ORIG_FID":663,"category_1":"Anthropogenic"},"geometry":{"type":"Point","coordinates":[77.083263938047452,31.089347569071872]}},
{"type":"Feature","properties":{"Id":0,"area":297.959,"category":"Natural","ORIG_FID":664,"category_1":"Natural"},"geometry":{"type":"Point","coordinates":[77.082648777383511,31.085699082427741]}},
{"type":"Feature","properties":{"Id":0,"area":840.996,"category":"Anthropogenic","ORIG_FID":665,"category_1":"Anthropogenic"},"geometry":{"type":"Point","coordinates":[77.099305022742172,31.068926182647363]}},
{"type":"Feature","properties":{"Id":0,"area":880.049,"category":"Anthropogenic","ORIG_FID":666,"category_1":"Anthropogenic"},"geometry":{"type":"Point","coordinates":[77.099028411582992,31.07375548708853]}},
{"type":"Feature","properties":{"Id":0,"area":1619.16,"category":"Anthropogenic","ORIG_FID":667,"category_1":"Anthropogenic"},"geometry":{"type":"Point","coordinates":[77.093962025423096,31.07757343764418]}},
{"type":"Feature","properties":{"Id":0,"area":802.934,"category":"Natural","ORIG_FID":668,"category_1":"Natural"},"geometry":{"type":"Point","coordinates":[77.094491162983431,31.066516317689747]}},
{"type":"Feature","properties":{"Id":0,"area":633.236,"category":"Anthropogenic","ORIG_FID":669,"category_1":"Anthropogenic"},"geometry":{"type":"Point","coordinates":[77.096266642572587,31.067177304263016]}},
{"type":"Feature","properties":{"Id":0,"area":1168.19,"category":"Anthropogenic","ORIG_FID":670,"category_1":"Anthropogenic"},"geometry":{"type":"Point","coordinates":[77.096379774362035,31.067955532507909]}},
{"type":"Feature","properties":{"Id":0,"area":772.714,"category":"Anthropogenic","ORIG_FID":671,"category_1":"Anthropogenic"},"geometry":{"type":"Point","coordinates":[77.092295813560781,31.06876090379798]}},
{"type":"Feature","properties":{"Id":0,"area":577.144,"category":"Natural","ORIG_FID":672,"category_1":"Natural"},"geometry":{"type":"Point","coordinates":[77.092278992484722,31.067929371628399]}},
{"type":"Feature","properties":{"Id":0,"area":404.396,"category":"Natural","ORIG_FID":673,"category_1":"Natural"},"geometry":{"type":"Point","coordinates":[77.105748927858045,31.067516673624066]}},
{"type":"Feature","properties":{"Id":0,"area":2744.46,"category":"Natural","ORIG_FID":674,"category_1":"Natural"},"geometry":{"type":"Point","coordinates":[77.199368520504507,31.084382842426272]}},
{"type":"Feature","properties":{"Id":0,"area":1031.09,"category":"Natural","ORIG_FID":675,"category_1":"Natural"},"geometry":{"type":"Point","coordinates":[77.19761273511449,31.077734379469948]}},
{"type":"Feature","properties":{"Id":0,"area":825.409,"category":"Natural","ORIG_FID":676,"category_1":"Natural"},"geometry":{"type":"Point","coordinates":[77.197690471786885,31.082511625781759]}},
{"type":"Feature","properties":{"Id":0,"area":584.332,"category":"Natural","ORIG_FID":677,"category_1":"Natural"},"geometry":{"type":"Point","coordinates":[77.172395367890417,31.026106516255556]}},
{"type":"Feature","properties":{"Id":0,"area":430.563,"category":"Anthropogenic","ORIG_FID":678,"category_1":"Anthropogenic"},"geometry":{"type":"Point","coordinates":[77.172492874779252,31.025513452599689]}},
{"type":"Feature","properties":{"Id":0,"area":565.447,"category":"Natural","ORIG_FID":679,"category_1":"Natural"},"geometry":{"type":"Point","coordinates":[77.17427854098402,31.02632793199464]}},
{"type":"Feature","properties":{"Id":0,"area":287.63,"category":"Anthropogenic","ORIG_FID":680,"category_1":"Anthropogenic"},"geometry":{"type":"Point","coordinates":[77.153064175197528,31.017398237568838]}},
{"type":"Feature","properties":{"Id":0,"area":400.105,"category":"Natural","ORIG_FID":681,"category_1":"Natural"},"geometry":{"type":"Point","coordinates":[77.181776223335405,31.019931277101144]}},
{"type":"Feature","properties":{"Id":0,"area":616.741,"category":"Anthropogenic","ORIG_FID":682,"category_1":"Anthropogenic"},"geometry":{"type":"Point","coordinates":[77.180181446031142,31.021098094337155]}},
{"type":"Feature","properties":{"Id":0,"area":518.815,"category":"Natural","ORIG_FID":683,"category_1":"Natural"},"geometry":{"type":"Point","coordinates":[77.178762804890781,31.019482957088908]}},
{"type":"Feature","properties":{"Id":0,"area":989.863,"category":"Anthropogenic","ORIG_FID":684,"category_1":"Anthropogenic"},"geometry":{"type":"Point","coordinates":[77.054143131751658,31.065048878039185]}},
{"type":"Feature","properties":{"Id":0,"area":4199.05,"category":"Natural","ORIG_FID":685,"category_1":"Natural"},"geometry":{"type":"Point","coordinates":[77.0428177606356,31.02148700644031]}},
{"type":"Feature","properties":{"Id":0,"area":470.451,"category":"Natural","ORIG_FID":686,"category_1":"Natural"},"geometry":{"type":"Point","coordinates":[77.044399741086366,31.021746281195028]}},
{"type":"Feature","properties":{"Id":0,"area":467.481,"category":"Natural","ORIG_FID":687,"category_1":"Natural"},"geometry":{"type":"Point","coordinates":[77.045237463146165,31.022445537485744]}},
{"type":"Feature","properties":{"Id":0,"area":727.548,"category":"Natural","ORIG_FID":688,"category_1":"Natural"},"geometry":{"type":"Point","coordinates":[77.042253600083043,31.026719338966007]}},
{"type":"Feature","properties":{"Id":0,"area":243.524,"category":"Natural","ORIG_FID":689,"category_1":"Natural"},"geometry":{"type":"Point","coordinates":[77.045783069601811,31.023383723240563]}},
{"type":"Feature","properties":{"Id":0,"area":290.353,"category":"Natural","ORIG_FID":690,"category_1":"Natural"},"geometry":{"type":"Point","coordinates":[77.046057131670693,31.024153983904718]}},
{"type":"Feature","properties":{"Id":0,"area":553.914,"category":"Natural","ORIG_FID":691,"category_1":"Natural"},"geometry":{"type":"Point","coordinates":[77.046637538608749,31.025080217856242]}},
{"type":"Feature","properties":{"Id":0,"area":817.328,"category":"Natural","ORIG_FID":692,"category_1":"Natural"},"geometry":{"type":"Point","coordinates":[77.031670822316826,31.019338594808914]}},
{"type":"Feature","properties":{"Id":0,"area":850.421,"category":"Anthropogenic","ORIG_FID":693,"category_1":"Anthropogenic"},"geometry":{"type":"Point","coordinates":[77.037675612786984,31.018669192085913]}},
{"type":"Feature","properties":{"Id":0,"area":413.151,"category":"Natural","ORIG_FID":694,"category_1":"Natural"},"geometry":{"type":"Point","coordinates":[77.039555342527066,31.019412377400847]}},
{"type":"Feature","properties":{"Id":0,"area":808.204,"category":"Anthropogenic","ORIG_FID":695,"category_1":"Anthropogenic"},"geometry":{"type":"Point","coordinates":[77.040726525144876,31.018825114245416]}},
{"type":"Feature","properties":{"Id":0,"area":514.614,"category":"Natural","ORIG_FID":696,"category_1":"Natural"},"geometry":{"type":"Point","coordinates":[77.033419571677413,31.016816918114202]}},
{"type":"Feature","properties":{"Id":0,"area":487.264,"category":"Natural","ORIG_FID":697,"category_1":"Natural"},"geometry":{"type":"Point","coordinates":[77.033097579654864,31.016626183084416]}},
{"type":"Feature","properties":{"Id":0,"area":1158.31,"category":"Anthropogenic","ORIG_FID":698,"category_1":"Anthropogenic"},"geometry":{"type":"Point","coordinates":[77.037716731425377,31.017087128901572]}},
{"type":"Feature","properties":{"Id":0,"area":1739.45,"category":"Natural","ORIG_FID":699,"category_1":"Natural"},"geometry":{"type":"Point","coordinates":[77.01523611587433,31.014719378183258]}},
{"type":"Feature","properties":{"Id":0,"area":1387.66,"category":"Natural","ORIG_FID":700,"category_1":"Natural"},"geometry":{"type":"Point","coordinates":[77.017935224567807,31.016477946236606]}},
{"type":"Feature","properties":{"Id":0,"area":2293.44,"category":"Natural","ORIG_FID":701,"category_1":"Natural"},"geometry":{"type":"Point","coordinates":[77.171269174627255,31.14738342620236]}},
{"type":"Feature","properties":{"Id":0,"area":486.943,"category":"Natural","ORIG_FID":702,"category_1":"Natural"},"geometry":{"type":"Point","coordinates":[77.073092949188649,31.10639535363331]}},
{"type":"Feature","properties":{"Id":0,"area":256.827,"category":"Natural","ORIG_FID":703,"category_1":"Natural"},"geometry":{"type":"Point","coordinates":[77.073055207567023,31.106736528368131]}},
{"type":"Feature","properties":{"Id":0,"area":488.385,"category":"Natural","ORIG_FID":704,"category_1":"Natural"},"geometry":{"type":"Point","coordinates":[77.075241370921646,31.10566512757039]}},
{"type":"Feature","properties":{"Id":0,"area":171.217,"category":"Natural","ORIG_FID":705,"category_1":"Natural"},"geometry":{"type":"Point","coordinates":[77.072358132084091,31.105513017686224]}},
{"type":"Feature","properties":{"Id":0,"area":414.919,"category":"Natural","ORIG_FID":706,"category_1":"Natural"},"geometry":{"type":"Point","coordinates":[77.080891801550294,31.110707783267856]}},
{"type":"Feature","properties":{"Id":0,"area":465.635,"category":"Anthropogenic","ORIG_FID":707,"category_1":"Anthropogenic"},"geometry":{"type":"Point","coordinates":[77.080043255409592,31.100723444527041]}},
{"type":"Feature","properties":{"Id":0,"area":984.261,"category":"Anthropogenic","ORIG_FID":708,"category_1":"Anthropogenic"},"geometry":{"type":"Point","coordinates":[77.086129033455308,31.114230795092439]}},
{"type":"Feature","properties":{"Id":0,"area":1150.88,"category":"Anthropogenic","ORIG_FID":709,"category_1":"Anthropogenic"},"geometry":{"type":"Point","coordinates":[77.072104015710863,31.093484262821438]}},
{"type":"Feature","properties":{"Id":0,"area":515.607,"category":"Natural","ORIG_FID":710,"category_1":"Natural"},"geometry":{"type":"Point","coordinates":[77.084567384490171,31.100911149910331]}},
{"type":"Feature","properties":{"Id":0,"area":2417.62,"category":"Anthropogenic","ORIG_FID":711,"category_1":"Anthropogenic"},"geometry":{"type":"Point","coordinates":[77.039606207271618,31.083166226583053]}},
{"type":"Feature","properties":{"Id":0,"area":837.578,"category":"Anthropogenic","ORIG_FID":712,"category_1":"Anthropogenic"},"geometry":{"type":"Point","coordinates":[77.047813760074433,31.085265728087016]}},
{"type":"Feature","properties":{"Id":0,"area":644.292,"category":"Anthropogenic","ORIG_FID":713,"category_1":"Anthropogenic"},"geometry":{"type":"Point","coordinates":[77.046627767790156,31.085106652386266]}},
{"type":"Feature","properties":{"Id":0,"area":624.545,"category":"Anthropogenic","ORIG_FID":714,"category_1":"Anthropogenic"},"geometry":{"type":"Point","coordinates":[77.052905895207672,31.082158666392115]}},
{"type":"Feature","properties":{"Id":0,"area":1225.88,"category":"Anthropogenic","ORIG_FID":715,"category_1":"Anthropogenic"},"geometry":{"type":"Point","coordinates":[77.054046063537257,31.082195154630792]}},
{"type":"Feature","properties":{"Id":0,"area":240.571,"category":"Natural","ORIG_FID":716,"category_1":"Natural"},"geometry":{"type":"Point","coordinates":[77.054900078196283,31.081731506955489]}},
{"type":"Feature","properties":{"Id":0,"area":270.906,"category":"Natural","ORIG_FID":717,"category_1":"Natural"},"geometry":{"type":"Point","coordinates":[77.057195989971191,31.079956549228491]}},
{"type":"Feature","properties":{"Id":0,"area":584.809,"category":"Anthropogenic","ORIG_FID":718,"category_1":"Anthropogenic"},"geometry":{"type":"Point","coordinates":[77.050528760782598,31.084729086032443]}},
{"type":"Feature","properties":{"Id":0,"area":609.607,"category":"Anthropogenic","ORIG_FID":719,"category_1":"Anthropogenic"},"geometry":{"type":"Point","coordinates":[77.050159552125805,31.085294852135267]}},
{"type":"Feature","properties":{"Id":0,"area":264.787,"category":"Anthropogenic","ORIG_FID":720,"category_1":"Anthropogenic"},"geometry":{"type":"Point","coordinates":[77.051816695025153,31.085233577337757]}},
{"type":"Feature","properties":{"Id":0,"area":1294.13,"category":"Natural","ORIG_FID":721,"category_1":"Natural"},"geometry":{"type":"Point","coordinates":[77.007958639685654,31.141912005368383]}},
{"type":"Feature","properties":{"Id":0,"area":1065.67,"category":"Anthropogenic","ORIG_FID":722,"category_1":"Anthropogenic"},"geometry":{"type":"Point","coordinates":[77.005006826941468,31.141468419985603]}},
{"type":"Feature","properties":{"Id":0,"area":746.304,"category":"Anthropogenic","ORIG_FID":723,"category_1":"Anthropogenic"},"geometry":{"type":"Point","coordinates":[77.011895000841065,31.142230190069203]}},
{"type":"Feature","properties":{"Id":0,"area":758.217,"category":"Anthropogenic","ORIG_FID":724,"category_1":"Anthropogenic"},"geometry":{"type":"Point","coordinates":[77.017943720610262,31.13814621497324]}},
{"type":"Feature","properties":{"Id":0,"area":680.297,"category":"Anthropogenic","ORIG_FID":725,"category_1":"Anthropogenic"},"geometry":{"type":"Point","coordinates":[77.093330132867081,30.990883687995471]}},
{"type":"Feature","properties":{"Id":0,"area":374.554,"category":"Anthropogenic","ORIG_FID":726,"category_1":"Anthropogenic"},"geometry":{"type":"Point","coordinates":[77.093548948948509,30.991026922184126]}},
{"type":"Feature","properties":{"Id":0,"area":1129.03,"category":"Anthropogenic","ORIG_FID":727,"category_1":"Anthropogenic"},"geometry":{"type":"Point","coordinates":[77.066037646081952,30.970693666053123]}},
{"type":"Feature","properties":{"Id":0,"area":546.892,"category":"Natural","ORIG_FID":728,"category_1":"Natural"},"geometry":{"type":"Point","coordinates":[77.047838110093394,30.988215151123754]}},
{"type":"Feature","properties":{"Id":0,"area":1475.66,"category":"Natural","ORIG_FID":729,"category_1":"Natural"},"geometry":{"type":"Point","coordinates":[77.050570622504409,30.987884051542579]}},
{"type":"Feature","properties":{"Id":0,"area":862.091,"category":"Natural","ORIG_FID":730,"category_1":"Natural"},"geometry":{"type":"Point","coordinates":[77.055322286840308,30.987016682222951]}},
{"type":"Feature","properties":{"Id":0,"area":889.439,"category":"Anthropogenic","ORIG_FID":731,"category_1":"Anthropogenic"},"geometry":{"type":"Point","coordinates":[77.057066675474431,30.986859228059249]}},
{"type":"Feature","properties":{"Id":0,"area":468.871,"category":"Anthropogenic","ORIG_FID":732,"category_1":"Anthropogenic"},"geometry":{"type":"Point","coordinates":[77.055644069154368,30.986729608392064]}},
{"type":"Feature","properties":{"Id":0,"area":981.043,"category":"Natural","ORIG_FID":733,"category_1":"Natural"},"geometry":{"type":"Point","coordinates":[77.050898428662109,30.988911987433283]}},
{"type":"Feature","properties":{"Id":0,"area":1952.57,"category":"Anthropogenic","ORIG_FID":734,"category_1":"Anthropogenic"},"geometry":{"type":"Point","coordinates":[77.052168981277021,30.989261721553579]}},
{"type":"Feature","properties":{"Id":0,"area":218.131,"category":"Natural","ORIG_FID":735,"category_1":"Natural"},"geometry":{"type":"Point","coordinates":[77.051620019004545,30.986675403745934]}},
{"type":"Feature","properties":{"Id":0,"area":813.679,"category":"Natural","ORIG_FID":736,"category_1":"Natural"},"geometry":{"type":"Point","coordinates":[77.051742035139327,30.987053289818032]}},
{"type":"Feature","properties":{"Id":0,"area":272.851,"category":"Natural","ORIG_FID":737,"category_1":"Natural"},"geometry":{"type":"Point","coordinates":[77.051939754656232,30.98681922777649]}},
{"type":"Feature","properties":{"Id":0,"area":378.056,"category":"Natural","ORIG_FID":738,"category_1":"Natural"},"geometry":{"type":"Point","coordinates":[77.048823741193999,30.988507615836568]}},
{"type":"Feature","properties":{"Id":0,"area":370.499,"category":"Natural","ORIG_FID":739,"category_1":"Natural"},"geometry":{"type":"Point","coordinates":[77.049337064175461,30.988890963035999]}},
{"type":"Feature","properties":{"Id":0,"area":952.274,"category":"Natural","ORIG_FID":740,"category_1":"Natural"},"geometry":{"type":"Point","coordinates":[77.031111153452272,30.997876923158277]}},
{"type":"Feature","properties":{"Id":0,"area":177.12,"category":"Natural","ORIG_FID":741,"category_1":"Natural"},"geometry":{"type":"Point","coordinates":[77.030604322646823,30.99795258413889]}},
{"type":"Feature","properties":{"Id":0,"area":440.686,"category":"Natural","ORIG_FID":742,"category_1":"Natural"},"geometry":{"type":"Point","coordinates":[77.027997465630747,31.00101390083984]}},
{"type":"Feature","properties":{"Id":0,"area":946.256,"category":"Natural","ORIG_FID":743,"category_1":"Natural"},"geometry":{"type":"Point","coordinates":[77.031872339691631,30.995588648461929]}},
{"type":"Feature","properties":{"Id":0,"area":758.248,"category":"Natural","ORIG_FID":744,"category_1":"Natural"},"geometry":{"type":"Point","coordinates":[77.014452413755379,31.011444886437594]}},
{"type":"Feature","properties":{"Id":0,"area":780.828,"category":"Natural","ORIG_FID":745,"category_1":"Natural"},"geometry":{"type":"Point","coordinates":[77.018819470236537,31.007023169911964]}},
{"type":"Feature","properties":{"Id":0,"area":306.676,"category":"Natural","ORIG_FID":746,"category_1":"Natural"},"geometry":{"type":"Point","coordinates":[77.012993779883715,31.013307243484579]}},
{"type":"Feature","properties":{"Id":0,"area":2612.57,"category":"Natural","ORIG_FID":747,"category_1":"Natural"},"geometry":{"type":"Point","coordinates":[76.998585533604867,31.015123903212004]}},
{"type":"Feature","properties":{"Id":0,"area":3224.37,"category":"Natural","ORIG_FID":748,"category_1":"Natural"},"geometry":{"type":"Point","coordinates":[76.998012200517735,31.0150066471721]}},
{"type":"Feature","properties":{"Id":0,"area":1803.93,"category":"Anthropogenic","ORIG_FID":749,"category_1":"Anthropogenic"},"geometry":{"type":"Point","coordinates":[77.000628295821699,31.015699675760242]}},
{"type":"Feature","properties":{"Id":0,"area":899.122,"category":"Natural","ORIG_FID":750,"category_1":"Natural"},"geometry":{"type":"Point","coordinates":[76.999757981256664,31.01548710247484]}},
{"type":"Feature","properties":{"Id":0,"area":430.948,"category":"Natural","ORIG_FID":751,"category_1":"Natural"},"geometry":{"type":"Point","coordinates":[76.999462677919553,31.015401110221809]}},
{"type":"Feature","properties":{"Id":0,"area":720.689,"category":"Natural","ORIG_FID":752,"category_1":"Natural"},"geometry":{"type":"Point","coordinates":[76.998988736304696,31.015285187924658]}},
{"type":"Feature","properties":{"Id":0,"area":853.181,"category":"Natural","ORIG_FID":753,"category_1":"Natural"},"geometry":{"type":"Point","coordinates":[76.997224215131254,31.01483161410458]}},
{"type":"Feature","properties":{"Id":0,"area":669.857,"category":"Natural","ORIG_FID":754,"category_1":"Natural"},"geometry":{"type":"Point","coordinates":[76.996846274059848,31.013706688481641]}},
{"type":"Feature","properties":{"Id":0,"area":1170.17,"category":"Natural","ORIG_FID":755,"category_1":"Natural"},"geometry":{"type":"Point","coordinates":[77.001015936703965,31.016163622742972]}},
{"type":"Feature","properties":{"Id":0,"area":992.315,"category":"Anthropogenic","ORIG_FID":756,"category_1":"Anthropogenic"},"geometry":{"type":"Point","coordinates":[77.001092341586883,31.015767487767203]}},
{"type":"Feature","properties":{"Id":0,"area":2396.4,"category":"Natural","ORIG_FID":757,"category_1":"Natural"},"geometry":{"type":"Point","coordinates":[77.058238341670048,30.865224218356214]}},
{"type":"Feature","properties":{"Id":0,"area":2366.44,"category":"Natural","ORIG_FID":758,"category_1":"Natural"},"geometry":{"type":"Point","coordinates":[77.061486701259298,30.86240665110839]}},
{"type":"Feature","properties":{"Id":0,"area":194.753,"category":"Natural","ORIG_FID":759,"category_1":"Natural"},"geometry":{"type":"Point","coordinates":[77.061512614456774,30.86107173511072]}},
{"type":"Feature","properties":{"Id":0,"area":479.812,"category":"Natural","ORIG_FID":760,"category_1":"Natural"},"geometry":{"type":"Point","coordinates":[77.061229157304396,30.861840446347429]}},
{"type":"Feature","properties":{"Id":0,"area":307.6,"category":"Natural","ORIG_FID":761,"category_1":"Natural"},"geometry":{"type":"Point","coordinates":[77.061498511874362,30.861763588781496]}},
{"type":"Feature","properties":{"Id":0,"area":239.836,"category":"Natural","ORIG_FID":762,"category_1":"Natural"},"geometry":{"type":"Point","coordinates":[77.061799343081333,30.861839100022589]}},
{"type":"Feature","properties":{"Id":0,"area":340.931,"category":"Anthropogenic","ORIG_FID":763,"category_1":"Anthropogenic"},"geometry":{"type":"Point","coordinates":[77.049938733862234,30.866939829731933]}},
{"type":"Feature","properties":{"Id":0,"area":258.361,"category":"Anthropogenic","ORIG_FID":764,"category_1":"Anthropogenic"},"geometry":{"type":"Point","coordinates":[77.012423349695993,30.869989267321991]}},
{"type":"Feature","properties":{"Id":0,"area":505.153,"category":"Anthropogenic","ORIG_FID":765,"category_1":"Anthropogenic"},"geometry":{"type":"Point","coordinates":[76.931692860854454,30.911026589078997]}},
{"type":"Feature","properties":{"Id":0,"area":527.03,"category":"Anthropogenic","ORIG_FID":766,"category_1":"Anthropogenic"},"geometry":{"type":"Point","coordinates":[76.932025651266102,30.910255159175257]}},
{"type":"Feature","properties":{"Id":0,"area":782.652,"category":"Anthropogenic","ORIG_FID":767,"category_1":"Anthropogenic"},"geometry":{"type":"Point","coordinates":[76.936716653354068,30.912164720349473]}},
{"type":"Feature","properties":{"Id":0,"area":1007.79,"category":"Anthropogenic","ORIG_FID":768,"category_1":"Anthropogenic"},"geometry":{"type":"Point","coordinates":[76.937390057740899,30.912254740166762]}},
{"type":"Feature","properties":{"Id":0,"area":227.603,"category":"Anthropogenic","ORIG_FID":769,"category_1":"Anthropogenic"},"geometry":{"type":"Point","coordinates":[76.940392915925031,30.912080368757287]}},
{"type":"Feature","properties":{"Id":0,"area":214.372,"category":"Anthropogenic","ORIG_FID":770,"category_1":"Anthropogenic"},"geometry":{"type":"Point","coordinates":[76.939755511409828,30.91252154711707]}},
{"type":"Feature","properties":{"Id":0,"area":530.941,"category":"Anthropogenic","ORIG_FID":771,"category_1":"Anthropogenic"},"geometry":{"type":"Point","coordinates":[76.932992211639004,30.907628795642321]}},
{"type":"Feature","properties":{"Id":0,"area":1064.73,"category":"Anthropogenic","ORIG_FID":772,"category_1":"Anthropogenic"},"geometry":{"type":"Point","coordinates":[76.933354864076236,30.90871915836043]}},
{"type":"Feature","properties":{"Id":0,"area":787.552,"category":"Anthropogenic","ORIG_FID":773,"category_1":"Anthropogenic"},"geometry":{"type":"Point","coordinates":[76.932457418756158,30.90864853558702]}},
{"type":"Feature","properties":{"Id":0,"area":4252.56,"category":"Anthropogenic","ORIG_FID":774,"category_1":"Anthropogenic"},"geometry":{"type":"Point","coordinates":[76.934378517010487,30.906991342070715]}},
{"type":"Feature","properties":{"Id":0,"area":753.81,"category":"Natural","ORIG_FID":775,"category_1":"Natural"},"geometry":{"type":"Point","coordinates":[76.927763680028278,30.901828088452945]}},
{"type":"Feature","properties":{"Id":0,"area":2037.41,"category":"Anthropogenic","ORIG_FID":776,"category_1":"Anthropogenic"},"geometry":{"type":"Point","coordinates":[76.930004582539212,30.900514330505935]}},
{"type":"Feature","properties":{"Id":0,"area":5625.95,"category":"Anthropogenic","ORIG_FID":777,"category_1":"Anthropogenic"},"geometry":{"type":"Point","coordinates":[76.930674384330885,30.899278733255542]}},
{"type":"Feature","properties":{"Id":0,"area":1000.85,"category":"Anthropogenic","ORIG_FID":778,"category_1":"Anthropogenic"},"geometry":{"type":"Point","coordinates":[76.929202308208829,30.899648342896331]}},
{"type":"Feature","properties":{"Id":0,"area":272.143,"category":"Anthropogenic","ORIG_FID":779,"category_1":"Anthropogenic"},"geometry":{"type":"Point","coordinates":[76.92924683457727,30.899133704901022]}},
{"type":"Feature","properties":{"Id":0,"area":99.7216,"category":"Anthropogenic","ORIG_FID":780,"category_1":"Anthropogenic"},"geometry":{"type":"Point","coordinates":[76.928829057845974,30.899465792742575]}},
{"type":"Feature","properties":{"Id":0,"area":759.988,"category":"Anthropogenic","ORIG_FID":781,"category_1":"Anthropogenic"},"geometry":{"type":"Point","coordinates":[76.923860805864948,30.897987961094739]}},
{"type":"Feature","properties":{"Id":0,"area":2181.74,"category":"Natural","ORIG_FID":782,"category_1":"Natural"},"geometry":{"type":"Point","coordinates":[76.925832282706011,30.895168229352816]}},
{"type":"Feature","properties":{"Id":0,"area":812.614,"category":"Natural","ORIG_FID":783,"category_1":"Natural"},"geometry":{"type":"Point","coordinates":[76.932174667963835,30.893851559954122]}},
{"type":"Feature","properties":{"Id":0,"area":281.279,"category":"Natural","ORIG_FID":784,"category_1":"Natural"},"geometry":{"type":"Point","coordinates":[76.931734000976334,30.893152358699599]}},
{"type":"Feature","properties":{"Id":0,"area":519.714,"category":"Natural","ORIG_FID":785,"category_1":"Natural"},"geometry":{"type":"Point","coordinates":[76.932419307600355,30.892904615887876]}},
{"type":"Feature","properties":{"Id":0,"area":426.538,"category":"Natural","ORIG_FID":786,"category_1":"Natural"},"geometry":{"type":"Point","coordinates":[76.925612145964436,30.887442640077246]}},
{"type":"Feature","properties":{"Id":0,"area":521.989,"category":"Natural","ORIG_FID":787,"category_1":"Natural"},"geometry":{"type":"Point","coordinates":[76.919046911270911,30.883714672259515]}},
{"type":"Feature","properties":{"Id":0,"area":304.31,"category":"Natural","ORIG_FID":788,"category_1":"Natural"},"geometry":{"type":"Point","coordinates":[76.919636763218492,30.882941678220838]}},
{"type":"Feature","properties":{"Id":0,"area":227.445,"category":"Natural","ORIG_FID":789,"category_1":"Natural"},"geometry":{"type":"Point","coordinates":[76.919120819091745,30.882793224219132]}},
{"type":"Feature","properties":{"Id":0,"area":495.213,"category":"Natural","ORIG_FID":790,"category_1":"Natural"},"geometry":{"type":"Point","coordinates":[76.919744785476169,30.882270277752642]}},
{"type":"Feature","properties":{"Id":0,"area":266.508,"category":"Natural","ORIG_FID":791,"category_1":"Natural"},"geometry":{"type":"Point","coordinates":[76.92068569839337,30.882272973284792]}},
{"type":"Feature","properties":{"Id":0,"area":1909.03,"category":"Natural","ORIG_FID":792,"category_1":"Natural"},"geometry":{"type":"Point","coordinates":[76.922006518016502,30.882373137623429]}},
{"type":"Feature","properties":{"Id":0,"area":273.893,"category":"Natural","ORIG_FID":799,"category_1":"Natural"},"geometry":{"type":"Point","coordinates":[76.939187305090513,30.881612385413415]}},
{"type":"Feature","properties":{"Id":0,"area":189.643,"category":"Natural","ORIG_FID":800,"category_1":"Natural"},"geometry":{"type":"Point","coordinates":[76.934985977797311,30.888175236782306]}},
{"type":"Feature","properties":{"Id":0,"area":441.659,"category":"Anthropogenic","ORIG_FID":801,"category_1":"Anthropogenic"},"geometry":{"type":"Point","coordinates":[76.939096312286566,30.887791173171195]}},
{"type":"Feature","properties":{"Id":0,"area":323.526,"category":"Anthropogenic","ORIG_FID":802,"category_1":"Anthropogenic"},"geometry":{"type":"Point","coordinates":[76.938914777325564,30.88899222867277]}},
{"type":"Feature","properties":{"Id":0,"area":248.936,"category":"Anthropogenic","ORIG_FID":803,"category_1":"Anthropogenic"},"geometry":{"type":"Point","coordinates":[76.93751562582375,30.88999460541956]}},
{"type":"Feature","properties":{"Id":0,"area":195.453,"category":"Anthropogenic","ORIG_FID":804,"category_1":"Anthropogenic"},"geometry":{"type":"Point","coordinates":[76.941953837508322,30.886300006657443]}},
{"type":"Feature","properties":{"Id":0,"area":232.17,"category":"Anthropogenic","ORIG_FID":805,"category_1":"Anthropogenic"},"geometry":{"type":"Point","coordinates":[76.941837455738934,30.888543856884223]}},
{"type":"Feature","properties":{"Id":0,"area":308.02,"category":"Anthropogenic","ORIG_FID":806,"category_1":"Anthropogenic"},"geometry":{"type":"Point","coordinates":[76.939173663885782,30.884944641941669]}},
{"type":"Feature","properties":{"Id":0,"area":266.998,"category":"Anthropogenic","ORIG_FID":807,"category_1":"Anthropogenic"},"geometry":{"type":"Point","coordinates":[76.942306272599765,30.888194761519593]}},
{"type":"Feature","properties":{"Id":0,"area":572.086,"category":"Anthropogenic","ORIG_FID":808,"category_1":"Anthropogenic"},"geometry":{"type":"Point","coordinates":[76.945096340754262,30.889793752391622]}},
{"type":"Feature","properties":{"Id":0,"area":696.566,"category":"Anthropogenic","ORIG_FID":809,"category_1":"Anthropogenic"},"geometry":{"type":"Point","coordinates":[76.945692282069672,30.890785327700151]}},
{"type":"Feature","properties":{"Id":0,"area":658.787,"category":"Natural","ORIG_FID":810,"category_1":"Natural"},"geometry":{"type":"Point","coordinates":[76.945194653143133,30.884477662852834]}},
{"type":"Feature","properties":{"Id":0,"area":659.137,"category":"Anthropogenic","ORIG_FID":811,"category_1":"Anthropogenic"},"geometry":{"type":"Point","coordinates":[76.94605805084781,30.877919294532393]}},
{"type":"Feature","properties":{"Id":0,"area":658.481,"category":"Anthropogenic","ORIG_FID":812,"category_1":"Anthropogenic"},"geometry":{"type":"Point","coordinates":[76.946706470629252,30.878442820938343]}},
{"type":"Feature","properties":{"Id":0,"area":509.065,"category":"Anthropogenic","ORIG_FID":813,"category_1":"Anthropogenic"},"geometry":{"type":"Point","coordinates":[76.944304673860884,30.87777493171216]}},
{"type":"Feature","properties":{"Id":0,"area":767.863,"category":"Anthropogenic","ORIG_FID":814,"category_1":"Anthropogenic"},"geometry":{"type":"Point","coordinates":[76.943077943445289,30.877309078996653]}},
{"type":"Feature","properties":{"Id":0,"area":344.003,"category":"Anthropogenic","ORIG_FID":815,"category_1":"Anthropogenic"},"geometry":{"type":"Point","coordinates":[76.947301698209898,30.879021594865183]}},
{"type":"Feature","properties":{"Id":0,"area":840.475,"category":"Anthropogenic","ORIG_FID":816,"category_1":"Anthropogenic"},"geometry":{"type":"Point","coordinates":[76.948458069686623,30.877398445869332]}},
{"type":"Feature","properties":{"Id":0,"area":479.094,"category":"Anthropogenic","ORIG_FID":817,"category_1":"Anthropogenic"},"geometry":{"type":"Point","coordinates":[76.96089679116939,30.879230960685131]}},
{"type":"Feature","properties":{"Id":0,"area":413.027,"category":"Anthropogenic","ORIG_FID":818,"category_1":"Anthropogenic"},"geometry":{"type":"Point","coordinates":[76.961987575057236,30.879239700959317]}},
{"type":"Feature","properties":{"Id":0,"area":670.924,"category":"Natural","ORIG_FID":819,"category_1":"Natural"},"geometry":{"type":"Point","coordinates":[76.967986257480106,30.873135633608559]}},
{"type":"Feature","properties":{"Id":0,"area":691.646,"category":"Natural","ORIG_FID":820,"category_1":"Natural"},"geometry":{"type":"Point","coordinates":[76.970313870373928,30.874095074670795]}},
{"type":"Feature","properties":{"Id":0,"area":2654.49,"category":"Natural","ORIG_FID":821,"category_1":"Natural"},"geometry":{"type":"Point","coordinates":[76.972497890540467,30.87445169055303]}},
{"type":"Feature","properties":{"Id":0,"area":4101.83,"category":"Anthropogenic","ORIG_FID":822,"category_1":"Anthropogenic"},"geometry":{"type":"Point","coordinates":[76.980975847387171,30.881149301479667]}},
{"type":"Feature","properties":{"Id":0,"area":328.882,"category":"Anthropogenic","ORIG_FID":823,"category_1":"Anthropogenic"},"geometry":{"type":"Point","coordinates":[76.982489060186737,30.878305077563819]}},
{"type":"Feature","properties":{"Id":0,"area":1200.8,"category":"Natural","ORIG_FID":824,"category_1":"Natural"},"geometry":{"type":"Point","coordinates":[76.984360931919014,30.87869206459639]}},
{"type":"Feature","properties":{"Id":0,"area":1012.44,"category":"Anthropogenic","ORIG_FID":825,"category_1":"Anthropogenic"},"geometry":{"type":"Point","coordinates":[76.981800339859589,30.874466497996952]}},
{"type":"Feature","properties":{"Id":0,"area":688.67,"category":"Anthropogenic","ORIG_FID":826,"category_1":"Anthropogenic"},"geometry":{"type":"Point","coordinates":[76.980117934287179,30.874323810679048]}},
{"type":"Feature","properties":{"Id":0,"area":783.614,"category":"Anthropogenic","ORIG_FID":827,"category_1":"Anthropogenic"},"geometry":{"type":"Point","coordinates":[76.985831910371544,30.873656762801811]}},
{"type":"Feature","properties":{"Id":0,"area":774.426,"category":"Anthropogenic","ORIG_FID":828,"category_1":"Anthropogenic"},"geometry":{"type":"Point","coordinates":[76.985480432947554,30.87358117830259]}},
{"type":"Feature","properties":{"Id":0,"area":877.027,"category":"Natural","ORIG_FID":829,"category_1":"Natural"},"geometry":{"type":"Point","coordinates":[76.985772364225113,30.873124149528117]}},
{"type":"Feature","properties":{"Id":0,"area":214.389,"category":"Anthropogenic","ORIG_FID":830,"category_1":"Anthropogenic"},"geometry":{"type":"Point","coordinates":[76.986841378392128,30.872946301021482]}},
{"type":"Feature","properties":{"Id":0,"area":307.802,"category":"Natural","ORIG_FID":831,"category_1":"Natural"},"geometry":{"type":"Point","coordinates":[76.986531958019341,30.873008508022252]}},
{"type":"Feature","properties":{"Id":0,"area":528.097,"category":"Natural","ORIG_FID":832,"category_1":"Natural"},"geometry":{"type":"Point","coordinates":[76.98615628627897,30.873173523227486]}},
{"type":"Feature","properties":{"Id":0,"area":3707.18,"category":"Anthropogenic","ORIG_FID":833,"category_1":"Anthropogenic"},"geometry":{"type":"Point","coordinates":[76.983287176998516,30.870680999903747]}},
{"type":"Feature","properties":{"Id":0,"area":966.72,"category":"Anthropogenic","ORIG_FID":834,"category_1":"Anthropogenic"},"geometry":{"type":"Point","coordinates":[76.983016955868635,30.870189600112759]}},
{"type":"Feature","properties":{"Id":0,"area":291.762,"category":"Natural","ORIG_FID":835,"category_1":"Natural"},"geometry":{"type":"Point","coordinates":[76.983715927977343,30.870348630556151]}},
{"type":"Feature","properties":{"Id":0,"area":251.308,"category":"Natural","ORIG_FID":836,"category_1":"Natural"},"geometry":{"type":"Point","coordinates":[76.989297398359042,30.870064071749319]}},
{"type":"Feature","properties":{"Id":0,"area":718.247,"category":"Anthropogenic","ORIG_FID":837,"category_1":"Anthropogenic"},"geometry":{"type":"Point","coordinates":[76.993971680364083,30.870949336503116]}},
{"type":"Feature","properties":{"Id":0,"area":162.214,"category":"Anthropogenic","ORIG_FID":838,"category_1":"Anthropogenic"},"geometry":{"type":"Point","coordinates":[76.991958478409941,30.872066464551455]}},
{"type":"Feature","properties":{"Id":0,"area":2342.75,"category":"Anthropogenic","ORIG_FID":839,"category_1":"Anthropogenic"},"geometry":{"type":"Point","coordinates":[76.992991330239235,30.87128896573174]}},
{"type":"Feature","properties":{"Id":0,"area":400.146,"category":"Anthropogenic","ORIG_FID":840,"category_1":"Anthropogenic"},"geometry":{"type":"Point","coordinates":[76.993991052552644,30.871642102012526]}},
{"type":"Feature","properties":{"Id":0,"area":188.382,"category":"Anthropogenic","ORIG_FID":841,"category_1":"Anthropogenic"},"geometry":{"type":"Point","coordinates":[77.00000249240756,30.870913527786367]}},
{"type":"Feature","properties":{"Id":0,"area":4613.58,"category":"Natural","ORIG_FID":842,"category_1":"Natural"},"geometry":{"type":"Point","coordinates":[77.006190546282554,30.865464509684902]}},
{"type":"Feature","properties":{"Id":0,"area":615.603,"category":"Natural","ORIG_FID":843,"category_1":"Natural"},"geometry":{"type":"Point","coordinates":[77.002757686519587,30.867527985406301]}},
{"type":"Feature","properties":{"Id":0,"area":460.167,"category":"Anthropogenic","ORIG_FID":844,"category_1":"Anthropogenic"},"geometry":{"type":"Point","coordinates":[77.017373826091784,30.907865388716559]}},
{"type":"Feature","properties":{"Id":0,"area":274.068,"category":"Anthropogenic","ORIG_FID":845,"category_1":"Anthropogenic"},"geometry":{"type":"Point","coordinates":[77.013561204359519,30.908730799673972]}},
{"type":"Feature","properties":{"Id":0,"area":670.679,"category":"Anthropogenic","ORIG_FID":846,"category_1":"Anthropogenic"},"geometry":{"type":"Point","coordinates":[77.010249722024923,30.906058273800063]}},
{"type":"Feature","properties":{"Id":0,"area":169.954,"category":"Anthropogenic","ORIG_FID":847,"category_1":"Anthropogenic"},"geometry":{"type":"Point","coordinates":[77.00950550210905,30.90513809652148]}},
{"type":"Feature","properties":{"Id":0,"area":208.222,"category":"Natural","ORIG_FID":848,"category_1":"Natural"},"geometry":{"type":"Point","coordinates":[77.005541373776879,30.907761019358222]}},
{"type":"Feature","properties":{"Id":0,"area":1343.6,"category":"Anthropogenic","ORIG_FID":849,"category_1":"Anthropogenic"},"geometry":{"type":"Point","coordinates":[77.00929654730578,30.908736760703945]}},
{"type":"Feature","properties":{"Id":0,"area":492.658,"category":"Anthropogenic","ORIG_FID":850,"category_1":"Anthropogenic"},"geometry":{"type":"Point","coordinates":[77.009590458745976,30.908384263326795]}},
{"type":"Feature","properties":{"Id":0,"area":379.72,"category":"Anthropogenic","ORIG_FID":851,"category_1":"Anthropogenic"},"geometry":{"type":"Point","coordinates":[77.001744850644769,30.902528989572314]}},
{"type":"Feature","properties":{"Id":0,"area":523.577,"category":"Natural","ORIG_FID":852,"category_1":"Natural"},"geometry":{"type":"Point","coordinates":[77.003442716831572,30.903413332415013]}},
{"type":"Feature","properties":{"Id":0,"area":539.09,"category":"Anthropogenic","ORIG_FID":853,"category_1":"Anthropogenic"},"geometry":{"type":"Point","coordinates":[76.999370984455538,30.90184952353324]}},
{"type":"Feature","properties":{"Id":0,"area":167.245,"category":"Anthropogenic","ORIG_FID":854,"category_1":"Anthropogenic"},"geometry":{"type":"Point","coordinates":[76.999720109786253,30.901914795100641]}},
{"type":"Feature","properties":{"Id":0,"area":222.921,"category":"Natural","ORIG_FID":855,"category_1":"Natural"},"geometry":{"type":"Point","coordinates":[76.998486379984087,30.900204691431817]}},
{"type":"Feature","properties":{"Id":0,"area":167.902,"category":"Anthropogenic","ORIG_FID":856,"category_1":"Anthropogenic"},"geometry":{"type":"Point","coordinates":[76.995456244371567,30.901245254082106]}},
{"type":"Feature","properties":{"Id":0,"area":894.799,"category":"Natural","ORIG_FID":857,"category_1":"Natural"},"geometry":{"type":"Point","coordinates":[76.9976911028416,30.897817336014516]}},
{"type":"Feature","properties":{"Id":0,"area":1654.77,"category":"Anthropogenic","ORIG_FID":858,"category_1":"Anthropogenic"},"geometry":{"type":"Point","coordinates":[76.989979214366457,30.902148870617665]}},
{"type":"Feature","properties":{"Id":0,"area":2650.23,"category":"Anthropogenic","ORIG_FID":859,"category_1":"Anthropogenic"},"geometry":{"type":"Point","coordinates":[76.989652716996531,30.901583551282343]}},
{"type":"Feature","properties":{"Id":0,"area":559.381,"category":"Natural","ORIG_FID":860,"category_1":"Natural"},"geometry":{"type":"Point","coordinates":[76.987189176873358,30.906069849662011]}},
{"type":"Feature","properties":{"Id":0,"area":873.745,"category":"Natural","ORIG_FID":861,"category_1":"Natural"},"geometry":{"type":"Point","coordinates":[76.986692888595897,30.906463881724157]}},
{"type":"Feature","properties":{"Id":0,"area":182.633,"category":"Natural","ORIG_FID":862,"category_1":"Natural"},"geometry":{"type":"Point","coordinates":[76.987057522369312,30.906832040680861]}},
{"type":"Feature","properties":{"Id":0,"area":148.55,"category":"Natural","ORIG_FID":863,"category_1":"Natural"},"geometry":{"type":"Point","coordinates":[76.987491281165546,30.907732935789408]}},
{"type":"Feature","properties":{"Id":0,"area":378.244,"category":"Anthropogenic","ORIG_FID":864,"category_1":"Anthropogenic"},"geometry":{"type":"Point","coordinates":[76.972971660324703,30.908389935388787]}},
{"type":"Feature","properties":{"Id":0,"area":359.649,"category":"Anthropogenic","ORIG_FID":865,"category_1":"Anthropogenic"},"geometry":{"type":"Point","coordinates":[76.97326706936208,30.908582878657231]}},
{"type":"Feature","properties":{"Id":0,"area":515.19,"category":"Natural","ORIG_FID":866,"category_1":"Natural"},"geometry":{"type":"Point","coordinates":[76.973626745431744,30.908596961630124]}},
{"type":"Feature","properties":{"Id":0,"area":257.267,"category":"Natural","ORIG_FID":867,"category_1":"Natural"},"geometry":{"type":"Point","coordinates":[76.973722991848987,30.907565679968528]}},
{"type":"Feature","properties":{"Id":0,"area":261.423,"category":"Anthropogenic","ORIG_FID":868,"category_1":"Anthropogenic"},"geometry":{"type":"Point","coordinates":[76.97319742194027,30.907957906324352]}},
{"type":"Feature","properties":{"Id":0,"area":209.883,"category":"Natural","ORIG_FID":869,"category_1":"Natural"},"geometry":{"type":"Point","coordinates":[76.973459345715938,30.907622792125078]}},
{"type":"Feature","properties":{"Id":0,"area":302.892,"category":"Natural","ORIG_FID":870,"category_1":"Natural"},"geometry":{"type":"Point","coordinates":[76.97368240937864,30.907838275077363]}},
{"type":"Feature","properties":{"Id":0,"area":225.004,"category":"Natural","ORIG_FID":871,"category_1":"Natural"},"geometry":{"type":"Point","coordinates":[76.973682111878873,30.908102246633309]}},
{"type":"Feature","properties":{"Id":0,"area":1069.26,"category":"Natural","ORIG_FID":872,"category_1":"Natural"},"geometry":{"type":"Point","coordinates":[76.980773226099558,30.910458746487013]}},
{"type":"Feature","properties":{"Id":0,"area":367.393,"category":"Natural","ORIG_FID":873,"category_1":"Natural"},"geometry":{"type":"Point","coordinates":[76.982324687487136,30.910530440183393]}},
{"type":"Feature","properties":{"Id":0,"area":159.007,"category":"Natural","ORIG_FID":874,"category_1":"Natural"},"geometry":{"type":"Point","coordinates":[76.982083184149545,30.911230038763737]}},
{"type":"Feature","properties":{"Id":0,"area":316.911,"category":"Natural","ORIG_FID":875,"category_1":"Natural"},"geometry":{"type":"Point","coordinates":[76.981992765283209,30.911513006437399]}},
{"type":"Feature","properties":{"Id":0,"area":353.611,"category":"Natural","ORIG_FID":876,"category_1":"Natural"},"geometry":{"type":"Point","coordinates":[76.982193637709386,30.911719013715494]}},
{"type":"Feature","properties":{"Id":0,"area":146.642,"category":"Natural","ORIG_FID":877,"category_1":"Natural"},"geometry":{"type":"Point","coordinates":[76.982255473309195,30.911496027161597]}},
{"type":"Feature","properties":{"Id":0,"area":544.916,"category":"Natural","ORIG_FID":878,"category_1":"Natural"},"geometry":{"type":"Point","coordinates":[76.972696668822209,30.911571446721794]}},
{"type":"Feature","properties":{"Id":0,"area":1101.81,"category":"Natural","ORIG_FID":879,"category_1":"Natural"},"geometry":{"type":"Point","coordinates":[76.971202494477254,30.913610324694556]}},
{"type":"Feature","properties":{"Id":0,"area":636.55,"category":"Natural","ORIG_FID":880,"category_1":"Natural"},"geometry":{"type":"Point","coordinates":[76.972979609896257,30.913855862319416]}},
{"type":"Feature","properties":{"Id":0,"area":303.764,"category":"Anthropogenic","ORIG_FID":881,"category_1":"Anthropogenic"},"geometry":{"type":"Point","coordinates":[76.94896370367411,30.911113220509375]}},
{"type":"Feature","properties":{"Id":0,"area":350.303,"category":"Anthropogenic","ORIG_FID":882,"category_1":"Anthropogenic"},"geometry":{"type":"Point","coordinates":[76.949628391479223,30.91090183521608]}},
{"type":"Feature","properties":{"Id":0,"area":335.585,"category":"Natural","ORIG_FID":883,"category_1":"Natural"},"geometry":{"type":"Point","coordinates":[76.958914442607153,30.906108930089569]}},
{"type":"Feature","properties":{"Id":0,"area":440.154,"category":"Anthropogenic","ORIG_FID":884,"category_1":"Anthropogenic"},"geometry":{"type":"Point","coordinates":[76.96549963565846,30.9061960495312]}},
{"type":"Feature","properties":{"Id":0,"area":600.43,"category":"Anthropogenic","ORIG_FID":885,"category_1":"Anthropogenic"},"geometry":{"type":"Point","coordinates":[76.984687032918714,30.897196761625249]}},
{"type":"Feature","properties":{"Id":0,"area":996.726,"category":"Anthropogenic","ORIG_FID":886,"category_1":"Anthropogenic"},"geometry":{"type":"Point","coordinates":[76.984840032149279,30.89749570369834]}},
{"type":"Feature","properties":{"Id":0,"area":187.437,"category":"Anthropogenic","ORIG_FID":887,"category_1":"Anthropogenic"},"geometry":{"type":"Point","coordinates":[76.985677359089891,30.898098653227699]}},
{"type":"Feature","properties":{"Id":0,"area":356.604,"category":"Anthropogenic","ORIG_FID":888,"category_1":"Anthropogenic"},"geometry":{"type":"Point","coordinates":[76.985968018009089,30.897550130632478]}},
{"type":"Feature","properties":{"Id":0,"area":386.531,"category":"Anthropogenic","ORIG_FID":889,"category_1":"Anthropogenic"},"geometry":{"type":"Point","coordinates":[76.987064168816403,30.897646421776553]}},
{"type":"Feature","properties":{"Id":0,"area":445.369,"category":"Anthropogenic","ORIG_FID":890,"category_1":"Anthropogenic"},"geometry":{"type":"Point","coordinates":[76.987823131908343,30.898219291628607]}},
{"type":"Feature","properties":{"Id":0,"area":149.53,"category":"Anthropogenic","ORIG_FID":891,"category_1":"Anthropogenic"},"geometry":{"type":"Point","coordinates":[76.987147472731863,30.897895775778267]}},
{"type":"Feature","properties":{"Id":0,"area":170.811,"category":"Natural","ORIG_FID":892,"category_1":"Natural"},"geometry":{"type":"Point","coordinates":[76.987944067985651,30.896112970335601]}},
{"type":"Feature","properties":{"Id":0,"area":311.521,"category":"Anthropogenic","ORIG_FID":893,"category_1":"Anthropogenic"},"geometry":{"type":"Point","coordinates":[76.988111710483736,30.896371834718067]}},
{"type":"Feature","properties":{"Id":0,"area":515.299,"category":"Anthropogenic","ORIG_FID":894,"category_1":"Anthropogenic"},"geometry":{"type":"Point","coordinates":[76.987447088388194,30.898024509884731]}},
{"type":"Feature","properties":{"Id":0,"area":402.667,"category":"Anthropogenic","ORIG_FID":895,"category_1":"Anthropogenic"},"geometry":{"type":"Point","coordinates":[76.982290407600416,30.893565865889332]}},
{"type":"Feature","properties":{"Id":0,"area":721.468,"category":"Anthropogenic","ORIG_FID":896,"category_1":"Anthropogenic"},"geometry":{"type":"Point","coordinates":[76.982491169094018,30.893297143155717]}},
{"type":"Feature","properties":{"Id":0,"area":461.75,"category":"Anthropogenic","ORIG_FID":897,"category_1":"Anthropogenic"},"geometry":{"type":"Point","coordinates":[76.979950403945395,30.892858570500955]}},
{"type":"Feature","properties":{"Id":0,"area":184.812,"category":"Anthropogenic","ORIG_FID":898,"category_1":"Anthropogenic"},"geometry":{"type":"Point","coordinates":[76.98028416945472,30.892390748348891]}},
{"type":"Feature","properties":{"Id":0,"area":154.43,"category":"Natural","ORIG_FID":899,"category_1":"Natural"},"geometry":{"type":"Point","coordinates":[76.980648663050403,30.892964483322885]}},
{"type":"Feature","properties":{"Id":0,"area":183.272,"category":"Natural","ORIG_FID":900,"category_1":"Natural"},"geometry":{"type":"Point","coordinates":[76.97905958937254,30.894299184311688]}},
{"type":"Feature","properties":{"Id":0,"area":235.916,"category":"Natural","ORIG_FID":901,"category_1":"Natural"},"geometry":{"type":"Point","coordinates":[76.978623595375097,30.894992303304608]}},
{"type":"Feature","properties":{"Id":0,"area":315.441,"category":"Natural","ORIG_FID":902,"category_1":"Natural"},"geometry":{"type":"Point","coordinates":[76.979766880153534,30.890362183373551]}},
{"type":"Feature","properties":{"Id":0,"area":192.403,"category":"Anthropogenic","ORIG_FID":903,"category_1":"Anthropogenic"},"geometry":{"type":"Point","coordinates":[76.979233703011204,30.891275740752278]}},
{"type":"Feature","properties":{"Id":0,"area":148.924,"category":"Anthropogenic","ORIG_FID":904,"category_1":"Anthropogenic"},"geometry":{"type":"Point","coordinates":[76.981190014002038,30.889914449960759]}},
{"type":"Feature","properties":{"Id":0,"area":197.973,"category":"Natural","ORIG_FID":905,"category_1":"Natural"},"geometry":{"type":"Point","coordinates":[76.982795619535054,30.887018920859713]}},
{"type":"Feature","properties":{"Id":0,"area":219.534,"category":"Anthropogenic","ORIG_FID":906,"category_1":"Anthropogenic"},"geometry":{"type":"Point","coordinates":[76.982813207907014,30.887980751167511]}},
{"type":"Feature","properties":{"Id":0,"area":267.698,"category":"Anthropogenic","ORIG_FID":907,"category_1":"Anthropogenic"},"geometry":{"type":"Point","coordinates":[76.983157531414321,30.887839954896137]}},
{"type":"Feature","properties":{"Id":0,"area":134.829,"category":"Natural","ORIG_FID":908,"category_1":"Natural"},"geometry":{"type":"Point","coordinates":[76.982667424849666,30.886525446009667]}},
{"type":"Feature","properties":{"Id":0,"area":142.529,"category":"Anthropogenic","ORIG_FID":909,"category_1":"Anthropogenic"},"geometry":{"type":"Point","coordinates":[76.983616432324027,30.887703279912163]}},
{"type":"Feature","properties":{"Id":0,"area":417.648,"category":"Anthropogenic","ORIG_FID":910,"category_1":"Anthropogenic"},"geometry":{"type":"Point","coordinates":[76.986852381274787,30.883285117966768]}},
{"type":"Feature","properties":{"Id":0,"area":265.458,"category":"Anthropogenic","ORIG_FID":911,"category_1":"Anthropogenic"},"geometry":{"type":"Point","coordinates":[76.989236364858868,30.881016560065977]}},
{"type":"Feature","properties":{"Id":0,"area":249.446,"category":"Anthropogenic","ORIG_FID":912,"category_1":"Anthropogenic"},"geometry":{"type":"Point","coordinates":[76.988774326546903,30.881519167668074]}},
{"type":"Feature","properties":{"Id":0,"area":317.121,"category":"Anthropogenic","ORIG_FID":913,"category_1":"Anthropogenic"},"geometry":{"type":"Point","coordinates":[76.990423226639152,30.881377342461136]}},
{"type":"Feature","properties":{"Id":0,"area":243.056,"category":"Anthropogenic","ORIG_FID":914,"category_1":"Anthropogenic"},"geometry":{"type":"Point","coordinates":[76.994435984380075,30.880409505177457]}},
{"type":"Feature","properties":{"Id":0,"area":639.282,"category":"Anthropogenic","ORIG_FID":915,"category_1":"Anthropogenic"},"geometry":{"type":"Point","coordinates":[76.994535275251977,30.879946710956826]}},
{"type":"Feature","properties":{"Id":0,"area":471.271,"category":"Natural","ORIG_FID":916,"category_1":"Natural"},"geometry":{"type":"Point","coordinates":[76.995014832773819,30.881105785073142]}},
{"type":"Feature","properties":{"Id":0,"area":194.208,"category":"Anthropogenic","ORIG_FID":917,"category_1":"Anthropogenic"},"geometry":{"type":"Point","coordinates":[76.994560451677444,30.879208246761284]}},
{"type":"Feature","properties":{"Id":0,"area":186.212,"category":"Anthropogenic","ORIG_FID":918,"category_1":"Anthropogenic"},"geometry":{"type":"Point","coordinates":[76.994710544938741,30.879394348676428]}},
{"type":"Feature","properties":{"Id":0,"area":277.297,"category":"Natural","ORIG_FID":919,"category_1":"Natural"},"geometry":{"type":"Point","coordinates":[76.989646262625172,30.894391402177973]}},
{"type":"Feature","properties":{"Id":0,"area":327.07,"category":"Natural","ORIG_FID":920,"category_1":"Natural"},"geometry":{"type":"Point","coordinates":[76.989903756744667,30.894480732463734]}},
{"type":"Feature","properties":{"Id":0,"area":511.279,"category":"Anthropogenic","ORIG_FID":921,"category_1":"Anthropogenic"},"geometry":{"type":"Point","coordinates":[76.992966568847962,30.88633168003263]}},
{"type":"Feature","properties":{"Id":0,"area":927.421,"category":"Anthropogenic","ORIG_FID":922,"category_1":"Anthropogenic"},"geometry":{"type":"Point","coordinates":[76.987594106243805,30.889823810148453]}},
{"type":"Feature","properties":{"Id":0,"area":627.416,"category":"Natural","ORIG_FID":923,"category_1":"Natural"},"geometry":{"type":"Point","coordinates":[76.996404120141335,30.886767259495898]}},
{"type":"Feature","properties":{"Id":0,"area":382.619,"category":"Natural","ORIG_FID":924,"category_1":"Natural"},"geometry":{"type":"Point","coordinates":[76.993336384940179,30.887980073472018]}},
{"type":"Feature","properties":{"Id":0,"area":362.493,"category":"Anthropogenic","ORIG_FID":925,"category_1":"Anthropogenic"},"geometry":{"type":"Point","coordinates":[76.992651212131861,30.885582338787163]}},
{"type":"Feature","properties":{"Id":0,"area":257.766,"category":"Natural","ORIG_FID":926,"category_1":"Natural"},"geometry":{"type":"Point","coordinates":[76.995759485613917,30.888759231592584]}},
{"type":"Feature","properties":{"Id":0,"area":353.383,"category":"Natural","ORIG_FID":927,"category_1":"Natural"},"geometry":{"type":"Point","coordinates":[77.012883276736858,30.890937988849505]}},
{"type":"Feature","properties":{"Id":0,"area":290.099,"category":"Natural","ORIG_FID":928,"category_1":"Natural"},"geometry":{"type":"Point","coordinates":[77.010793801071458,30.891669969555309]}},
{"type":"Feature","properties":{"Id":0,"area":380.397,"category":"Natural","ORIG_FID":929,"category_1":"Natural"},"geometry":{"type":"Point","coordinates":[77.008649738939297,30.891799604026392]}},
{"type":"Feature","properties":{"Id":0,"area":630.479,"category":"Anthropogenic","ORIG_FID":930,"category_1":"Anthropogenic"},"geometry":{"type":"Point","coordinates":[77.021113378131616,30.889550850676741]}},
{"type":"Feature","properties":{"Id":0,"area":791.49,"category":"Natural","ORIG_FID":931,"category_1":"Natural"},"geometry":{"type":"Point","coordinates":[77.022583362565086,30.860804334675105]}},
{"type":"Feature","properties":{"Id":0,"area":680.357,"category":"Natural","ORIG_FID":932,"category_1":"Natural"},"geometry":{"type":"Point","coordinates":[77.022148286356142,30.861127014400463]}},
{"type":"Feature","properties":{"Id":0,"area":507.752,"category":"Natural","ORIG_FID":933,"category_1":"Natural"},"geometry":{"type":"Point","coordinates":[77.022165721251568,30.861455792210339]}},
{"type":"Feature","properties":{"Id":0,"area":194.7,"category":"Anthropogenic","ORIG_FID":934,"category_1":"Anthropogenic"},"geometry":{"type":"Point","coordinates":[77.021087845685074,30.8595777956312]}},
{"type":"Feature","properties":{"Id":0,"area":402.964,"category":"Natural","ORIG_FID":935,"category_1":"Natural"},"geometry":{"type":"Point","coordinates":[77.022762959005391,30.859464922301992]}},
{"type":"Feature","properties":{"Id":0,"area":356.805,"category":"Anthropogenic","ORIG_FID":936,"category_1":"Anthropogenic"},"geometry":{"type":"Point","coordinates":[77.024142530970948,30.860166009957339]}},
{"type":"Feature","properties":{"Id":0,"area":544.942,"category":"Anthropogenic","ORIG_FID":937,"category_1":"Anthropogenic"},"geometry":{"type":"Point","coordinates":[77.024448116181674,30.859121022523624]}},
{"type":"Feature","properties":{"Id":0,"area":4107.43,"category":"Natural","ORIG_FID":938,"category_1":"Natural"},"geometry":{"type":"Point","coordinates":[77.033216757585137,30.860357480672267]}},
{"type":"Feature","properties":{"Id":0,"area":1601.34,"category":"Anthropogenic","ORIG_FID":939,"category_1":"Anthropogenic"},"geometry":{"type":"Point","coordinates":[77.039656574722912,30.865532243514021]}},
{"type":"Feature","properties":{"Id":0,"area":319.396,"category":"Anthropogenic","ORIG_FID":940,"category_1":"Anthropogenic"},"geometry":{"type":"Point","coordinates":[77.037383498307292,30.864677755396542]}},
{"type":"Feature","properties":{"Id":0,"area":711.203,"category":"Anthropogenic","ORIG_FID":941,"category_1":"Anthropogenic"},"geometry":{"type":"Point","coordinates":[77.040383058030898,30.862452790655414]}},
{"type":"Feature","properties":{"Id":0,"area":2313.43,"category":"Anthropogenic","ORIG_FID":942,"category_1":"Anthropogenic"},"geometry":{"type":"Point","coordinates":[77.038482419810649,30.863556266048874]}},
{"type":"Feature","properties":{"Id":0,"area":308.895,"category":"Natural","ORIG_FID":943,"category_1":"Natural"},"geometry":{"type":"Point","coordinates":[77.039463643574791,30.860493775123437]}},
{"type":"Feature","properties":{"Id":0,"area":441.467,"category":"Anthropogenic","ORIG_FID":944,"category_1":"Anthropogenic"},"geometry":{"type":"Point","coordinates":[77.04200786739689,30.860018167357993]}},
{"type":"Feature","properties":{"Id":0,"area":788.427,"category":"Anthropogenic","ORIG_FID":945,"category_1":"Anthropogenic"},"geometry":{"type":"Point","coordinates":[77.043167430464308,30.859664709872824]}},
{"type":"Feature","properties":{"Id":0,"area":523.503,"category":"Anthropogenic","ORIG_FID":946,"category_1":"Anthropogenic"},"geometry":{"type":"Point","coordinates":[77.041483466444021,30.859618785130621]}},
{"type":"Feature","properties":{"Id":0,"area":649.415,"category":"Anthropogenic","ORIG_FID":947,"category_1":"Anthropogenic"},"geometry":{"type":"Point","coordinates":[77.044012796090541,30.860622914706866]}},
{"type":"Feature","properties":{"Id":0,"area":653.589,"category":"Anthropogenic","ORIG_FID":948,"category_1":"Anthropogenic"},"geometry":{"type":"Point","coordinates":[77.044276155514083,30.860564148907613]}},
{"type":"Feature","properties":{"Id":0,"area":1975.26,"category":"Natural","ORIG_FID":949,"category_1":"Natural"},"geometry":{"type":"Point","coordinates":[77.044687611378478,30.860422884523487]}},
{"type":"Feature","properties":{"Id":0,"area":1086.98,"category":"Natural","ORIG_FID":950,"category_1":"Natural"},"geometry":{"type":"Point","coordinates":[77.045177067259345,30.858653613173622]}},
{"type":"Feature","properties":{"Id":0,"area":310.295,"category":"Anthropogenic","ORIG_FID":951,"category_1":"Anthropogenic"},"geometry":{"type":"Point","coordinates":[77.044698515789946,30.858127382678639]}},
{"type":"Feature","properties":{"Id":0,"area":1223.3,"category":"Anthropogenic","ORIG_FID":952,"category_1":"Anthropogenic"},"geometry":{"type":"Point","coordinates":[77.047013772643922,30.85802375134347]}},
{"type":"Feature","properties":{"Id":0,"area":2018.5,"category":"Natural","ORIG_FID":953,"category_1":"Natural"},"geometry":{"type":"Point","coordinates":[77.045810718040187,30.858623102151945]}},
{"type":"Feature","properties":{"Id":0,"area":784.817,"category":"Natural","ORIG_FID":954,"category_1":"Natural"},"geometry":{"type":"Point","coordinates":[77.045988261258557,30.857943322577132]}},
{"type":"Feature","properties":{"Id":0,"area":523.722,"category":"Anthropogenic","ORIG_FID":955,"category_1":"Anthropogenic"},"geometry":{"type":"Point","coordinates":[77.046740677670442,30.857212217611497]}},
{"type":"Feature","properties":{"Id":0,"area":763.925,"category":"Anthropogenic","ORIG_FID":956,"category_1":"Anthropogenic"},"geometry":{"type":"Point","coordinates":[77.048159047210632,30.856726494089706]}},
{"type":"Feature","properties":{"Id":0,"area":784.489,"category":"Anthropogenic","ORIG_FID":957,"category_1":"Anthropogenic"},"geometry":{"type":"Point","coordinates":[77.048548911114068,30.856634930175545]}},
{"type":"Feature","properties":{"Id":0,"area":1006.64,"category":"Natural","ORIG_FID":958,"category_1":"Natural"},"geometry":{"type":"Point","coordinates":[77.049692347297835,30.856824678281967]}},
{"type":"Feature","properties":{"Id":0,"area":583.559,"category":"Natural","ORIG_FID":959,"category_1":"Natural"},"geometry":{"type":"Point","coordinates":[77.050388116127721,30.857583279280764]}},
{"type":"Feature","properties":{"Id":0,"area":744.341,"category":"Anthropogenic","ORIG_FID":960,"category_1":"Anthropogenic"},"geometry":{"type":"Point","coordinates":[77.05055957906076,30.857277977992414]}},
{"type":"Feature","properties":{"Id":0,"area":687.585,"category":"Anthropogenic","ORIG_FID":961,"category_1":"Anthropogenic"},"geometry":{"type":"Point","coordinates":[77.050910612982534,30.856079984964772]}},
{"type":"Feature","properties":{"Id":0,"area":222.055,"category":"Natural","ORIG_FID":962,"category_1":"Natural"},"geometry":{"type":"Point","coordinates":[77.051524338494673,30.858319149191082]}},
{"type":"Feature","properties":{"Id":0,"area":403.787,"category":"Natural","ORIG_FID":963,"category_1":"Natural"},"geometry":{"type":"Point","coordinates":[77.051386820780081,30.857766677761905]}},
{"type":"Feature","properties":{"Id":0,"area":366.404,"category":"Anthropogenic","ORIG_FID":964,"category_1":"Anthropogenic"},"geometry":{"type":"Point","coordinates":[77.052020798863055,30.85569078011223]}},
{"type":"Feature","properties":{"Id":0,"area":911.74,"category":"Natural","ORIG_FID":965,"category_1":"Natural"},"geometry":{"type":"Point","coordinates":[77.056513654433701,30.856082023914951]}},
{"type":"Feature","properties":{"Id":0,"area":1734.43,"category":"Anthropogenic","ORIG_FID":966,"category_1":"Anthropogenic"},"geometry":{"type":"Point","coordinates":[77.051947476373186,30.854438148524768]}},
{"type":"Feature","properties":{"Id":0,"area":1140.36,"category":"Anthropogenic","ORIG_FID":967,"category_1":"Anthropogenic"},"geometry":{"type":"Point","coordinates":[77.05625914349595,30.857917952207785]}},
{"type":"Feature","properties":{"Id":0,"area":372.993,"category":"Natural","ORIG_FID":968,"category_1":"Natural"},"geometry":{"type":"Point","coordinates":[77.052532876046456,30.865288253826535]}},
{"type":"Feature","properties":{"Id":0,"area":177.199,"category":"Natural","ORIG_FID":969,"category_1":"Natural"},"geometry":{"type":"Point","coordinates":[77.052658780250951,30.865864358316564]}},
{"type":"Feature","properties":{"Id":0,"area":641.242,"category":"Anthropogenic","ORIG_FID":970,"category_1":"Anthropogenic"},"geometry":{"type":"Point","coordinates":[77.091300720529205,30.860175386098621]}},
{"type":"Feature","properties":{"Id":0,"area":1341.32,"category":"Anthropogenic","ORIG_FID":971,"category_1":"Anthropogenic"},"geometry":{"type":"Point","coordinates":[77.091254161638247,30.860479345887185]}},
{"type":"Feature","properties":{"Id":0,"area":540.576,"category":"Anthropogenic","ORIG_FID":972,"category_1":"Anthropogenic"},"geometry":{"type":"Point","coordinates":[77.093148815921495,30.861485500902081]}},
{"type":"Feature","properties":{"Id":0,"area":331.402,"category":"Anthropogenic","ORIG_FID":973,"category_1":"Anthropogenic"},"geometry":{"type":"Point","coordinates":[77.094363451548347,30.861248979025454]}},
{"type":"Feature","properties":{"Id":0,"area":265.416,"category":"Anthropogenic","ORIG_FID":974,"category_1":"Anthropogenic"},"geometry":{"type":"Point","coordinates":[77.089429898114105,30.862541362853928]}},
{"type":"Feature","properties":{"Id":0,"area":178.092,"category":"Natural","ORIG_FID":975,"category_1":"Natural"},"geometry":{"type":"Point","coordinates":[77.093211853973074,30.860271250514366]}},
{"type":"Feature","properties":{"Id":0,"area":910.62,"category":"Natural","ORIG_FID":976,"category_1":"Natural"},"geometry":{"type":"Point","coordinates":[77.089173134626492,30.861015233464503]}},
{"type":"Feature","properties":{"Id":0,"area":992.526,"category":"Natural","ORIG_FID":977,"category_1":"Natural"},"geometry":{"type":"Point","coordinates":[77.089770919816303,30.859702874613461]}},
{"type":"Feature","properties":{"Id":0,"area":860.497,"category":"Natural","ORIG_FID":978,"category_1":"Natural"},"geometry":{"type":"Point","coordinates":[77.095984351972774,30.859415160613466]}},
{"type":"Feature","properties":{"Id":0,"area":3979.97,"category":"Natural","ORIG_FID":979,"category_1":"Natural"},"geometry":{"type":"Point","coordinates":[77.099852018840735,30.85738618948476]}},
{"type":"Feature","properties":{"Id":0,"area":838.06,"category":"Natural","ORIG_FID":980,"category_1":"Natural"},"geometry":{"type":"Point","coordinates":[77.100273194359687,30.857193249976557]}},
{"type":"Feature","properties":{"Id":0,"area":514.394,"category":"Natural","ORIG_FID":981,"category_1":"Natural"},"geometry":{"type":"Point","coordinates":[77.099475382456021,30.85766706947809]}},
{"type":"Feature","properties":{"Id":0,"area":441.589,"category":"Natural","ORIG_FID":982,"category_1":"Natural"},"geometry":{"type":"Point","coordinates":[77.099089595744843,30.858372327970983]}},
{"type":"Feature","properties":{"Id":0,"area":470.431,"category":"Natural","ORIG_FID":983,"category_1":"Natural"},"geometry":{"type":"Point","coordinates":[77.098870187958681,30.857930109409285]}},
{"type":"Feature","properties":{"Id":0,"area":546.596,"category":"Natural","ORIG_FID":984,"category_1":"Natural"},"geometry":{"type":"Point","coordinates":[77.097102671506605,30.858382382206401]}},
{"type":"Feature","properties":{"Id":0,"area":327.062,"category":"Natural","ORIG_FID":985,"category_1":"Natural"},"geometry":{"type":"Point","coordinates":[77.097630601417976,30.858826404509752]}},
{"type":"Feature","properties":{"Id":0,"area":206.934,"category":"Natural","ORIG_FID":986,"category_1":"Natural"},"geometry":{"type":"Point","coordinates":[77.098595111579471,30.857759156035176]}},
{"type":"Feature","properties":{"Id":0,"area":854.966,"category":"Anthropogenic","ORIG_FID":987,"category_1":"Anthropogenic"},"geometry":{"type":"Point","coordinates":[77.109437365483402,30.850879287682694]}},
{"type":"Feature","properties":{"Id":0,"area":1127.46,"category":"Natural","ORIG_FID":988,"category_1":"Natural"},"geometry":{"type":"Point","coordinates":[77.109817614468312,30.851198303830412]}},
{"type":"Feature","properties":{"Id":0,"area":2358.88,"category":"Natural","ORIG_FID":989,"category_1":"Natural"},"geometry":{"type":"Point","coordinates":[77.110480694286906,30.851352323449191]}},
{"type":"Feature","properties":{"Id":0,"area":3269.22,"category":"Anthropogenic","ORIG_FID":990,"category_1":"Anthropogenic"},"geometry":{"type":"Point","coordinates":[77.060025750824963,30.882393303996636]}},
{"type":"Feature","properties":{"Id":0,"area":1023.82,"category":"Anthropogenic","ORIG_FID":991,"category_1":"Anthropogenic"},"geometry":{"type":"Point","coordinates":[77.061497709524133,30.882786666881007]}},
{"type":"Feature","properties":{"Id":0,"area":1256.58,"category":"Anthropogenic","ORIG_FID":992,"category_1":"Anthropogenic"},"geometry":{"type":"Point","coordinates":[77.069607885312237,30.884214500724607]}},
{"type":"Feature","properties":{"Id":0,"area":617.126,"category":"Natural","ORIG_FID":993,"category_1":"Natural"},"geometry":{"type":"Point","coordinates":[77.063519413655072,30.876611125775167]}},
{"type":"Feature","properties":{"Id":0,"area":437.389,"category":"Natural","ORIG_FID":994,"category_1":"Natural"},"geometry":{"type":"Point","coordinates":[77.06038746378735,30.879129714400836]}},
{"type":"Feature","properties":{"Id":0,"area":1330.09,"category":"Natural","ORIG_FID":995,"category_1":"Natural"},"geometry":{"type":"Point","coordinates":[77.063737266724587,30.877139014759376]}},
{"type":"Feature","properties":{"Id":0,"area":859.517,"category":"Natural","ORIG_FID":996,"category_1":"Natural"},"geometry":{"type":"Point","coordinates":[77.062921354880118,30.877404503764534]}},
{"type":"Feature","properties":{"Id":0,"area":466.231,"category":"Natural","ORIG_FID":997,"category_1":"Natural"},"geometry":{"type":"Point","coordinates":[77.063205360689892,30.87717934939127]}},
{"type":"Feature","properties":{"Id":0,"area":228.775,"category":"Natural","ORIG_FID":998,"category_1":"Natural"},"geometry":{"type":"Point","coordinates":[77.06331934567595,30.877444639304684]}},
{"type":"Feature","properties":{"Id":0,"area":208.754,"category":"Natural","ORIG_FID":999,"category_1":"Natural"},"geometry":{"type":"Point","coordinates":[77.063550720652131,30.877325916619181]}},
{"type":"Feature","properties":{"Id":0,"area":205.674,"category":"Anthropogenic","ORIG_FID":1000,"category_1":"Anthropogenic"},"geometry":{"type":"Point","coordinates":[77.065132304555448,30.877284585335808]}},
{"type":"Feature","properties":{"Id":0,"area":636.815,"category":"Anthropogenic","ORIG_FID":1001,"category_1":"Anthropogenic"},"geometry":{"type":"Point","coordinates":[77.066877546977707,30.879377856035415]}},
{"type":"Feature","properties":{"Id":0,"area":2701.3,"category":"Natural","ORIG_FID":1002,"category_1":"Natural"},"geometry":{"type":"Point","coordinates":[77.053012980387379,30.877450286715572]}},
{"type":"Feature","properties":{"Id":0,"area":1231.1,"category":"Natural","ORIG_FID":1003,"category_1":"Natural"},"geometry":{"type":"Point","coordinates":[77.051478956531113,30.878262259671246]}},
{"type":"Feature","properties":{"Id":0,"area":240.676,"category":"Anthropogenic","ORIG_FID":1004,"category_1":"Anthropogenic"},"geometry":{"type":"Point","coordinates":[77.05141056139324,30.878742286979293]}},
{"type":"Feature","properties":{"Id":0,"area":1150.6,"category":"Anthropogenic","ORIG_FID":1005,"category_1":"Anthropogenic"},"geometry":{"type":"Point","coordinates":[77.052450579641103,30.873937470013232]}},
{"type":"Feature","properties":{"Id":0,"area":546.736,"category":"Anthropogenic","ORIG_FID":1006,"category_1":"Anthropogenic"},"geometry":{"type":"Point","coordinates":[77.050234508331442,30.873959194763437]}},
{"type":"Feature","properties":{"Id":0,"area":620.241,"category":"Natural","ORIG_FID":1007,"category_1":"Natural"},"geometry":{"type":"Point","coordinates":[77.048555124294765,30.874891071558423]}},
{"type":"Feature","properties":{"Id":0,"area":1010.87,"category":"Natural","ORIG_FID":1008,"category_1":"Natural"},"geometry":{"type":"Point","coordinates":[77.050146988964357,30.875424004923854]}},
{"type":"Feature","properties":{"Id":0,"area":300.18,"category":"Natural","ORIG_FID":1009,"category_1":"Natural"},"geometry":{"type":"Point","coordinates":[77.049698847526031,30.875802510740765]}},
{"type":"Feature","properties":{"Id":0,"area":301.02,"category":"Anthropogenic","ORIG_FID":1010,"category_1":"Anthropogenic"},"geometry":{"type":"Point","coordinates":[77.052634327515804,30.873605010606578]}},
{"type":"Feature","properties":{"Id":0,"area":297.1,"category":"Anthropogenic","ORIG_FID":1011,"category_1":"Anthropogenic"},"geometry":{"type":"Point","coordinates":[77.050293233558392,30.874773417197627]}},
{"type":"Feature","properties":{"Id":0,"area":239.696,"category":"Natural","ORIG_FID":1012,"category_1":"Natural"},"geometry":{"type":"Point","coordinates":[77.049537865311137,30.875030817033473]}},
{"type":"Feature","properties":{"Id":0,"area":315.161,"category":"Anthropogenic","ORIG_FID":1013,"category_1":"Anthropogenic"},"geometry":{"type":"Point","coordinates":[77.049952615914677,30.874562876365857]}},
{"type":"Feature","properties":{"Id":0,"area":381.245,"category":"Natural","ORIG_FID":1014,"category_1":"Natural"},"geometry":{"type":"Point","coordinates":[77.047932297501205,30.875383379968383]}},
{"type":"Feature","properties":{"Id":0,"area":379.005,"category":"Anthropogenic","ORIG_FID":1015,"category_1":"Anthropogenic"},"geometry":{"type":"Point","coordinates":[77.055256716412529,30.870133738742243]}},
{"type":"Feature","properties":{"Id":0,"area":589.579,"category":"Natural","ORIG_FID":1016,"category_1":"Natural"},"geometry":{"type":"Point","coordinates":[77.043339083414125,30.869403465059317]}},
{"type":"Feature","properties":{"Id":0,"area":718.947,"category":"Natural","ORIG_FID":1017,"category_1":"Natural"},"geometry":{"type":"Point","coordinates":[77.044018680746376,30.870505795097433]}},
{"type":"Feature","properties":{"Id":0,"area":393.286,"category":"Natural","ORIG_FID":1018,"category_1":"Natural"},"geometry":{"type":"Point","coordinates":[77.043930971139616,30.869672133191703]}},
{"type":"Feature","properties":{"Id":0,"area":329.862,"category":"Natural","ORIG_FID":1019,"category_1":"Natural"},"geometry":{"type":"Point","coordinates":[77.04372353767387,30.869857924128489]}},
{"type":"Feature","properties":{"Id":0,"area":392.586,"category":"Natural","ORIG_FID":1020,"category_1":"Natural"},"geometry":{"type":"Point","coordinates":[77.045407589407191,30.867986243753432]}},
{"type":"Feature","properties":{"Id":0,"area":242.496,"category":"Anthropogenic","ORIG_FID":1021,"category_1":"Anthropogenic"},"geometry":{"type":"Point","coordinates":[77.04532478920531,30.867687669028854]}},
{"type":"Feature","properties":{"Id":0,"area":290.799,"category":"Anthropogenic","ORIG_FID":1022,"category_1":"Anthropogenic"},"geometry":{"type":"Point","coordinates":[77.045553370703587,30.867666384352344]}},
{"type":"Feature","properties":{"Id":0,"area":870.087,"category":"Natural","ORIG_FID":1023,"category_1":"Natural"},"geometry":{"type":"Point","coordinates":[77.054061958539791,30.862148540643542]}},
{"type":"Feature","properties":{"Id":0,"area":701.578,"category":"Anthropogenic","ORIG_FID":1024,"category_1":"Anthropogenic"},"geometry":{"type":"Point","coordinates":[77.057237877406806,30.859416471884778]}},
{"type":"Feature","properties":{"Id":0,"area":657.387,"category":"Anthropogenic","ORIG_FID":1025,"category_1":"Anthropogenic"},"geometry":{"type":"Point","coordinates":[77.057615441745682,30.859748329217506]}},
{"type":"Feature","properties":{"Id":0,"area":698.296,"category":"Anthropogenic","ORIG_FID":1026,"category_1":"Anthropogenic"},"geometry":{"type":"Point","coordinates":[77.056334363100589,30.85876435916186]}},
{"type":"Feature","properties":{"Id":0,"area":1157.04,"category":"Anthropogenic","ORIG_FID":1027,"category_1":"Anthropogenic"},"geometry":{"type":"Point","coordinates":[77.041796256651367,30.908090668218442]}},
{"type":"Feature","properties":{"Id":0,"area":1164.32,"category":"Anthropogenic","ORIG_FID":1028,"category_1":"Anthropogenic"},"geometry":{"type":"Point","coordinates":[77.049845349025205,30.893860500652575]}},
{"type":"Feature","properties":{"Id":0,"area":406.377,"category":"Natural","ORIG_FID":1029,"category_1":"Natural"},"geometry":{"type":"Point","coordinates":[77.052145933192293,30.895804504706764]}},
{"type":"Feature","properties":{"Id":0,"area":334.762,"category":"Anthropogenic","ORIG_FID":1030,"category_1":"Anthropogenic"},"geometry":{"type":"Point","coordinates":[77.041984918975643,30.891729648618295]}},
{"type":"Feature","properties":{"Id":0,"area":945.937,"category":"Anthropogenic","ORIG_FID":1031,"category_1":"Anthropogenic"},"geometry":{"type":"Point","coordinates":[77.031093113332702,30.893156847579856]}},
{"type":"Feature","properties":{"Id":0,"area":211.773,"category":"Anthropogenic","ORIG_FID":1032,"category_1":"Anthropogenic"},"geometry":{"type":"Point","coordinates":[77.02728268050079,30.890161519921278]}},
{"type":"Feature","properties":{"Id":0,"area":367.393,"category":"Anthropogenic","ORIG_FID":1033,"category_1":"Anthropogenic"},"geometry":{"type":"Point","coordinates":[77.027062745177005,30.890417789326953]}},
{"type":"Feature","properties":{"Id":0,"area":689.214,"category":"Anthropogenic","ORIG_FID":1034,"category_1":"Anthropogenic"},"geometry":{"type":"Point","coordinates":[77.026877634573523,30.890250929277592]}},
{"type":"Feature","properties":{"Id":0,"area":369.834,"category":"Anthropogenic","ORIG_FID":1035,"category_1":"Anthropogenic"},"geometry":{"type":"Point","coordinates":[77.0276353772459,30.890733085178599]}},
{"type":"Feature","properties":{"Id":0,"area":344.633,"category":"Anthropogenic","ORIG_FID":1036,"category_1":"Anthropogenic"},"geometry":{"type":"Point","coordinates":[77.025719776352105,30.889325965182511]}},
{"type":"Feature","properties":{"Id":0,"area":607.29,"category":"Natural","ORIG_FID":1037,"category_1":"Natural"},"geometry":{"type":"Point","coordinates":[77.022087351343544,30.891208182486391]}},
{"type":"Feature","properties":{"Id":0,"area":442.289,"category":"Anthropogenic","ORIG_FID":1038,"category_1":"Anthropogenic"},"geometry":{"type":"Point","coordinates":[77.025206582271039,30.895759226478614]}},
{"type":"Feature","properties":{"Id":0,"area":404.627,"category":"Anthropogenic","ORIG_FID":1039,"category_1":"Anthropogenic"},"geometry":{"type":"Point","coordinates":[77.025477250588509,30.895440154383827]}},
{"type":"Feature","properties":{"Id":0,"area":324.961,"category":"Anthropogenic","ORIG_FID":1040,"category_1":"Anthropogenic"},"geometry":{"type":"Point","coordinates":[77.023199750749356,30.894464909910251]}},
{"type":"Feature","properties":{"Id":0,"area":319.781,"category":"Anthropogenic","ORIG_FID":1041,"category_1":"Anthropogenic"},"geometry":{"type":"Point","coordinates":[77.023130537374442,30.893670217070461]}},
{"type":"Feature","properties":{"Id":0,"area":144.91,"category":"Anthropogenic","ORIG_FID":1042,"category_1":"Anthropogenic"},"geometry":{"type":"Point","coordinates":[77.027059888798647,30.894493779103247]}},
{"type":"Feature","properties":{"Id":0,"area":161.886,"category":"Natural","ORIG_FID":1043,"category_1":"Natural"},"geometry":{"type":"Point","coordinates":[77.038724951808732,30.889985163054643]}},
{"type":"Feature","properties":{"Id":0,"area":588.476,"category":"Anthropogenic","ORIG_FID":1044,"category_1":"Anthropogenic"},"geometry":{"type":"Point","coordinates":[77.035314612107868,30.888348635224947]}},
{"type":"Feature","properties":{"Id":0,"area":1349.12,"category":"Anthropogenic","ORIG_FID":1045,"category_1":"Anthropogenic"},"geometry":{"type":"Point","coordinates":[77.035947021739702,30.888543434114133]}},
{"type":"Feature","properties":{"Id":0,"area":515.628,"category":"Anthropogenic","ORIG_FID":1046,"category_1":"Anthropogenic"},"geometry":{"type":"Point","coordinates":[77.03486151994737,30.88838481632952]}},
{"type":"Feature","properties":{"Id":0,"area":514.096,"category":"Anthropogenic","ORIG_FID":1047,"category_1":"Anthropogenic"},"geometry":{"type":"Point","coordinates":[77.036826416829115,30.88824545246684]}},
{"type":"Feature","properties":{"Id":0,"area":791.49,"category":"Anthropogenic","ORIG_FID":1048,"category_1":"Anthropogenic"},"geometry":{"type":"Point","coordinates":[77.034557704864341,30.884831754180485]}},
{"type":"Feature","properties":{"Id":0,"area":478.657,"category":"Anthropogenic","ORIG_FID":1049,"category_1":"Anthropogenic"},"geometry":{"type":"Point","coordinates":[77.034310167071069,30.885242767565931]}},
{"type":"Feature","properties":{"Id":0,"area":418.059,"category":"Anthropogenic","ORIG_FID":1050,"category_1":"Anthropogenic"},"geometry":{"type":"Point","coordinates":[77.033723135093211,30.885854023557268]}},
{"type":"Feature","properties":{"Id":0,"area":858.65,"category":"Anthropogenic","ORIG_FID":1051,"category_1":"Anthropogenic"},"geometry":{"type":"Point","coordinates":[77.025990215664706,30.88466698071954]}},
{"type":"Feature","properties":{"Id":0,"area":769.176,"category":"Natural","ORIG_FID":1052,"category_1":"Natural"},"geometry":{"type":"Point","coordinates":[77.026059653532158,30.882828231115539]}},
{"type":"Feature","properties":{"Id":0,"area":90.7872,"category":"Anthropogenic","ORIG_FID":1053,"category_1":"Anthropogenic"},"geometry":{"type":"Point","coordinates":[77.026079143760853,30.883153503225664]}},
{"type":"Feature","properties":{"Id":0,"area":398.696,"category":"Natural","ORIG_FID":1054,"category_1":"Natural"},"geometry":{"type":"Point","coordinates":[77.025806975068861,30.883065162139204]}},
{"type":"Feature","properties":{"Id":0,"area":432.996,"category":"Anthropogenic","ORIG_FID":1055,"category_1":"Anthropogenic"},"geometry":{"type":"Point","coordinates":[77.027292954614168,30.883672674133898]}},
{"type":"Feature","properties":{"Id":0,"area":1939.78,"category":"Natural","ORIG_FID":1056,"category_1":"Natural"},"geometry":{"type":"Point","coordinates":[77.037311316917581,30.882916671497881]}},
{"type":"Feature","properties":{"Id":0,"area":495.843,"category":"Natural","ORIG_FID":1057,"category_1":"Natural"},"geometry":{"type":"Point","coordinates":[77.041787774566473,30.878399258759217]}},
{"type":"Feature","properties":{"Id":0,"area":1942.63,"category":"Natural","ORIG_FID":1058,"category_1":"Natural"},"geometry":{"type":"Point","coordinates":[77.039508759499924,30.875087071588759]}},
{"type":"Feature","properties":{"Id":0,"area":676.035,"category":"Natural","ORIG_FID":1059,"category_1":"Natural"},"geometry":{"type":"Point","coordinates":[77.043754125055173,30.87414973921646]}},
{"type":"Feature","properties":{"Id":0,"area":517.334,"category":"Natural","ORIG_FID":1060,"category_1":"Natural"},"geometry":{"type":"Point","coordinates":[77.031689287482664,30.878647592870614]}},
{"type":"Feature","properties":{"Id":0,"area":1044.92,"category":"Anthropogenic","ORIG_FID":1061,"category_1":"Anthropogenic"},"geometry":{"type":"Point","coordinates":[77.097685449265612,30.898981930493889]}},
{"type":"Feature","properties":{"Id":0,"area":5135.16,"category":"Anthropogenic","ORIG_FID":1062,"category_1":"Anthropogenic"},"geometry":{"type":"Point","coordinates":[77.098109468922019,30.899254576149136]}},
{"type":"Feature","properties":{"Id":0,"area":1633.07,"category":"Anthropogenic","ORIG_FID":1063,"category_1":"Anthropogenic"},"geometry":{"type":"Point","coordinates":[77.099001335595062,30.90123427132098]}},
{"type":"Feature","properties":{"Id":0,"area":792.032,"category":"Anthropogenic","ORIG_FID":1064,"category_1":"Anthropogenic"},"geometry":{"type":"Point","coordinates":[77.099132456584456,30.901639472125225]}},
{"type":"Feature","properties":{"Id":0,"area":448.59,"category":"Anthropogenic","ORIG_FID":1065,"category_1":"Anthropogenic"},"geometry":{"type":"Point","coordinates":[77.097168080673228,30.899804839972226]}},
{"type":"Feature","properties":{"Id":0,"area":417.718,"category":"Anthropogenic","ORIG_FID":1066,"category_1":"Anthropogenic"},"geometry":{"type":"Point","coordinates":[77.100271672502089,30.901332513581714]}},
{"type":"Feature","properties":{"Id":0,"area":569.698,"category":"Anthropogenic","ORIG_FID":1067,"category_1":"Anthropogenic"},"geometry":{"type":"Point","coordinates":[77.099738994990574,30.902919304212556]}},
{"type":"Feature","properties":{"Id":0,"area":1193.93,"category":"Anthropogenic","ORIG_FID":1068,"category_1":"Anthropogenic"},"geometry":{"type":"Point","coordinates":[77.104534240338097,30.903241984504625]}},
{"type":"Feature","properties":{"Id":0,"area":552.896,"category":"Anthropogenic","ORIG_FID":1069,"category_1":"Anthropogenic"},"geometry":{"type":"Point","coordinates":[77.100453411514707,30.904073716022136]}},
{"type":"Feature","properties":{"Id":0,"area":708.141,"category":"Anthropogenic","ORIG_FID":1070,"category_1":"Anthropogenic"},"geometry":{"type":"Point","coordinates":[77.114053300023102,30.906640096731966]}},
{"type":"Feature","properties":{"Id":0,"area":498.678,"category":"Natural","ORIG_FID":1071,"category_1":"Natural"},"geometry":{"type":"Point","coordinates":[77.030692823911664,30.871581197964598]}},
{"type":"Feature","properties":{"Id":0,"area":296.12,"category":"Natural","ORIG_FID":1072,"category_1":"Natural"},"geometry":{"type":"Point","coordinates":[77.035222067627728,30.870551441630244]}},
{"type":"Feature","properties":{"Id":0,"area":1168.73,"category":"Natural","ORIG_FID":1073,"category_1":"Natural"},"geometry":{"type":"Point","coordinates":[77.035156602809124,30.871388779804413]}},
{"type":"Feature","properties":{"Id":0,"area":263.637,"category":"Natural","ORIG_FID":1074,"category_1":"Natural"},"geometry":{"type":"Point","coordinates":[77.034761242842691,30.876311204123965]}},
{"type":"Feature","properties":{"Id":0,"area":754.37,"category":"Anthropogenic","ORIG_FID":1075,"category_1":"Anthropogenic"},"geometry":{"type":"Point","coordinates":[77.144420445914349,30.901829379264566]}},
{"type":"Feature","properties":{"Id":0,"area":823.814,"category":"Anthropogenic","ORIG_FID":1076,"category_1":"Anthropogenic"},"geometry":{"type":"Point","coordinates":[77.145578891068254,30.903529737083289]}},
{"type":"Feature","properties":{"Id":0,"area":187.122,"category":"Natural","ORIG_FID":1077,"category_1":"Natural"},"geometry":{"type":"Point","coordinates":[77.144482465180147,30.904068262242085]}},
{"type":"Feature","properties":{"Id":0,"area":476.319,"category":"Anthropogenic","ORIG_FID":1078,"category_1":"Anthropogenic"},"geometry":{"type":"Point","coordinates":[77.146703411683148,30.903327591000753]}},
{"type":"Feature","properties":{"Id":0,"area":149.963,"category":"Anthropogenic","ORIG_FID":1079,"category_1":"Anthropogenic"},"geometry":{"type":"Point","coordinates":[77.142703452694093,30.903039786458415]}},
{"type":"Feature","properties":{"Id":0,"area":333.835,"category":"Anthropogenic","ORIG_FID":1080,"category_1":"Anthropogenic"},"geometry":{"type":"Point","coordinates":[77.143347867966696,30.904646349428738]}},
{"type":"Feature","properties":{"Id":0,"area":286.447,"category":"Anthropogenic","ORIG_FID":1081,"category_1":"Anthropogenic"},"geometry":{"type":"Point","coordinates":[77.144065039762253,30.903559573429551]}},
{"type":"Feature","properties":{"Id":0,"area":885.978,"category":"Natural","ORIG_FID":1082,"category_1":"Natural"},"geometry":{"type":"Point","coordinates":[77.134432836610202,30.906768251788673]}},
{"type":"Feature","properties":{"Id":0,"area":255.517,"category":"Anthropogenic","ORIG_FID":1083,"category_1":"Anthropogenic"},"geometry":{"type":"Point","coordinates":[77.141479655756171,30.896249369865078]}},
{"type":"Feature","properties":{"Id":0,"area":307.18,"category":"Anthropogenic","ORIG_FID":1084,"category_1":"Anthropogenic"},"geometry":{"type":"Point","coordinates":[77.141750661148194,30.896879149717741]}},
{"type":"Feature","properties":{"Id":0,"area":191.253,"category":"Natural","ORIG_FID":1085,"category_1":"Natural"},"geometry":{"type":"Point","coordinates":[77.143032799030081,30.897110046717746]}},
{"type":"Feature","properties":{"Id":0,"area":1843.5,"category":"Natural","ORIG_FID":1086,"category_1":"Natural"},"geometry":{"type":"Point","coordinates":[77.126510680263905,30.871975514471558]}},
{"type":"Feature","properties":{"Id":0,"area":2144.35,"category":"Natural","ORIG_FID":1087,"category_1":"Natural"},"geometry":{"type":"Point","coordinates":[77.12728099385761,30.872176115439935]}},
{"type":"Feature","properties":{"Id":0,"area":550.516,"category":"Anthropogenic","ORIG_FID":1088,"category_1":"Anthropogenic"},"geometry":{"type":"Point","coordinates":[77.136731661115235,30.873200240883204]}},
{"type":"Feature","properties":{"Id":0,"area":607.5,"category":"Anthropogenic","ORIG_FID":1089,"category_1":"Anthropogenic"},"geometry":{"type":"Point","coordinates":[77.127269252322989,30.873326375416127]}},
{"type":"Feature","properties":{"Id":0,"area":674.505,"category":"Anthropogenic","ORIG_FID":1090,"category_1":"Anthropogenic"},"geometry":{"type":"Point","coordinates":[77.131321436426603,30.871481956513371]}},
{"type":"Feature","properties":{"Id":0,"area":484.012,"category":"Anthropogenic","ORIG_FID":1091,"category_1":"Anthropogenic"},"geometry":{"type":"Point","coordinates":[77.125836426147671,30.870372400424625]}},
{"type":"Feature","properties":{"Id":0,"area":399.464,"category":"Anthropogenic","ORIG_FID":1092,"category_1":"Anthropogenic"},"geometry":{"type":"Point","coordinates":[77.133058331574361,30.875948621505788]}},
{"type":"Feature","properties":{"Id":0,"area":408.818,"category":"Anthropogenic","ORIG_FID":1093,"category_1":"Anthropogenic"},"geometry":{"type":"Point","coordinates":[77.138896546226434,30.874528111766992]}},
{"type":"Feature","properties":{"Id":0,"area":862.369,"category":"Anthropogenic","ORIG_FID":1094,"category_1":"Anthropogenic"},"geometry":{"type":"Point","coordinates":[77.138099232061805,30.872049898758387]}},
{"type":"Feature","properties":{"Id":0,"area":536.165,"category":"Natural","ORIG_FID":1095,"category_1":"Natural"},"geometry":{"type":"Point","coordinates":[77.181980397550603,30.904045172485279]}},
{"type":"Feature","properties":{"Id":0,"area":701.236,"category":"Natural","ORIG_FID":1096,"category_1":"Natural"},"geometry":{"type":"Point","coordinates":[77.176674194352415,30.910205964049513]}},
{"type":"Feature","properties":{"Id":0,"area":2344.07,"category":"Anthropogenic","ORIG_FID":1097,"category_1":"Anthropogenic"},"geometry":{"type":"Point","coordinates":[77.185450116694653,30.897295374584704]}},
{"type":"Feature","properties":{"Id":0,"area":293.599,"category":"Natural","ORIG_FID":1098,"category_1":"Natural"},"geometry":{"type":"Point","coordinates":[77.186852282842764,30.898742277946848]}},
{"type":"Feature","properties":{"Id":0,"area":669.664,"category":"Anthropogenic","ORIG_FID":1099,"category_1":"Anthropogenic"},"geometry":{"type":"Point","coordinates":[77.190410476506173,30.895779808571369]}},
{"type":"Feature","properties":{"Id":0,"area":1219.76,"category":"Natural","ORIG_FID":1100,"category_1":"Natural"},"geometry":{"type":"Point","coordinates":[77.178969706127234,30.906908702437597]}},
{"type":"Feature","properties":{"Id":0,"area":872.433,"category":"Natural","ORIG_FID":1101,"category_1":"Natural"},"geometry":{"type":"Point","coordinates":[77.187062226497829,30.907348535311776]}},
{"type":"Feature","properties":{"Id":0,"area":1411.25,"category":"Natural","ORIG_FID":1102,"category_1":"Natural"},"geometry":{"type":"Point","coordinates":[77.189764032836706,30.908158441767281]}},
{"type":"Feature","properties":{"Id":0,"area":1286.12,"category":"Natural","ORIG_FID":1103,"category_1":"Natural"},"geometry":{"type":"Point","coordinates":[77.189972711608021,30.907589778683946]}},
{"type":"Feature","properties":{"Id":0,"area":1767.18,"category":"Natural","ORIG_FID":1104,"category_1":"Natural"},"geometry":{"type":"Point","coordinates":[77.190237475604775,30.907265952249883]}},
{"type":"Feature","properties":{"Id":0,"area":1630.83,"category":"Anthropogenic","ORIG_FID":1105,"category_1":"Anthropogenic"},"geometry":{"type":"Point","coordinates":[77.188402586680567,30.910032180050791]}},
{"type":"Feature","properties":{"Id":0,"area":1563.06,"category":"Anthropogenic","ORIG_FID":1106,"category_1":"Anthropogenic"},"geometry":{"type":"Point","coordinates":[77.188772553930676,30.910105041893193]}},
{"type":"Feature","properties":{"Id":0,"area":570.319,"category":"Anthropogenic","ORIG_FID":1107,"category_1":"Anthropogenic"},"geometry":{"type":"Point","coordinates":[77.193591728776482,30.905947410540378]}},
{"type":"Feature","properties":{"Id":0,"area":446.717,"category":"Anthropogenic","ORIG_FID":1108,"category_1":"Anthropogenic"},"geometry":{"type":"Point","coordinates":[77.193590268524076,30.904897597729711]}},
{"type":"Feature","properties":{"Id":0,"area":450.655,"category":"Anthropogenic","ORIG_FID":1109,"category_1":"Anthropogenic"},"geometry":{"type":"Point","coordinates":[77.194440553002735,30.90242253690807]}},
{"type":"Feature","properties":{"Id":0,"area":411.933,"category":"Anthropogenic","ORIG_FID":1110,"category_1":"Anthropogenic"},"geometry":{"type":"Point","coordinates":[77.194332390201879,30.903003042012287]}},
{"type":"Feature","properties":{"Id":0,"area":531.379,"category":"Anthropogenic","ORIG_FID":1111,"category_1":"Anthropogenic"},"geometry":{"type":"Point","coordinates":[77.199969062043962,30.902530341693563]}},
{"type":"Feature","properties":{"Id":0,"area":739.669,"category":"Natural","ORIG_FID":1112,"category_1":"Natural"},"geometry":{"type":"Point","coordinates":[77.209726080134473,30.897047685694634]}},
{"type":"Feature","properties":{"Id":0,"area":1230.33,"category":"Natural","ORIG_FID":1113,"category_1":"Natural"},"geometry":{"type":"Point","coordinates":[77.202770339717588,30.900390836640078]}},
{"type":"Feature","properties":{"Id":0,"area":845.962,"category":"Natural","ORIG_FID":1114,"category_1":"Natural"},"geometry":{"type":"Point","coordinates":[77.20215636211006,30.901661190661926]}},
{"type":"Feature","properties":{"Id":0,"area":449.78,"category":"Natural","ORIG_FID":1115,"category_1":"Natural"},"geometry":{"type":"Point","coordinates":[77.203264414728352,30.901981255669568]}},
{"type":"Feature","properties":{"Id":0,"area":353.523,"category":"Natural","ORIG_FID":1116,"category_1":"Natural"},"geometry":{"type":"Point","coordinates":[77.202744991067775,30.901938362604941]}},
{"type":"Feature","properties":{"Id":0,"area":321.802,"category":"Natural","ORIG_FID":1117,"category_1":"Natural"},"geometry":{"type":"Point","coordinates":[77.203334160271297,30.9016612528556]}},
{"type":"Feature","properties":{"Id":0,"area":634.854,"category":"Anthropogenic","ORIG_FID":1118,"category_1":"Anthropogenic"},"geometry":{"type":"Point","coordinates":[77.203348295230356,30.899530210363597]}},
{"type":"Feature","properties":{"Id":0,"area":536.192,"category":"Natural","ORIG_FID":1119,"category_1":"Natural"},"geometry":{"type":"Point","coordinates":[77.201500616495181,30.899372546721477]}},
{"type":"Feature","properties":{"Id":0,"area":366.43,"category":"Anthropogenic","ORIG_FID":1120,"category_1":"Anthropogenic"},"geometry":{"type":"Point","coordinates":[77.201594063991038,30.902878382644996]}},
{"type":"Feature","properties":{"Id":0,"area":975.908,"category":"Natural","ORIG_FID":1121,"category_1":"Natural"},"geometry":{"type":"Point","coordinates":[77.20126419199336,30.902692221377528]}},
{"type":"Feature","properties":{"Id":0,"area":888.402,"category":"Anthropogenic","ORIG_FID":1122,"category_1":"Anthropogenic"},"geometry":{"type":"Point","coordinates":[77.20133466200501,30.903095307051331]}},
{"type":"Feature","properties":{"Id":0,"area":143.649,"category":"Natural","ORIG_FID":1123,"category_1":"Natural"},"geometry":{"type":"Point","coordinates":[77.20060442346572,30.902923798012413]}},
{"type":"Feature","properties":{"Id":0,"area":285.881,"category":"Natural","ORIG_FID":1124,"category_1":"Natural"},"geometry":{"type":"Point","coordinates":[77.202948236601415,30.90074124207176]}},
{"type":"Feature","properties":{"Id":0,"area":381.49,"category":"Natural","ORIG_FID":1125,"category_1":"Natural"},"geometry":{"type":"Point","coordinates":[77.202744946946382,30.901444474275557]}},
{"type":"Feature","properties":{"Id":0,"area":414.095,"category":"Anthropogenic","ORIG_FID":1126,"category_1":"Anthropogenic"},"geometry":{"type":"Point","coordinates":[77.202523607339643,30.903351451873831]}},
{"type":"Feature","properties":{"Id":0,"area":661.622,"category":"Anthropogenic","ORIG_FID":1127,"category_1":"Anthropogenic"},"geometry":{"type":"Point","coordinates":[77.20098213347957,30.903449465302707]}},
{"type":"Feature","properties":{"Id":0,"area":111.99,"category":"Natural","ORIG_FID":1128,"category_1":"Natural"},"geometry":{"type":"Point","coordinates":[77.202360865003783,30.902545447402737]}},
{"type":"Feature","properties":{"Id":0,"area":124.906,"category":"Anthropogenic","ORIG_FID":1129,"category_1":"Anthropogenic"},"geometry":{"type":"Point","coordinates":[77.201620890083888,30.90326901972557]}},
{"type":"Feature","properties":{"Id":0,"area":116.164,"category":"Anthropogenic","ORIG_FID":1130,"category_1":"Anthropogenic"},"geometry":{"type":"Point","coordinates":[77.202155260022195,30.903101486499715]}},
{"type":"Feature","properties":{"Id":0,"area":210.985,"category":"Anthropogenic","ORIG_FID":1131,"category_1":"Anthropogenic"},"geometry":{"type":"Point","coordinates":[77.198521563306144,30.903324790034592]}},
{"type":"Feature","properties":{"Id":0,"area":282.81,"category":"Anthropogenic","ORIG_FID":1132,"category_1":"Anthropogenic"},"geometry":{"type":"Point","coordinates":[77.19894124702563,30.903333309108248]}},
{"type":"Feature","properties":{"Id":0,"area":377.159,"category":"Anthropogenic","ORIG_FID":1133,"category_1":"Anthropogenic"},"geometry":{"type":"Point","coordinates":[77.198985718148251,30.903046791599117]}},
{"type":"Feature","properties":{"Id":0,"area":655.637,"category":"Anthropogenic","ORIG_FID":1134,"category_1":"Anthropogenic"},"geometry":{"type":"Point","coordinates":[77.198695793756812,30.902902157179867]}},
{"type":"Feature","properties":{"Id":0,"area":1652.11,"category":"Anthropogenic","ORIG_FID":1135,"category_1":"Anthropogenic"},"geometry":{"type":"Point","coordinates":[77.204265999907278,30.89316687520596]}},
{"type":"Feature","properties":{"Id":0,"area":1211.92,"category":"Anthropogenic","ORIG_FID":1136,"category_1":"Anthropogenic"},"geometry":{"type":"Point","coordinates":[77.204581161012769,30.892839470407822]}},
{"type":"Feature","properties":{"Id":0,"area":594.164,"category":"Anthropogenic","ORIG_FID":1137,"category_1":"Anthropogenic"},"geometry":{"type":"Point","coordinates":[77.204881570689537,30.892712574945694]}},
{"type":"Feature","properties":{"Id":0,"area":547.585,"category":"Anthropogenic","ORIG_FID":1138,"category_1":"Anthropogenic"},"geometry":{"type":"Point","coordinates":[77.205012406078964,30.892329134756739]}},
{"type":"Feature","properties":{"Id":0,"area":591.609,"category":"Anthropogenic","ORIG_FID":1139,"category_1":"Anthropogenic"},"geometry":{"type":"Point","coordinates":[77.199672418729392,30.889595633263884]}},
{"type":"Feature","properties":{"Id":0,"area":507.262,"category":"Anthropogenic","ORIG_FID":1140,"category_1":"Anthropogenic"},"geometry":{"type":"Point","coordinates":[77.195801849008575,30.88992239284531]}},
{"type":"Feature","properties":{"Id":0,"area":443.313,"category":"Anthropogenic","ORIG_FID":1141,"category_1":"Anthropogenic"},"geometry":{"type":"Point","coordinates":[77.195757889990716,30.889557811297379]}},
{"type":"Feature","properties":{"Id":0,"area":1001.37,"category":"Anthropogenic","ORIG_FID":1142,"category_1":"Anthropogenic"},"geometry":{"type":"Point","coordinates":[77.197652637563053,30.889500885939004]}},
{"type":"Feature","properties":{"Id":0,"area":647.84,"category":"Anthropogenic","ORIG_FID":1143,"category_1":"Anthropogenic"},"geometry":{"type":"Point","coordinates":[77.202188283540423,30.882900955679105]}},
{"type":"Feature","properties":{"Id":0,"area":505.293,"category":"Anthropogenic","ORIG_FID":1144,"category_1":"Anthropogenic"},"geometry":{"type":"Point","coordinates":[77.210541292383866,30.877066939370728]}},
{"type":"Feature","properties":{"Id":0,"area":341.483,"category":"Anthropogenic","ORIG_FID":1145,"category_1":"Anthropogenic"},"geometry":{"type":"Point","coordinates":[77.210372577033553,30.876836230615368]}},
{"type":"Feature","properties":{"Id":0,"area":202.322,"category":"Anthropogenic","ORIG_FID":1146,"category_1":"Anthropogenic"},"geometry":{"type":"Point","coordinates":[77.211585889516428,30.876609075072949]}},
{"type":"Feature","properties":{"Id":0,"area":314.706,"category":"Natural","ORIG_FID":1147,"category_1":"Natural"},"geometry":{"type":"Point","coordinates":[77.210838186527653,30.875738512698302]}},
{"type":"Feature","properties":{"Id":0,"area":422.207,"category":"Natural","ORIG_FID":1148,"category_1":"Natural"},"geometry":{"type":"Point","coordinates":[77.208488581526353,30.875483215493801]}},
{"type":"Feature","properties":{"Id":0,"area":506.947,"category":"Anthropogenic","ORIG_FID":1149,"category_1":"Anthropogenic"},"geometry":{"type":"Point","coordinates":[77.206557673776786,30.876987709729622]}},
{"type":"Feature","properties":{"Id":0,"area":938.762,"category":"Anthropogenic","ORIG_FID":1150,"category_1":"Anthropogenic"},"geometry":{"type":"Point","coordinates":[77.193447700373582,30.864591315929669]}},
{"type":"Feature","properties":{"Id":0,"area":593.184,"category":"Anthropogenic","ORIG_FID":1151,"category_1":"Anthropogenic"},"geometry":{"type":"Point","coordinates":[77.191042293868861,30.865067843294334]}},
{"type":"Feature","properties":{"Id":0,"area":505.608,"category":"Anthropogenic","ORIG_FID":1152,"category_1":"Anthropogenic"},"geometry":{"type":"Point","coordinates":[77.19882736491904,30.865327944899988]}},
{"type":"Feature","properties":{"Id":0,"area":404.347,"category":"Anthropogenic","ORIG_FID":1153,"category_1":"Anthropogenic"},"geometry":{"type":"Point","coordinates":[77.187804421947817,30.866842917460826]}},
{"type":"Feature","properties":{"Id":0,"area":985.534,"category":"Natural","ORIG_FID":1154,"category_1":"Natural"},"geometry":{"type":"Point","coordinates":[77.177966787081417,30.859318242542678]}},
{"type":"Feature","properties":{"Id":0,"area":1072.82,"category":"Natural","ORIG_FID":1155,"category_1":"Natural"},"geometry":{"type":"Point","coordinates":[77.176965183971788,30.859839667514184]}},
{"type":"Feature","properties":{"Id":0,"area":375.181,"category":"Natural","ORIG_FID":1156,"category_1":"Natural"},"geometry":{"type":"Point","coordinates":[77.177685450097755,30.858384825350402]}},
{"type":"Feature","properties":{"Id":0,"area":537.504,"category":"Anthropogenic","ORIG_FID":1157,"category_1":"Anthropogenic"},"geometry":{"type":"Point","coordinates":[77.18287075847077,30.860159266570143]}},
{"type":"Feature","properties":{"Id":0,"area":1665.84,"category":"Natural","ORIG_FID":1158,"category_1":"Natural"},"geometry":{"type":"Point","coordinates":[77.176591128895765,30.859076125442609]}},
{"type":"Feature","properties":{"Id":0,"area":442.762,"category":"Anthropogenic","ORIG_FID":1159,"category_1":"Anthropogenic"},"geometry":{"type":"Point","coordinates":[77.178777911380877,30.861347253012294]}},
{"type":"Feature","properties":{"Id":0,"area":499.308,"category":"Anthropogenic","ORIG_FID":1160,"category_1":"Anthropogenic"},"geometry":{"type":"Point","coordinates":[77.179299921160634,30.861311222310075]}},
{"type":"Feature","properties":{"Id":0,"area":405.808,"category":"Natural","ORIG_FID":1161,"category_1":"Natural"},"geometry":{"type":"Point","coordinates":[77.184299660876647,30.857118996478221]}},
{"type":"Feature","properties":{"Id":0,"area":514.315,"category":"Natural","ORIG_FID":1162,"category_1":"Natural"},"geometry":{"type":"Point","coordinates":[77.184370031714764,30.857458266388925]}},
{"type":"Feature","properties":{"Id":0,"area":491.152,"category":"Natural","ORIG_FID":1163,"category_1":"Natural"},"geometry":{"type":"Point","coordinates":[77.178392885308611,30.856657736951206]}},
{"type":"Feature","properties":{"Id":0,"area":3518.71,"category":"Natural","ORIG_FID":1164,"category_1":"Natural"},"geometry":{"type":"Point","coordinates":[77.184946593027249,30.853613064146618]}},
{"type":"Feature","properties":{"Id":0,"area":287.299,"category":"Anthropogenic","ORIG_FID":1165,"category_1":"Anthropogenic"},"geometry":{"type":"Point","coordinates":[77.179567783982051,30.854863211989745]}},
{"type":"Feature","properties":{"Id":0,"area":547.716,"category":"Anthropogenic","ORIG_FID":1166,"category_1":"Anthropogenic"},"geometry":{"type":"Point","coordinates":[77.178775311937557,30.853023137554548]}},
{"type":"Feature","properties":{"Id":0,"area":308.02,"category":"Natural","ORIG_FID":1167,"category_1":"Natural"},"geometry":{"type":"Point","coordinates":[77.181051881429127,30.85369818319376]}},
{"type":"Feature","properties":{"Id":0,"area":280.579,"category":"Anthropogenic","ORIG_FID":1168,"category_1":"Anthropogenic"},"geometry":{"type":"Point","coordinates":[77.175850496456007,30.854663580403958]}},
{"type":"Feature","properties":{"Id":0,"area":386.776,"category":"Natural","ORIG_FID":1169,"category_1":"Natural"},"geometry":{"type":"Point","coordinates":[77.180533330597797,30.85302806016561]}},
{"type":"Feature","properties":{"Id":0,"area":538.817,"category":"Anthropogenic","ORIG_FID":1170,"category_1":"Anthropogenic"},"geometry":{"type":"Point","coordinates":[77.181496702722512,30.852428736224784]}},
{"type":"Feature","properties":{"Id":0,"area":770.27,"category":"Anthropogenic","ORIG_FID":1171,"category_1":"Anthropogenic"},"geometry":{"type":"Point","coordinates":[77.179867434078076,30.853233903375632]}},
{"type":"Feature","properties":{"Id":0,"area":288.113,"category":"Natural","ORIG_FID":1172,"category_1":"Natural"},"geometry":{"type":"Point","coordinates":[77.180027285382522,30.850681617804845]}},
{"type":"Feature","properties":{"Id":0,"area":201.482,"category":"Natural","ORIG_FID":1173,"category_1":"Natural"},"geometry":{"type":"Point","coordinates":[77.18378333352085,30.853507966860128]}},
{"type":"Feature","properties":{"Id":0,"area":216.139,"category":"Natural","ORIG_FID":1174,"category_1":"Natural"},"geometry":{"type":"Point","coordinates":[77.184333579341768,30.853321223666253]}},
{"type":"Feature","properties":{"Id":0,"area":1357.67,"category":"Natural","ORIG_FID":1175,"category_1":"Natural"},"geometry":{"type":"Point","coordinates":[77.199868177052267,30.849177723769568]}},
{"type":"Feature","properties":{"Id":0,"area":997.846,"category":"Natural","ORIG_FID":1176,"category_1":"Natural"},"geometry":{"type":"Point","coordinates":[77.195078091553682,30.844017486779673]}},
{"type":"Feature","properties":{"Id":0,"area":631.617,"category":"Anthropogenic","ORIG_FID":1177,"category_1":"Anthropogenic"},"geometry":{"type":"Point","coordinates":[77.210528514150198,30.84171102550869]}},
{"type":"Feature","properties":{"Id":0,"area":701.866,"category":"Anthropogenic","ORIG_FID":1178,"category_1":"Anthropogenic"},"geometry":{"type":"Point","coordinates":[77.210339153000874,30.840447062723538]}},
{"type":"Feature","properties":{"Id":0,"area":967.744,"category":"Anthropogenic","ORIG_FID":1179,"category_1":"Anthropogenic"},"geometry":{"type":"Point","coordinates":[77.200733378098988,30.834862432276648]}},
{"type":"Feature","properties":{"Id":0,"area":434.414,"category":"Anthropogenic","ORIG_FID":1180,"category_1":"Anthropogenic"},"geometry":{"type":"Point","coordinates":[77.224696147345625,30.831629263978655]}},
{"type":"Feature","properties":{"Id":0,"area":1529.74,"category":"Natural","ORIG_FID":1181,"category_1":"Natural"},"geometry":{"type":"Point","coordinates":[76.944060243190066,30.916389898994677]}},
{"type":"Feature","properties":{"Id":0,"area":317.541,"category":"Natural","ORIG_FID":1182,"category_1":"Natural"},"geometry":{"type":"Point","coordinates":[76.944407623308123,30.91592732166756]}},
{"type":"Feature","properties":{"Id":0,"area":1128.4,"category":"Anthropogenic","ORIG_FID":1183,"category_1":"Anthropogenic"},"geometry":{"type":"Point","coordinates":[76.947272037102223,30.918497305101166]}},
{"type":"Feature","properties":{"Id":0,"area":697.456,"category":"Natural","ORIG_FID":1184,"category_1":"Natural"},"geometry":{"type":"Point","coordinates":[76.946011365500283,30.919261710486758]}},
{"type":"Feature","properties":{"Id":0,"area":502.493,"category":"Natural","ORIG_FID":1185,"category_1":"Natural"},"geometry":{"type":"Point","coordinates":[76.950551916169985,30.91456540534648]}},
{"type":"Feature","properties":{"Id":0,"area":328.182,"category":"Natural","ORIG_FID":1186,"category_1":"Natural"},"geometry":{"type":"Point","coordinates":[76.949843445904449,30.915276837337654]}},
{"type":"Feature","properties":{"Id":0,"area":364.584,"category":"Anthropogenic","ORIG_FID":1187,"category_1":"Anthropogenic"},"geometry":{"type":"Point","coordinates":[76.949164810118646,30.916293264304166]}},
{"type":"Feature","properties":{"Id":0,"area":277.218,"category":"Anthropogenic","ORIG_FID":1188,"category_1":"Anthropogenic"},"geometry":{"type":"Point","coordinates":[76.947785432817895,30.918644441004126]}},
{"type":"Feature","properties":{"Id":0,"area":370.044,"category":"Anthropogenic","ORIG_FID":1189,"category_1":"Anthropogenic"},"geometry":{"type":"Point","coordinates":[76.948348543932198,30.919198605141023]}},
{"type":"Feature","properties":{"Id":0,"area":256.917,"category":"Anthropogenic","ORIG_FID":1190,"category_1":"Anthropogenic"},"geometry":{"type":"Point","coordinates":[76.948183559214684,30.918974588959042]}},
{"type":"Feature","properties":{"Id":0,"area":398.186,"category":"Natural","ORIG_FID":1191,"category_1":"Natural"},"geometry":{"type":"Point","coordinates":[76.941636019370179,30.920128593170219]}},
{"type":"Feature","properties":{"Id":0,"area":2455.9,"category":"Anthropogenic","ORIG_FID":1192,"category_1":"Anthropogenic"},"geometry":{"type":"Point","coordinates":[76.945181525509952,30.922786209547215]}},
{"type":"Feature","properties":{"Id":0,"area":828.505,"category":"Natural","ORIG_FID":1193,"category_1":"Natural"},"geometry":{"type":"Point","coordinates":[76.950627078853032,30.920853538108371]}},
{"type":"Feature","properties":{"Id":0,"area":476.311,"category":"Anthropogenic","ORIG_FID":1194,"category_1":"Anthropogenic"},"geometry":{"type":"Point","coordinates":[76.951132964581745,30.922745235373]}},
{"type":"Feature","properties":{"Id":0,"area":473.091,"category":"Natural","ORIG_FID":1195,"category_1":"Natural"},"geometry":{"type":"Point","coordinates":[76.952817030637732,30.92488770514101]}},
{"type":"Feature","properties":{"Id":0,"area":342.113,"category":"Anthropogenic","ORIG_FID":1196,"category_1":"Anthropogenic"},"geometry":{"type":"Point","coordinates":[76.957875241346812,30.925428261632483]}},
{"type":"Feature","properties":{"Id":0,"area":730.218,"category":"Natural","ORIG_FID":1197,"category_1":"Natural"},"geometry":{"type":"Point","coordinates":[76.958141051821727,30.925033029309759]}},
{"type":"Feature","properties":{"Id":0,"area":337.545,"category":"Anthropogenic","ORIG_FID":1198,"category_1":"Anthropogenic"},"geometry":{"type":"Point","coordinates":[76.958577240724168,30.925444100876746]}},
{"type":"Feature","properties":{"Id":0,"area":1322.54,"category":"Anthropogenic","ORIG_FID":1199,"category_1":"Anthropogenic"},"geometry":{"type":"Point","coordinates":[76.95855620309537,30.924888563655852]}},
{"type":"Feature","properties":{"Id":0,"area":365.897,"category":"Anthropogenic","ORIG_FID":1200,"category_1":"Anthropogenic"},"geometry":{"type":"Point","coordinates":[76.953170457653002,30.927420134553486]}},
{"type":"Feature","properties":{"Id":0,"area":3167.22,"category":"Anthropogenic","ORIG_FID":1201,"category_1":"Anthropogenic"},"geometry":{"type":"Point","coordinates":[76.952646531383309,30.928055059625969]}},
{"type":"Feature","properties":{"Id":0,"area":1497.44,"category":"Anthropogenic","ORIG_FID":1202,"category_1":"Anthropogenic"},"geometry":{"type":"Point","coordinates":[76.959306240553346,30.928344566802352]}},
{"type":"Feature","properties":{"Id":0,"area":1299.07,"category":"Anthropogenic","ORIG_FID":1203,"category_1":"Anthropogenic"},"geometry":{"type":"Point","coordinates":[76.959051537902027,30.929672734343363]}},
{"type":"Feature","properties":{"Id":0,"area":443.864,"category":"Anthropogenic","ORIG_FID":1204,"category_1":"Anthropogenic"},"geometry":{"type":"Point","coordinates":[76.960409918257014,30.930030294188086]}},
{"type":"Feature","properties":{"Id":0,"area":333.782,"category":"Anthropogenic","ORIG_FID":1205,"category_1":"Anthropogenic"},"geometry":{"type":"Point","coordinates":[76.957808282599132,30.930702180678157]}},
{"type":"Feature","properties":{"Id":0,"area":375.158,"category":"Natural","ORIG_FID":1206,"category_1":"Natural"},"geometry":{"type":"Point","coordinates":[76.960243897897257,30.928235586357886]}},
{"type":"Feature","properties":{"Id":0,"area":463.991,"category":"Anthropogenic","ORIG_FID":1207,"category_1":"Anthropogenic"},"geometry":{"type":"Point","coordinates":[76.940166107586123,30.936260738521511]}},
{"type":"Feature","properties":{"Id":0,"area":340.502,"category":"Natural","ORIG_FID":1208,"category_1":"Natural"},"geometry":{"type":"Point","coordinates":[76.944769871154776,30.930781814473175]}},
{"type":"Feature","properties":{"Id":0,"area":845.743,"category":"Natural","ORIG_FID":1209,"category_1":"Natural"},"geometry":{"type":"Point","coordinates":[76.953288506442419,30.994910295170055]}},
{"type":"Feature","properties":{"Id":0,"area":1396.15,"category":"Natural","ORIG_FID":1210,"category_1":"Natural"},"geometry":{"type":"Point","coordinates":[76.95401361962999,30.994377600975984]}},
{"type":"Feature","properties":{"Id":0,"area":1693.67,"category":"Anthropogenic","ORIG_FID":1211,"category_1":"Anthropogenic"},"geometry":{"type":"Point","coordinates":[76.95391180294024,30.991877668581381]}},
{"type":"Feature","properties":{"Id":0,"area":548.224,"category":"Anthropogenic","ORIG_FID":1212,"category_1":"Anthropogenic"},"geometry":{"type":"Point","coordinates":[76.945782471388227,30.990333108380796]}},
{"type":"Feature","properties":{"Id":0,"area":2478.72,"category":"Natural","ORIG_FID":1213,"category_1":"Natural"},"geometry":{"type":"Point","coordinates":[76.962546171700708,31.000767730052534]}},
{"type":"Feature","properties":{"Id":0,"area":661.404,"category":"Natural","ORIG_FID":1214,"category_1":"Natural"},"geometry":{"type":"Point","coordinates":[76.962046788530174,31.001404264245195]}},
{"type":"Feature","properties":{"Id":0,"area":328.803,"category":"Natural","ORIG_FID":1215,"category_1":"Natural"},"geometry":{"type":"Point","coordinates":[76.961737158085782,31.000173169003876]}},
{"type":"Feature","properties":{"Id":0,"area":430.091,"category":"Natural","ORIG_FID":1216,"category_1":"Natural"},"geometry":{"type":"Point","coordinates":[76.961845196279484,31.000447572067337]}},
{"type":"Feature","properties":{"Id":0,"area":898.466,"category":"Natural","ORIG_FID":1217,"category_1":"Natural"},"geometry":{"type":"Point","coordinates":[76.960634363291121,31.000813105884699]}},
{"type":"Feature","properties":{"Id":0,"area":217.837,"category":"Natural","ORIG_FID":1218,"category_1":"Natural"},"geometry":{"type":"Point","coordinates":[76.960730514076999,31.000468437486969]}},
{"type":"Feature","properties":{"Id":0,"area":184.445,"category":"Natural","ORIG_FID":1219,"category_1":"Natural"},"geometry":{"type":"Point","coordinates":[76.961512767139723,31.000012741684184]}},
{"type":"Feature","properties":{"Id":0,"area":440.005,"category":"Natural","ORIG_FID":1220,"category_1":"Natural"},"geometry":{"type":"Point","coordinates":[76.961471610451483,31.00202276405372]}},
{"type":"Feature","properties":{"Id":0,"area":383.065,"category":"Natural","ORIG_FID":1221,"category_1":"Natural"},"geometry":{"type":"Point","coordinates":[76.963766482113257,31.000834247318224]}},
{"type":"Feature","properties":{"Id":0,"area":421.97,"category":"Natural","ORIG_FID":1222,"category_1":"Natural"},"geometry":{"type":"Point","coordinates":[76.962709848115338,31.001704286627096]}},
{"type":"Feature","properties":{"Id":0,"area":1556.73,"category":"Natural","ORIG_FID":1223,"category_1":"Natural"},"geometry":{"type":"Point","coordinates":[76.968835210724961,31.001863150823709]}},
{"type":"Feature","properties":{"Id":0,"area":2065.14,"category":"Natural","ORIG_FID":1224,"category_1":"Natural"},"geometry":{"type":"Point","coordinates":[76.969714167784886,31.00172974260245]}},
{"type":"Feature","properties":{"Id":0,"area":475.366,"category":"Natural","ORIG_FID":1225,"category_1":"Natural"},"geometry":{"type":"Point","coordinates":[76.970053378558887,31.000765489499823]}},
{"type":"Feature","properties":{"Id":0,"area":464.971,"category":"Natural","ORIG_FID":1226,"category_1":"Natural"},"geometry":{"type":"Point","coordinates":[76.970088090685522,31.001097693547816]}},
{"type":"Feature","properties":{"Id":0,"area":635.082,"category":"Natural","ORIG_FID":1227,"category_1":"Natural"},"geometry":{"type":"Point","coordinates":[76.971827321843932,31.001243525704034]}},
{"type":"Feature","properties":{"Id":0,"area":553.036,"category":"Anthropogenic","ORIG_FID":1228,"category_1":"Anthropogenic"},"geometry":{"type":"Point","coordinates":[76.97310358733418,31.002052154208943]}},
{"type":"Feature","properties":{"Id":0,"area":282.119,"category":"Anthropogenic","ORIG_FID":1229,"category_1":"Anthropogenic"},"geometry":{"type":"Point","coordinates":[76.972854308459176,31.001889666478778]}},
{"type":"Feature","properties":{"Id":0,"area":223.455,"category":"Natural","ORIG_FID":1230,"category_1":"Natural"},"geometry":{"type":"Point","coordinates":[76.971511574176731,31.002132886366699]}},
{"type":"Feature","properties":{"Id":0,"area":2473.23,"category":"Natural","ORIG_FID":1231,"category_1":"Natural"},"geometry":{"type":"Point","coordinates":[76.963907521438472,30.990688446708521]}},
{"type":"Feature","properties":{"Id":0,"area":1573.84,"category":"Natural","ORIG_FID":1232,"category_1":"Natural"},"geometry":{"type":"Point","coordinates":[76.963147173761072,30.990537882870886]}},
{"type":"Feature","properties":{"Id":0,"area":795.112,"category":"Anthropogenic","ORIG_FID":1233,"category_1":"Anthropogenic"},"geometry":{"type":"Point","coordinates":[76.960641739846338,30.989796960053066]}},
{"type":"Feature","properties":{"Id":0,"area":751.01,"category":"Anthropogenic","ORIG_FID":1234,"category_1":"Anthropogenic"},"geometry":{"type":"Point","coordinates":[76.95960282870162,30.990140198451982]}},
{"type":"Feature","properties":{"Id":0,"area":615.236,"category":"Anthropogenic","ORIG_FID":1235,"category_1":"Anthropogenic"},"geometry":{"type":"Point","coordinates":[76.9606828940301,30.990350361968208]}},
{"type":"Feature","properties":{"Id":0,"area":630.357,"category":"Anthropogenic","ORIG_FID":1236,"category_1":"Anthropogenic"},"geometry":{"type":"Point","coordinates":[76.961103001188718,30.990441516187634]}},
{"type":"Feature","properties":{"Id":0,"area":456.465,"category":"Anthropogenic","ORIG_FID":1237,"category_1":"Anthropogenic"},"geometry":{"type":"Point","coordinates":[76.962964082535635,30.991015665197011]}},
{"type":"Feature","properties":{"Id":0,"area":795.112,"category":"Anthropogenic","ORIG_FID":1238,"category_1":"Anthropogenic"},"geometry":{"type":"Point","coordinates":[76.961859621174241,30.990051382349609]}},
{"type":"Feature","properties":{"Id":0,"area":243.826,"category":"Anthropogenic","ORIG_FID":1239,"category_1":"Anthropogenic"},"geometry":{"type":"Point","coordinates":[76.961208867614616,30.990693898782286]}},
{"type":"Feature","properties":{"Id":0,"area":875.058,"category":"Anthropogenic","ORIG_FID":1240,"category_1":"Anthropogenic"},"geometry":{"type":"Point","coordinates":[76.969298707839798,30.99638051161881]}},
{"type":"Feature","properties":{"Id":0,"area":1243.46,"category":"Anthropogenic","ORIG_FID":1241,"category_1":"Anthropogenic"},"geometry":{"type":"Point","coordinates":[76.970459843288509,30.995745304343384]}},
{"type":"Feature","properties":{"Id":0,"area":8562.26,"category":"Natural","ORIG_FID":1242,"category_1":"Natural"},"geometry":{"type":"Point","coordinates":[76.977409232846398,30.976410463535746]}},
{"type":"Feature","properties":{"Id":0,"area":3252.27,"category":"Anthropogenic","ORIG_FID":1243,"category_1":"Anthropogenic"},"geometry":{"type":"Point","coordinates":[76.977778621756002,30.975422388435028]}},
{"type":"Feature","properties":{"Id":0,"area":521.989,"category":"Anthropogenic","ORIG_FID":1244,"category_1":"Anthropogenic"},"geometry":{"type":"Point","coordinates":[76.976273562672944,30.974513847245539]}},
{"type":"Feature","properties":{"Id":0,"area":1393.37,"category":"Natural","ORIG_FID":1245,"category_1":"Natural"},"geometry":{"type":"Point","coordinates":[76.976330016719416,30.975482810979365]}},
{"type":"Feature","properties":{"Id":0,"area":627.276,"category":"Anthropogenic","ORIG_FID":1246,"category_1":"Anthropogenic"},"geometry":{"type":"Point","coordinates":[76.973910914770443,30.975692904608827]}},
{"type":"Feature","properties":{"Id":0,"area":458.434,"category":"Anthropogenic","ORIG_FID":1247,"category_1":"Anthropogenic"},"geometry":{"type":"Point","coordinates":[76.974865145514698,30.974785674362714]}},
{"type":"Feature","properties":{"Id":0,"area":155.857,"category":"Anthropogenic","ORIG_FID":1248,"category_1":"Anthropogenic"},"geometry":{"type":"Point","coordinates":[76.974177616341748,30.976067324233728]}},
{"type":"Feature","properties":{"Id":0,"area":601.06,"category":"Natural","ORIG_FID":1249,"category_1":"Natural"},"geometry":{"type":"Point","coordinates":[76.974533538266712,30.975102404691931]}},
{"type":"Feature","properties":{"Id":0,"area":481.982,"category":"Anthropogenic","ORIG_FID":1250,"category_1":"Anthropogenic"},"geometry":{"type":"Point","coordinates":[76.974144844774116,30.975288024322314]}},
{"type":"Feature","properties":{"Id":0,"area":629.167,"category":"Anthropogenic","ORIG_FID":1251,"category_1":"Anthropogenic"},"geometry":{"type":"Point","coordinates":[76.97432621340711,30.978316156001338]}},
{"type":"Feature","properties":{"Id":0,"area":1227.04,"category":"Anthropogenic","ORIG_FID":1252,"category_1":"Anthropogenic"},"geometry":{"type":"Point","coordinates":[76.979823574986412,30.964977694910793]}},
{"type":"Feature","properties":{"Id":0,"area":1763.0,"category":"Anthropogenic","ORIG_FID":1253,"category_1":"Anthropogenic"},"geometry":{"type":"Point","coordinates":[76.975729053060036,30.966190725112149]}},
{"type":"Feature","properties":{"Id":0,"area":931.901,"category":"Natural","ORIG_FID":1254,"category_1":"Natural"},"geometry":{"type":"Point","coordinates":[76.974328282908218,30.964235779342335]}},
{"type":"Feature","properties":{"Id":0,"area":495.72,"category":"Anthropogenic","ORIG_FID":1255,"category_1":"Anthropogenic"},"geometry":{"type":"Point","coordinates":[76.976463958165297,30.967103771100351]}},
{"type":"Feature","properties":{"Id":0,"area":342.743,"category":"Anthropogenic","ORIG_FID":1256,"category_1":"Anthropogenic"},"geometry":{"type":"Point","coordinates":[76.976323365316063,30.966847340860774]}},
{"type":"Feature","properties":{"Id":0,"area":5168.86,"category":"Anthropogenic","ORIG_FID":1257,"category_1":"Anthropogenic"},"geometry":{"type":"Point","coordinates":[76.979200173773066,30.965501387623071]}},
{"type":"Feature","properties":{"Id":0,"area":514.534,"category":"Natural","ORIG_FID":1258,"category_1":"Natural"},"geometry":{"type":"Point","coordinates":[77.027524013321354,31.000428233989478]}},
{"type":"Feature","properties":{"Id":0,"area":716.891,"category":"Natural","ORIG_FID":1259,"category_1":"Natural"},"geometry":{"type":"Point","coordinates":[77.026065116975133,30.999525769375914]}},
{"type":"Feature","properties":{"Id":0,"area":870.245,"category":"Anthropogenic","ORIG_FID":1260,"category_1":"Anthropogenic"},"geometry":{"type":"Point","coordinates":[77.026550299771927,31.000888590311547]}},
{"type":"Feature","properties":{"Id":0,"area":570.1,"category":"Natural","ORIG_FID":1261,"category_1":"Natural"},"geometry":{"type":"Point","coordinates":[77.026587530806964,30.999076963832337]}},
{"type":"Feature","properties":{"Id":0,"area":488.063,"category":"Natural","ORIG_FID":1262,"category_1":"Natural"},"geometry":{"type":"Point","coordinates":[77.026432294330803,30.998457260492877]}},
{"type":"Feature","properties":{"Id":0,"area":520.397,"category":"Natural","ORIG_FID":1263,"category_1":"Natural"},"geometry":{"type":"Point","coordinates":[77.026544223855012,30.998670215197311]}},
{"type":"Feature","properties":{"Id":0,"area":348.255,"category":"Natural","ORIG_FID":1264,"category_1":"Natural"},"geometry":{"type":"Point","coordinates":[77.025276260282808,30.998454689821212]}},
{"type":"Feature","properties":{"Id":0,"area":246.425,"category":"Natural","ORIG_FID":1265,"category_1":"Natural"},"geometry":{"type":"Point","coordinates":[77.025619932043483,30.998725311199831]}},
{"type":"Feature","properties":{"Id":0,"area":606.494,"category":"Natural","ORIG_FID":1266,"category_1":"Natural"},"geometry":{"type":"Point","coordinates":[77.024823189503579,30.998788984589183]}},
{"type":"Feature","properties":{"Id":0,"area":2606.95,"category":"Natural","ORIG_FID":1267,"category_1":"Natural"},"geometry":{"type":"Point","coordinates":[77.025817123593868,30.998050262958436]}},
{"type":"Feature","properties":{"Id":0,"area":331.638,"category":"Natural","ORIG_FID":1268,"category_1":"Natural"},"geometry":{"type":"Point","coordinates":[77.025553989280581,30.996708133542111]}},
{"type":"Feature","properties":{"Id":0,"area":1385.66,"category":"Natural","ORIG_FID":1269,"category_1":"Natural"},"geometry":{"type":"Point","coordinates":[77.025853498448555,30.996939730245572]}},
{"type":"Feature","properties":{"Id":0,"area":409.947,"category":"Natural","ORIG_FID":1270,"category_1":"Natural"},"geometry":{"type":"Point","coordinates":[77.024636257122836,30.994275744257671]}},
{"type":"Feature","properties":{"Id":0,"area":477.712,"category":"Natural","ORIG_FID":1271,"category_1":"Natural"},"geometry":{"type":"Point","coordinates":[77.024982842789129,30.994414726818217]}},
{"type":"Feature","properties":{"Id":0,"area":532.473,"category":"Natural","ORIG_FID":1272,"category_1":"Natural"},"geometry":{"type":"Point","coordinates":[77.025599637940076,30.995172125798202]}},
{"type":"Feature","properties":{"Id":0,"area":238.891,"category":"Natural","ORIG_FID":1273,"category_1":"Natural"},"geometry":{"type":"Point","coordinates":[77.025126705858867,30.995863820644718]}},
{"type":"Feature","properties":{"Id":0,"area":697.859,"category":"Natural","ORIG_FID":1274,"category_1":"Natural"},"geometry":{"type":"Point","coordinates":[77.024688266526042,30.997004980655415]}},
{"type":"Feature","properties":{"Id":0,"area":1024.26,"category":"Natural","ORIG_FID":1275,"category_1":"Natural"},"geometry":{"type":"Point","coordinates":[77.023466860542285,30.997370407996861]}},
{"type":"Feature","properties":{"Id":0,"area":391.151,"category":"Natural","ORIG_FID":1276,"category_1":"Natural"},"geometry":{"type":"Point","coordinates":[77.023279385749504,30.994673247649189]}},
{"type":"Feature","properties":{"Id":0,"area":168.886,"category":"Natural","ORIG_FID":1277,"category_1":"Natural"},"geometry":{"type":"Point","coordinates":[77.023056128354568,30.994840697595947]}},
{"type":"Feature","properties":{"Id":0,"area":493.008,"category":"Anthropogenic","ORIG_FID":1278,"category_1":"Anthropogenic"},"geometry":{"type":"Point","coordinates":[77.023516993255839,30.996168214607952]}},
{"type":"Feature","properties":{"Id":0,"area":528.369,"category":"Natural","ORIG_FID":1279,"category_1":"Natural"},"geometry":{"type":"Point","coordinates":[77.024145174341442,30.996384414752907]}},
{"type":"Feature","properties":{"Id":0,"area":340.301,"category":"Natural","ORIG_FID":1280,"category_1":"Natural"},"geometry":{"type":"Point","coordinates":[77.024038433925327,30.996609159991653]}},
{"type":"Feature","properties":{"Id":0,"area":269.107,"category":"Natural","ORIG_FID":1281,"category_1":"Natural"},"geometry":{"type":"Point","coordinates":[77.023822386977983,30.996539373947073]}},
{"type":"Feature","properties":{"Id":0,"area":228.941,"category":"Anthropogenic","ORIG_FID":1282,"category_1":"Anthropogenic"},"geometry":{"type":"Point","coordinates":[77.023602613132667,30.996601008323221]}},
{"type":"Feature","properties":{"Id":0,"area":175.388,"category":"Natural","ORIG_FID":1283,"category_1":"Natural"},"geometry":{"type":"Point","coordinates":[77.023759809860124,30.996197349164873]}},
{"type":"Feature","properties":{"Id":0,"area":323.92,"category":"Natural","ORIG_FID":1284,"category_1":"Natural"},"geometry":{"type":"Point","coordinates":[77.024606790671726,30.996609349240739]}},
{"type":"Feature","properties":{"Id":0,"area":230.989,"category":"Natural","ORIG_FID":1285,"category_1":"Natural"},"geometry":{"type":"Point","coordinates":[77.024122341901545,30.996806999367173]}},
{"type":"Feature","properties":{"Id":0,"area":501.671,"category":"Anthropogenic","ORIG_FID":1286,"category_1":"Anthropogenic"},"geometry":{"type":"Point","coordinates":[77.020026834121794,30.996887636122985]}},
{"type":"Feature","properties":{"Id":0,"area":365.975,"category":"Anthropogenic","ORIG_FID":1287,"category_1":"Anthropogenic"},"geometry":{"type":"Point","coordinates":[77.019710421330075,30.996551571646489]}},
{"type":"Feature","properties":{"Id":0,"area":259.507,"category":"Anthropogenic","ORIG_FID":1288,"category_1":"Anthropogenic"},"geometry":{"type":"Point","coordinates":[77.018886877978048,30.997153494353967]}},
{"type":"Feature","properties":{"Id":0,"area":171.231,"category":"Anthropogenic","ORIG_FID":1289,"category_1":"Anthropogenic"},"geometry":{"type":"Point","coordinates":[77.018771878705635,30.996620762999076]}},
{"type":"Feature","properties":{"Id":0,"area":106.407,"category":"Anthropogenic","ORIG_FID":1290,"category_1":"Anthropogenic"},"geometry":{"type":"Point","coordinates":[77.018437607198592,30.996925265142828]}},
{"type":"Feature","properties":{"Id":0,"area":307.53,"category":"Anthropogenic","ORIG_FID":1291,"category_1":"Anthropogenic"},"geometry":{"type":"Point","coordinates":[77.018114869364879,30.997264435252969]}},
{"type":"Feature","properties":{"Id":0,"area":234.139,"category":"Anthropogenic","ORIG_FID":1292,"category_1":"Anthropogenic"},"geometry":{"type":"Point","coordinates":[77.022601042989962,30.995734524960806]}},
{"type":"Feature","properties":{"Id":0,"area":440.084,"category":"Anthropogenic","ORIG_FID":1293,"category_1":"Anthropogenic"},"geometry":{"type":"Point","coordinates":[77.021787635469195,30.995845369185666]}},
{"type":"Feature","properties":{"Id":0,"area":670.364,"category":"Anthropogenic","ORIG_FID":1294,"category_1":"Anthropogenic"},"geometry":{"type":"Point","coordinates":[77.021279425119786,30.99595123088201]}},
{"type":"Feature","properties":{"Id":0,"area":429.531,"category":"Anthropogenic","ORIG_FID":1295,"category_1":"Anthropogenic"},"geometry":{"type":"Point","coordinates":[77.022038654657095,30.995738539193809]}},
{"type":"Feature","properties":{"Id":0,"area":329.372,"category":"Anthropogenic","ORIG_FID":1296,"category_1":"Anthropogenic"},"geometry":{"type":"Point","coordinates":[77.023372609399502,30.995970003621569]}},
{"type":"Feature","properties":{"Id":0,"area":417.84,"category":"Anthropogenic","ORIG_FID":1297,"category_1":"Anthropogenic"},"geometry":{"type":"Point","coordinates":[77.022496520220614,30.998184441195377]}},
{"type":"Feature","properties":{"Id":0,"area":195.313,"category":"Natural","ORIG_FID":1298,"category_1":"Natural"},"geometry":{"type":"Point","coordinates":[77.026700276765453,30.999265918597956]}},
{"type":"Feature","properties":{"Id":0,"area":310.295,"category":"Natural","ORIG_FID":1299,"category_1":"Natural"},"geometry":{"type":"Point","coordinates":[77.026830028592386,30.999768944369194]}},
{"type":"Feature","properties":{"Id":0,"area":427.404,"category":"Natural","ORIG_FID":1300,"category_1":"Natural"},"geometry":{"type":"Point","coordinates":[77.026044280711091,30.997277796856114]}},
{"type":"Feature","properties":{"Id":0,"area":605.4,"category":"Natural","ORIG_FID":1301,"category_1":"Natural"},"geometry":{"type":"Point","coordinates":[76.9901229572896,30.957211348931164]}},
{"type":"Feature","properties":{"Id":0,"area":4488.7,"category":"Natural","ORIG_FID":1302,"category_1":"Natural"},"geometry":{"type":"Point","coordinates":[76.990528339779232,30.957638506436528]}},
{"type":"Feature","properties":{"Id":0,"area":2530.01,"category":"Natural","ORIG_FID":1303,"category_1":"Natural"},"geometry":{"type":"Point","coordinates":[76.987234686152306,30.958183454212197]}},
{"type":"Feature","properties":{"Id":0,"area":828.68,"category":"Natural","ORIG_FID":1304,"category_1":"Natural"},"geometry":{"type":"Point","coordinates":[76.984159154775213,30.960249407808337]}},
{"type":"Feature","properties":{"Id":0,"area":1678.14,"category":"Natural","ORIG_FID":1305,"category_1":"Natural"},"geometry":{"type":"Point","coordinates":[76.986552441356409,30.961219322301005]}},
{"type":"Feature","properties":{"Id":0,"area":634.198,"category":"Anthropogenic","ORIG_FID":1306,"category_1":"Anthropogenic"},"geometry":{"type":"Point","coordinates":[76.987028159650393,30.961076099881197]}},
{"type":"Feature","properties":{"Id":0,"area":2161.17,"category":"Natural","ORIG_FID":1307,"category_1":"Natural"},"geometry":{"type":"Point","coordinates":[77.046156423401101,30.942659495064742]}},
{"type":"Feature","properties":{"Id":0,"area":574.257,"category":"Natural","ORIG_FID":1308,"category_1":"Natural"},"geometry":{"type":"Point","coordinates":[77.046452202866789,30.943083879098907]}},
{"type":"Feature","properties":{"Id":0,"area":416.09,"category":"Natural","ORIG_FID":1309,"category_1":"Natural"},"geometry":{"type":"Point","coordinates":[77.04499721449946,30.944169161167828]}},
{"type":"Feature","properties":{"Id":0,"area":902.185,"category":"Anthropogenic","ORIG_FID":1310,"category_1":"Anthropogenic"},"geometry":{"type":"Point","coordinates":[77.04244382694597,30.945023564636319]}},
{"type":"Feature","properties":{"Id":0,"area":289.425,"category":"Natural","ORIG_FID":1311,"category_1":"Natural"},"geometry":{"type":"Point","coordinates":[77.043061377311901,30.945194843647975]}},
{"type":"Feature","properties":{"Id":0,"area":355.492,"category":"Natural","ORIG_FID":1312,"category_1":"Natural"},"geometry":{"type":"Point","coordinates":[77.045099640066226,30.944969790835216]}},
{"type":"Feature","properties":{"Id":0,"area":264.267,"category":"Anthropogenic","ORIG_FID":1313,"category_1":"Anthropogenic"},"geometry":{"type":"Point","coordinates":[77.043527516258479,30.945538982073785]}},
{"type":"Feature","properties":{"Id":0,"area":167.276,"category":"Natural","ORIG_FID":1314,"category_1":"Natural"},"geometry":{"type":"Point","coordinates":[77.044369432342478,30.945003862383086]}},
{"type":"Feature","properties":{"Id":0,"area":708.324,"category":"Anthropogenic","ORIG_FID":1315,"category_1":"Anthropogenic"},"geometry":{"type":"Point","coordinates":[77.044963091896619,30.945724949219425]}},
{"type":"Feature","properties":{"Id":0,"area":292.379,"category":"Anthropogenic","ORIG_FID":1316,"category_1":"Anthropogenic"},"geometry":{"type":"Point","coordinates":[77.040894845785459,30.945736438448641]}},
{"type":"Feature","properties":{"Id":0,"area":500.673,"category":"Natural","ORIG_FID":1317,"category_1":"Natural"},"geometry":{"type":"Point","coordinates":[77.049413052814685,30.948030890025628]}},
{"type":"Feature","properties":{"Id":0,"area":250.057,"category":"Natural","ORIG_FID":1318,"category_1":"Natural"},"geometry":{"type":"Point","coordinates":[77.050693120669578,30.948254364588166]}},
{"type":"Feature","properties":{"Id":0,"area":303.68,"category":"Anthropogenic","ORIG_FID":1319,"category_1":"Anthropogenic"},"geometry":{"type":"Point","coordinates":[77.04143048732206,30.947530035451823]}},
{"type":"Feature","properties":{"Id":0,"area":292.479,"category":"Natural","ORIG_FID":1320,"category_1":"Natural"},"geometry":{"type":"Point","coordinates":[77.04095295160343,30.9478334651441]}},
{"type":"Feature","properties":{"Id":0,"area":168.851,"category":"Natural","ORIG_FID":1321,"category_1":"Natural"},"geometry":{"type":"Point","coordinates":[77.041216532775877,30.947756047190961]}},
{"type":"Feature","properties":{"Id":0,"area":194.893,"category":"Anthropogenic","ORIG_FID":1322,"category_1":"Anthropogenic"},"geometry":{"type":"Point","coordinates":[77.042313613941474,30.947462983711905]}},
{"type":"Feature","properties":{"Id":0,"area":271.898,"category":"Anthropogenic","ORIG_FID":1323,"category_1":"Anthropogenic"},"geometry":{"type":"Point","coordinates":[77.042096665232734,30.947687888901616]}},
{"type":"Feature","properties":{"Id":0,"area":150.51,"category":"Anthropogenic","ORIG_FID":1324,"category_1":"Anthropogenic"},"geometry":{"type":"Point","coordinates":[77.042170973305758,30.947220115576322]}},
{"type":"Feature","properties":{"Id":0,"area":349.367,"category":"Natural","ORIG_FID":1325,"category_1":"Natural"},"geometry":{"type":"Point","coordinates":[77.041130356806164,30.942628179452161]}},
{"type":"Feature","properties":{"Id":0,"area":356.148,"category":"Natural","ORIG_FID":1326,"category_1":"Natural"},"geometry":{"type":"Point","coordinates":[77.040864936267297,30.942407335709973]}},
{"type":"Feature","properties":{"Id":0,"area":470.781,"category":"Natural","ORIG_FID":1327,"category_1":"Natural"},"geometry":{"type":"Point","coordinates":[77.061534868526707,30.939648019868795]}},
{"type":"Feature","properties":{"Id":0,"area":330.553,"category":"Anthropogenic","ORIG_FID":1328,"category_1":"Anthropogenic"},"geometry":{"type":"Point","coordinates":[77.058272405862141,30.939766062056592]}},
{"type":"Feature","properties":{"Id":0,"area":272.799,"category":"Anthropogenic","ORIG_FID":1329,"category_1":"Anthropogenic"},"geometry":{"type":"Point","coordinates":[77.058145808470925,30.940179452757281]}},
{"type":"Feature","properties":{"Id":0,"area":823.211,"category":"Anthropogenic","ORIG_FID":1330,"category_1":"Anthropogenic"},"geometry":{"type":"Point","coordinates":[77.058643177526349,30.940117354934916]}},
{"type":"Feature","properties":{"Id":0,"area":388.088,"category":"Anthropogenic","ORIG_FID":1331,"category_1":"Anthropogenic"},"geometry":{"type":"Point","coordinates":[77.059164974535875,30.940293166716963]}},
{"type":"Feature","properties":{"Id":0,"area":705.515,"category":"Anthropogenic","ORIG_FID":1332,"category_1":"Anthropogenic"},"geometry":{"type":"Point","coordinates":[77.059447149378556,30.94039851626275]}},
{"type":"Feature","properties":{"Id":0,"area":316.552,"category":"Anthropogenic","ORIG_FID":1333,"category_1":"Anthropogenic"},"geometry":{"type":"Point","coordinates":[77.060218840561149,30.940575207484336]}},
{"type":"Feature","properties":{"Id":0,"area":1021.19,"category":"Natural","ORIG_FID":1334,"category_1":"Natural"},"geometry":{"type":"Point","coordinates":[77.058615021194512,30.9423460693674]}},
{"type":"Feature","properties":{"Id":0,"area":951.844,"category":"Natural","ORIG_FID":1335,"category_1":"Natural"},"geometry":{"type":"Point","coordinates":[77.058259507670741,30.941924047150575]}},
{"type":"Feature","properties":{"Id":0,"area":2926.19,"category":"Natural","ORIG_FID":1336,"category_1":"Natural"},"geometry":{"type":"Point","coordinates":[77.057433165484127,30.942025155433665]}},
{"type":"Feature","properties":{"Id":0,"area":924.717,"category":"Anthropogenic","ORIG_FID":1337,"category_1":"Anthropogenic"},"geometry":{"type":"Point","coordinates":[77.057477141808832,30.942343391490027]}},
{"type":"Feature","properties":{"Id":0,"area":362.274,"category":"Natural","ORIG_FID":1338,"category_1":"Natural"},"geometry":{"type":"Point","coordinates":[77.058683733787134,30.94270601036671]}},
{"type":"Feature","properties":{"Id":0,"area":300.136,"category":"Anthropogenic","ORIG_FID":1339,"category_1":"Anthropogenic"},"geometry":{"type":"Point","coordinates":[77.054649951121135,30.940172039976357]}},
{"type":"Feature","properties":{"Id":0,"area":836.695,"category":"Anthropogenic","ORIG_FID":1340,"category_1":"Anthropogenic"},"geometry":{"type":"Point","coordinates":[77.054867361864154,30.939940996335537]}},
{"type":"Feature","properties":{"Id":0,"area":578.693,"category":"Anthropogenic","ORIG_FID":1341,"category_1":"Anthropogenic"},"geometry":{"type":"Point","coordinates":[77.05386890225833,30.939355995071164]}},
{"type":"Feature","properties":{"Id":0,"area":868.276,"category":"Anthropogenic","ORIG_FID":1342,"category_1":"Anthropogenic"},"geometry":{"type":"Point","coordinates":[77.058358624067694,30.932211083673071]}},
{"type":"Feature","properties":{"Id":0,"area":369.441,"category":"Natural","ORIG_FID":1343,"category_1":"Natural"},"geometry":{"type":"Point","coordinates":[77.053153413292534,30.935126726640092]}},
{"type":"Feature","properties":{"Id":0,"area":505.687,"category":"Natural","ORIG_FID":1344,"category_1":"Natural"},"geometry":{"type":"Point","coordinates":[77.051588276802775,30.936018584305764]}},
{"type":"Feature","properties":{"Id":0,"area":370.779,"category":"Natural","ORIG_FID":1345,"category_1":"Natural"},"geometry":{"type":"Point","coordinates":[77.051076350185184,30.936057255440364]}},
{"type":"Feature","properties":{"Id":0,"area":347.389,"category":"Natural","ORIG_FID":1346,"category_1":"Natural"},"geometry":{"type":"Point","coordinates":[77.050003519120068,30.935131229367634]}},
{"type":"Feature","properties":{"Id":0,"area":636.106,"category":"Natural","ORIG_FID":1347,"category_1":"Natural"},"geometry":{"type":"Point","coordinates":[77.050154318356249,30.934826611830673]}},
{"type":"Feature","properties":{"Id":0,"area":804.889,"category":"Natural","ORIG_FID":1348,"category_1":"Natural"},"geometry":{"type":"Point","coordinates":[77.052693174796119,30.937145036300649]}},
{"type":"Feature","properties":{"Id":0,"area":342.312,"category":"Anthropogenic","ORIG_FID":1349,"category_1":"Anthropogenic"},"geometry":{"type":"Point","coordinates":[77.052854555906734,30.937444857109398]}},
{"type":"Feature","properties":{"Id":0,"area":290.136,"category":"Anthropogenic","ORIG_FID":1350,"category_1":"Anthropogenic"},"geometry":{"type":"Point","coordinates":[77.0528747766691,30.937772193455498]}},
{"type":"Feature","properties":{"Id":0,"area":467.491,"category":"Anthropogenic","ORIG_FID":1351,"category_1":"Anthropogenic"},"geometry":{"type":"Point","coordinates":[77.052951406822515,30.938106887233069]}},
{"type":"Feature","properties":{"Id":0,"area":292.707,"category":"Natural","ORIG_FID":1352,"category_1":"Natural"},"geometry":{"type":"Point","coordinates":[77.059645590101113,30.944225050728445]}},
{"type":"Feature","properties":{"Id":0,"area":371.024,"category":"Natural","ORIG_FID":1353,"category_1":"Natural"},"geometry":{"type":"Point","coordinates":[77.059906680443916,30.944195678313189]}},
{"type":"Feature","properties":{"Id":0,"area":1269.71,"category":"Natural","ORIG_FID":1354,"category_1":"Natural"},"geometry":{"type":"Point","coordinates":[77.059822205895159,30.946870615267596]}},
{"type":"Feature","properties":{"Id":0,"area":1254.4,"category":"Natural","ORIG_FID":1355,"category_1":"Natural"},"geometry":{"type":"Point","coordinates":[77.058511849135357,30.947156674137066]}},
{"type":"Feature","properties":{"Id":0,"area":273.018,"category":"Natural","ORIG_FID":1356,"category_1":"Natural"},"geometry":{"type":"Point","coordinates":[77.058474822990576,30.946873431579753]}},
{"type":"Feature","properties":{"Id":0,"area":812.491,"category":"Natural","ORIG_FID":1357,"category_1":"Natural"},"geometry":{"type":"Point","coordinates":[77.059110176279248,30.946974774598548]}},
{"type":"Feature","properties":{"Id":0,"area":996.691,"category":"Natural","ORIG_FID":1358,"category_1":"Natural"},"geometry":{"type":"Point","coordinates":[77.059359452309792,30.945320837140862]}},
{"type":"Feature","properties":{"Id":0,"area":891.684,"category":"Anthropogenic","ORIG_FID":1359,"category_1":"Anthropogenic"},"geometry":{"type":"Point","coordinates":[77.058415608975807,30.944763504045657]}},
{"type":"Feature","properties":{"Id":0,"area":664.388,"category":"Natural","ORIG_FID":1360,"category_1":"Natural"},"geometry":{"type":"Point","coordinates":[77.067273684727027,30.938213753760866]}},
{"type":"Feature","properties":{"Id":0,"area":1010.91,"category":"Natural","ORIG_FID":1361,"category_1":"Natural"},"geometry":{"type":"Point","coordinates":[77.065276951840517,30.938341644281738]}},
{"type":"Feature","properties":{"Id":0,"area":338.21,"category":"Natural","ORIG_FID":1362,"category_1":"Natural"},"geometry":{"type":"Point","coordinates":[77.065229773006109,30.940417320084588]}},
{"type":"Feature","properties":{"Id":0,"area":597.883,"category":"Natural","ORIG_FID":1363,"category_1":"Natural"},"geometry":{"type":"Point","coordinates":[77.032210368949038,30.917895664410388]}},
{"type":"Feature","properties":{"Id":0,"area":1412.24,"category":"Natural","ORIG_FID":1364,"category_1":"Natural"},"geometry":{"type":"Point","coordinates":[77.032502987346888,30.917830633176987]}},
{"type":"Feature","properties":{"Id":0,"area":1090.6,"category":"Natural","ORIG_FID":1365,"category_1":"Natural"},"geometry":{"type":"Point","coordinates":[77.037556604478127,30.911701913817659]}},
{"type":"Feature","properties":{"Id":0,"area":426.538,"category":"Natural","ORIG_FID":1366,"category_1":"Natural"},"geometry":{"type":"Point","coordinates":[77.03496777129574,30.913790563008703]}},
{"type":"Feature","properties":{"Id":0,"area":1060.36,"category":"Anthropogenic","ORIG_FID":1367,"category_1":"Anthropogenic"},"geometry":{"type":"Point","coordinates":[77.034202839983777,30.913442102103485]}},
{"type":"Feature","properties":{"Id":0,"area":1419.48,"category":"Natural","ORIG_FID":1368,"category_1":"Natural"},"geometry":{"type":"Point","coordinates":[77.036222500346952,30.912790885273083]}},
{"type":"Feature","properties":{"Id":0,"area":327.307,"category":"Natural","ORIG_FID":1369,"category_1":"Natural"},"geometry":{"type":"Point","coordinates":[77.03570375236329,30.912396891286285]}},
{"type":"Feature","properties":{"Id":0,"area":959.483,"category":"Natural","ORIG_FID":1370,"category_1":"Natural"},"geometry":{"type":"Point","coordinates":[77.040234975400992,30.912563453993926]}},
{"type":"Feature","properties":{"Id":0,"area":296.12,"category":"Natural","ORIG_FID":1371,"category_1":"Natural"},"geometry":{"type":"Point","coordinates":[77.040689216662827,30.91247694082324]}},
{"type":"Feature","properties":{"Id":0,"area":591.819,"category":"Natural","ORIG_FID":1372,"category_1":"Natural"},"geometry":{"type":"Point","coordinates":[77.040868471619035,30.913619781136568]}},
{"type":"Feature","properties":{"Id":0,"area":429.268,"category":"Natural","ORIG_FID":1373,"category_1":"Natural"},"geometry":{"type":"Point","coordinates":[77.040257920222032,30.914124513824849]}},
{"type":"Feature","properties":{"Id":0,"area":2019.85,"category":"Natural","ORIG_FID":1374,"category_1":"Natural"},"geometry":{"type":"Point","coordinates":[77.039655535060405,30.91576390127733]}},
{"type":"Feature","properties":{"Id":0,"area":439.06,"category":"Natural","ORIG_FID":1375,"category_1":"Natural"},"geometry":{"type":"Point","coordinates":[77.039226379772941,30.916876517036584]}},
{"type":"Feature","properties":{"Id":0,"area":2768.26,"category":"Natural","ORIG_FID":1376,"category_1":"Natural"},"geometry":{"type":"Point","coordinates":[77.029359184490744,30.919744034137945]}},
{"type":"Feature","properties":{"Id":0,"area":1854.25,"category":"Anthropogenic","ORIG_FID":1377,"category_1":"Anthropogenic"},"geometry":{"type":"Point","coordinates":[77.156165053306438,30.983158678886934]}},
{"type":"Feature","properties":{"Id":0,"area":273.438,"category":"Natural","ORIG_FID":1378,"category_1":"Natural"},"geometry":{"type":"Point","coordinates":[77.153596653245614,30.983553563417644]}},
{"type":"Feature","properties":{"Id":0,"area":214.494,"category":"Anthropogenic","ORIG_FID":1379,"category_1":"Anthropogenic"},"geometry":{"type":"Point","coordinates":[77.147740704621754,30.984059561932426]}},
{"type":"Feature","properties":{"Id":0,"area":2205.77,"category":"Anthropogenic","ORIG_FID":1380,"category_1":"Anthropogenic"},"geometry":{"type":"Point","coordinates":[77.148446525617359,30.985007515046146]}},
{"type":"Feature","properties":{"Id":0,"area":490.094,"category":"Natural","ORIG_FID":1381,"category_1":"Natural"},"geometry":{"type":"Point","coordinates":[77.15205465951469,30.980948717896041]}},
{"type":"Feature","properties":{"Id":0,"area":258.238,"category":"Natural","ORIG_FID":1382,"category_1":"Natural"},"geometry":{"type":"Point","coordinates":[77.150445379518501,30.982383196016308]}},
{"type":"Feature","properties":{"Id":0,"area":245.401,"category":"Natural","ORIG_FID":1383,"category_1":"Natural"},"geometry":{"type":"Point","coordinates":[77.151986278475846,30.981580217709887]}},
{"type":"Feature","properties":{"Id":0,"area":481.903,"category":"Natural","ORIG_FID":1384,"category_1":"Natural"},"geometry":{"type":"Point","coordinates":[77.156512512732547,30.981221311800731]}},
{"type":"Feature","properties":{"Id":0,"area":1084.07,"category":"Natural","ORIG_FID":1385,"category_1":"Natural"},"geometry":{"type":"Point","coordinates":[77.159022688282363,30.979586743213499]}},
{"type":"Feature","properties":{"Id":0,"area":442.21,"category":"Natural","ORIG_FID":1386,"category_1":"Natural"},"geometry":{"type":"Point","coordinates":[77.158097917987902,30.979543720820448]}},
{"type":"Feature","properties":{"Id":0,"area":221.381,"category":"Natural","ORIG_FID":1387,"category_1":"Natural"},"geometry":{"type":"Point","coordinates":[77.158835507553221,30.97935275537256]}},
{"type":"Feature","properties":{"Id":0,"area":334.395,"category":"Natural","ORIG_FID":1388,"category_1":"Natural"},"geometry":{"type":"Point","coordinates":[77.158461448712288,30.978963698277369]}},
{"type":"Feature","properties":{"Id":0,"area":1230.47,"category":"Natural","ORIG_FID":1389,"category_1":"Natural"},"geometry":{"type":"Point","coordinates":[77.153897755325488,30.977343740623045]}},
{"type":"Feature","properties":{"Id":0,"area":2972.85,"category":"Anthropogenic","ORIG_FID":1390,"category_1":"Anthropogenic"},"geometry":{"type":"Point","coordinates":[77.171828462826767,30.966723670889952]}},
{"type":"Feature","properties":{"Id":0,"area":1303.87,"category":"Natural","ORIG_FID":1391,"category_1":"Natural"},"geometry":{"type":"Point","coordinates":[77.163665362636891,30.967378192744484]}},
{"type":"Feature","properties":{"Id":0,"area":397.066,"category":"Anthropogenic","ORIG_FID":1392,"category_1":"Anthropogenic"},"geometry":{"type":"Point","coordinates":[77.172504462336576,30.966155700911468]}},
{"type":"Feature","properties":{"Id":0,"area":672.806,"category":"Natural","ORIG_FID":1393,"category_1":"Natural"},"geometry":{"type":"Point","coordinates":[77.17659277885312,30.964898170877024]}},
{"type":"Feature","properties":{"Id":0,"area":345.263,"category":"Anthropogenic","ORIG_FID":1394,"category_1":"Anthropogenic"},"geometry":{"type":"Point","coordinates":[77.15834611249177,30.953113203950082]}},
{"type":"Feature","properties":{"Id":0,"area":402.597,"category":"Anthropogenic","ORIG_FID":1395,"category_1":"Anthropogenic"},"geometry":{"type":"Point","coordinates":[77.162178586635292,30.952967960796688]}},
{"type":"Feature","properties":{"Id":0,"area":226.894,"category":"Anthropogenic","ORIG_FID":1396,"category_1":"Anthropogenic"},"geometry":{"type":"Point","coordinates":[77.162853692998823,30.953469806792423]}},
{"type":"Feature","properties":{"Id":0,"area":194.053,"category":"Anthropogenic","ORIG_FID":1397,"category_1":"Anthropogenic"},"geometry":{"type":"Point","coordinates":[77.185000242307837,30.943002497244692]}},
{"type":"Feature","properties":{"Id":0,"area":1071.39,"category":"Anthropogenic","ORIG_FID":1398,"category_1":"Anthropogenic"},"geometry":{"type":"Point","coordinates":[77.185227045437344,30.943262302786199]}},
{"type":"Feature","properties":{"Id":0,"area":1574.47,"category":"Anthropogenic","ORIG_FID":1399,"category_1":"Anthropogenic"},"geometry":{"type":"Point","coordinates":[77.185347515932762,30.943980056994857]}},
{"type":"Feature","properties":{"Id":0,"area":665.009,"category":"Anthropogenic","ORIG_FID":1400,"category_1":"Anthropogenic"},"geometry":{"type":"Point","coordinates":[77.183424996280621,30.942443695484442]}},
{"type":"Feature","properties":{"Id":0,"area":399.446,"category":"Natural","ORIG_FID":1401,"category_1":"Natural"},"geometry":{"type":"Point","coordinates":[77.131600745468617,30.979689473990188]}},
{"type":"Feature","properties":{"Id":0,"area":542.466,"category":"Natural","ORIG_FID":1402,"category_1":"Natural"},"geometry":{"type":"Point","coordinates":[77.131966317282561,30.979765749250646]}},
{"type":"Feature","properties":{"Id":0,"area":1150.77,"category":"Anthropogenic","ORIG_FID":1403,"category_1":"Anthropogenic"},"geometry":{"type":"Point","coordinates":[77.131841074003106,30.977351064067562]}},
{"type":"Feature","properties":{"Id":0,"area":296.12,"category":"Natural","ORIG_FID":1404,"category_1":"Natural"},"geometry":{"type":"Point","coordinates":[77.135868676815974,30.976536985212828]}},
{"type":"Feature","properties":{"Id":0,"area":540.996,"category":"Anthropogenic","ORIG_FID":1405,"category_1":"Anthropogenic"},"geometry":{"type":"Point","coordinates":[77.129855538492322,30.981020938469548]}},
{"type":"Feature","properties":{"Id":0,"area":550.516,"category":"Anthropogenic","ORIG_FID":1406,"category_1":"Anthropogenic"},"geometry":{"type":"Point","coordinates":[77.129637839731174,30.982167231889701]}},
{"type":"Feature","properties":{"Id":0,"area":657.483,"category":"Anthropogenic","ORIG_FID":1407,"category_1":"Anthropogenic"},"geometry":{"type":"Point","coordinates":[77.1298051241845,30.982378229785027]}},
{"type":"Feature","properties":{"Id":0,"area":287.859,"category":"Anthropogenic","ORIG_FID":1408,"category_1":"Anthropogenic"},"geometry":{"type":"Point","coordinates":[77.12984292230405,30.982840385388094]}},
{"type":"Feature","properties":{"Id":0,"area":241.796,"category":"Anthropogenic","ORIG_FID":1409,"category_1":"Anthropogenic"},"geometry":{"type":"Point","coordinates":[77.130249975627663,30.98326941389908]}},
{"type":"Feature","properties":{"Id":0,"area":762.63,"category":"Anthropogenic","ORIG_FID":1410,"category_1":"Anthropogenic"},"geometry":{"type":"Point","coordinates":[77.136221192027435,30.980436813611906]}},
{"type":"Feature","properties":{"Id":0,"area":580.898,"category":"Anthropogenic","ORIG_FID":1411,"category_1":"Anthropogenic"},"geometry":{"type":"Point","coordinates":[77.138498590553382,30.974329478255932]}},
{"type":"Feature","properties":{"Id":0,"area":516.354,"category":"Anthropogenic","ORIG_FID":1412,"category_1":"Anthropogenic"},"geometry":{"type":"Point","coordinates":[77.134229320731933,30.972887904249944]}},
{"type":"Feature","properties":{"Id":0,"area":785.347,"category":"Anthropogenic","ORIG_FID":1413,"category_1":"Anthropogenic"},"geometry":{"type":"Point","coordinates":[77.218422247758596,30.910055209396443]}},
{"type":"Feature","properties":{"Id":0,"area":962.704,"category":"Anthropogenic","ORIG_FID":1414,"category_1":"Anthropogenic"},"geometry":{"type":"Point","coordinates":[77.219355452000329,30.909878827555939]}},
{"type":"Feature","properties":{"Id":0,"area":451.11,"category":"Anthropogenic","ORIG_FID":1415,"category_1":"Anthropogenic"},"geometry":{"type":"Point","coordinates":[77.220972712057929,30.909923452749045]}},
{"type":"Feature","properties":{"Id":0,"area":217.233,"category":"Natural","ORIG_FID":1416,"category_1":"Natural"},"geometry":{"type":"Point","coordinates":[77.221939050518927,30.906383240854993]}},
{"type":"Feature","properties":{"Id":0,"area":342.804,"category":"Natural","ORIG_FID":1417,"category_1":"Natural"},"geometry":{"type":"Point","coordinates":[77.220210979896891,30.907603229428759]}},
{"type":"Feature","properties":{"Id":0,"area":403.62,"category":"Natural","ORIG_FID":1418,"category_1":"Natural"},"geometry":{"type":"Point","coordinates":[77.201962066458535,30.984922944028174]}},
{"type":"Feature","properties":{"Id":0,"area":245.891,"category":"Anthropogenic","ORIG_FID":1419,"category_1":"Anthropogenic"},"geometry":{"type":"Point","coordinates":[77.197851056432981,30.983977668454749]}},
{"type":"Feature","properties":{"Id":0,"area":1131.89,"category":"Natural","ORIG_FID":1420,"category_1":"Natural"},"geometry":{"type":"Point","coordinates":[77.151406947282894,30.95771923608546]}},
{"type":"Feature","properties":{"Id":0,"area":463.151,"category":"Natural","ORIG_FID":1421,"category_1":"Natural"},"geometry":{"type":"Point","coordinates":[77.150708194060314,30.952311428644549]}},
{"type":"Feature","properties":{"Id":0,"area":853.916,"category":"Anthropogenic","ORIG_FID":1422,"category_1":"Anthropogenic"},"geometry":{"type":"Point","coordinates":[77.152119602590844,30.953886548010175]}},
{"type":"Feature","properties":{"Id":0,"area":751.64,"category":"Anthropogenic","ORIG_FID":1423,"category_1":"Anthropogenic"},"geometry":{"type":"Point","coordinates":[77.152768813375914,30.960027697501506]}},
{"type":"Feature","properties":{"Id":0,"area":375.82,"category":"Natural","ORIG_FID":1424,"category_1":"Natural"},"geometry":{"type":"Point","coordinates":[77.128439199783401,30.968450693049054]}},
{"type":"Feature","properties":{"Id":0,"area":493.253,"category":"Natural","ORIG_FID":1425,"category_1":"Natural"},"geometry":{"type":"Point","coordinates":[77.130442035774934,30.970351912025553]}},
{"type":"Feature","properties":{"Id":0,"area":344.475,"category":"Natural","ORIG_FID":1426,"category_1":"Natural"},"geometry":{"type":"Point","coordinates":[77.134063416820339,30.974476452220063]}},
{"type":"Feature","properties":{"Id":0,"area":274.856,"category":"Anthropogenic","ORIG_FID":1427,"category_1":"Anthropogenic"},"geometry":{"type":"Point","coordinates":[77.134760178061313,30.973329997577505]}},
{"type":"Feature","properties":{"Id":0,"area":189.012,"category":"Anthropogenic","ORIG_FID":1428,"category_1":"Anthropogenic"},"geometry":{"type":"Point","coordinates":[77.134648343485338,30.973499726808029]}},
{"type":"Feature","properties":{"Id":0,"area":184.13,"category":"Anthropogenic","ORIG_FID":1429,"category_1":"Anthropogenic"},"geometry":{"type":"Point","coordinates":[77.133515485411579,30.974013372986036]}},
{"type":"Feature","properties":{"Id":0,"area":300.057,"category":"Natural","ORIG_FID":1430,"category_1":"Natural"},"geometry":{"type":"Point","coordinates":[77.134167588968239,30.974049570672868]}},
{"type":"Feature","properties":{"Id":0,"area":546.797,"category":"Anthropogenic","ORIG_FID":1431,"category_1":"Anthropogenic"},"geometry":{"type":"Point","coordinates":[77.133244261238787,30.973888708127006]}},
{"type":"Feature","properties":{"Id":0,"area":323.334,"category":"Natural","ORIG_FID":1432,"category_1":"Natural"},"geometry":{"type":"Point","coordinates":[77.144711445658984,30.988856376623644]}},
{"type":"Feature","properties":{"Id":0,"area":1007.41,"category":"Anthropogenic","ORIG_FID":1433,"category_1":"Anthropogenic"},"geometry":{"type":"Point","coordinates":[77.141193818730869,30.987016493738647]}},
{"type":"Feature","properties":{"Id":0,"area":367.629,"category":"Anthropogenic","ORIG_FID":1434,"category_1":"Anthropogenic"},"geometry":{"type":"Point","coordinates":[77.14174361502694,30.988107061475073]}},
{"type":"Feature","properties":{"Id":0,"area":687.612,"category":"Anthropogenic","ORIG_FID":1435,"category_1":"Anthropogenic"},"geometry":{"type":"Point","coordinates":[77.144846660311103,30.988109439566369]}},
{"type":"Feature","properties":{"Id":0,"area":659.732,"category":"Anthropogenic","ORIG_FID":1436,"category_1":"Anthropogenic"},"geometry":{"type":"Point","coordinates":[77.144933969028045,30.987823004001275]}},
{"type":"Feature","properties":{"Id":0,"area":286.984,"category":"Anthropogenic","ORIG_FID":1437,"category_1":"Anthropogenic"},"geometry":{"type":"Point","coordinates":[77.142549910565009,30.987912971307278]}},
{"type":"Feature","properties":{"Id":0,"area":125.461,"category":"Anthropogenic","ORIG_FID":1438,"category_1":"Anthropogenic"},"geometry":{"type":"Point","coordinates":[77.145685603629985,30.988536776046022]}},
{"type":"Feature","properties":{"Id":0,"area":362.589,"category":"Anthropogenic","ORIG_FID":1439,"category_1":"Anthropogenic"},"geometry":{"type":"Point","coordinates":[77.147845019315014,30.985024303448249]}},
{"type":"Feature","properties":{"Id":0,"area":1699.8,"category":"Anthropogenic","ORIG_FID":1440,"category_1":"Anthropogenic"},"geometry":{"type":"Point","coordinates":[77.146856714645565,30.991444136894003]}},
{"type":"Feature","properties":{"Id":0,"area":661.963,"category":"Anthropogenic","ORIG_FID":1441,"category_1":"Anthropogenic"},"geometry":{"type":"Point","coordinates":[77.146523809537086,30.991603777455051]}},
{"type":"Feature","properties":{"Id":0,"area":495.633,"category":"Anthropogenic","ORIG_FID":1442,"category_1":"Anthropogenic"},"geometry":{"type":"Point","coordinates":[77.220155626962963,30.951023474458641]}},
{"type":"Feature","properties":{"Id":0,"area":1096.88,"category":"Natural","ORIG_FID":1443,"category_1":"Natural"},"geometry":{"type":"Point","coordinates":[77.221218880830634,30.952757452692669]}},
{"type":"Feature","properties":{"Id":0,"area":412.607,"category":"Anthropogenic","ORIG_FID":1444,"category_1":"Anthropogenic"},"geometry":{"type":"Point","coordinates":[77.210058299545096,30.948893376290879]}},
{"type":"Feature","properties":{"Id":0,"area":363.324,"category":"Anthropogenic","ORIG_FID":1445,"category_1":"Anthropogenic"},"geometry":{"type":"Point","coordinates":[77.210923399191699,30.949230747740295]}},
{"type":"Feature","properties":{"Id":0,"area":465.111,"category":"Anthropogenic","ORIG_FID":1446,"category_1":"Anthropogenic"},"geometry":{"type":"Point","coordinates":[77.212186167687804,30.949004627775405]}},
{"type":"Feature","properties":{"Id":0,"area":418.269,"category":"Anthropogenic","ORIG_FID":1447,"category_1":"Anthropogenic"},"geometry":{"type":"Point","coordinates":[77.212758969859166,30.952640420226757]}},
{"type":"Feature","properties":{"Id":0,"area":282.731,"category":"Anthropogenic","ORIG_FID":1448,"category_1":"Anthropogenic"},"geometry":{"type":"Point","coordinates":[77.210402535682036,30.955891009970657]}},
{"type":"Feature","properties":{"Id":0,"area":653.423,"category":"Anthropogenic","ORIG_FID":1449,"category_1":"Anthropogenic"},"geometry":{"type":"Point","coordinates":[77.214881847149883,30.953998175724948]}},
{"type":"Feature","properties":{"Id":0,"area":786.152,"category":"Anthropogenic","ORIG_FID":1450,"category_1":"Anthropogenic"},"geometry":{"type":"Point","coordinates":[77.215392408128452,30.954638679226537]}},
{"type":"Feature","properties":{"Id":0,"area":866.937,"category":"Anthropogenic","ORIG_FID":1451,"category_1":"Anthropogenic"},"geometry":{"type":"Point","coordinates":[77.215623056975872,30.95488040040614]}},
{"type":"Feature","properties":{"Id":0,"area":1865.62,"category":"Natural","ORIG_FID":1452,"category_1":"Natural"},"geometry":{"type":"Point","coordinates":[77.198921674521657,31.050489899652508]}},
{"type":"Feature","properties":{"Id":0,"area":535.535,"category":"Anthropogenic","ORIG_FID":1453,"category_1":"Anthropogenic"},"geometry":{"type":"Point","coordinates":[77.198590406835663,31.051021647069348]}},
{"type":"Feature","properties":{"Id":0,"area":1737.23,"category":"Natural","ORIG_FID":1454,"category_1":"Natural"},"geometry":{"type":"Point","coordinates":[77.195553344862731,31.048485444402619]}},
{"type":"Feature","properties":{"Id":0,"area":1085.07,"category":"Natural","ORIG_FID":1455,"category_1":"Natural"},"geometry":{"type":"Point","coordinates":[77.190956791511979,31.05038245044911]}},
{"type":"Feature","properties":{"Id":0,"area":466.406,"category":"Natural","ORIG_FID":1456,"category_1":"Natural"},"geometry":{"type":"Point","coordinates":[77.192468204206136,31.051171766662581]}},
{"type":"Feature","properties":{"Id":0,"area":730.008,"category":"Natural","ORIG_FID":1457,"category_1":"Natural"},"geometry":{"type":"Point","coordinates":[77.135866802364433,30.991240907557263]}},
{"type":"Feature","properties":{"Id":0,"area":399.866,"category":"Natural","ORIG_FID":1458,"category_1":"Natural"},"geometry":{"type":"Point","coordinates":[77.137278428015406,30.990936800589441]}},
{"type":"Feature","properties":{"Id":0,"area":252.297,"category":"Natural","ORIG_FID":1459,"category_1":"Natural"},"geometry":{"type":"Point","coordinates":[77.136991185087183,30.990584276014641]}},
{"type":"Feature","properties":{"Id":0,"area":208.474,"category":"Natural","ORIG_FID":1460,"category_1":"Natural"},"geometry":{"type":"Point","coordinates":[77.137150242375299,30.990748211096697]}},
{"type":"Feature","properties":{"Id":0,"area":1802.55,"category":"Anthropogenic","ORIG_FID":1461,"category_1":"Anthropogenic"},"geometry":{"type":"Point","coordinates":[77.182439419547705,31.042205512779457]}},
{"type":"Feature","properties":{"Id":0,"area":398.816,"category":"Anthropogenic","ORIG_FID":1462,"category_1":"Anthropogenic"},"geometry":{"type":"Point","coordinates":[77.182590888169727,31.041171820293272]}},
{"type":"Feature","properties":{"Id":0,"area":886.539,"category":"Anthropogenic","ORIG_FID":1463,"category_1":"Anthropogenic"},"geometry":{"type":"Point","coordinates":[77.179874452245542,31.039520251433618]}},
{"type":"Feature","properties":{"Id":0,"area":389.226,"category":"Anthropogenic","ORIG_FID":1464,"category_1":"Anthropogenic"},"geometry":{"type":"Point","coordinates":[77.183626549112802,31.039270166542028]}},
{"type":"Feature","properties":{"Id":0,"area":750.87,"category":"Anthropogenic","ORIG_FID":1465,"category_1":"Anthropogenic"},"geometry":{"type":"Point","coordinates":[77.185809355604519,31.039036632782125]}},
{"type":"Feature","properties":{"Id":0,"area":358.004,"category":"Anthropogenic","ORIG_FID":1466,"category_1":"Anthropogenic"},"geometry":{"type":"Point","coordinates":[77.184833049687512,31.039116730017334]}},
{"type":"Feature","properties":{"Id":0,"area":209.034,"category":"Anthropogenic","ORIG_FID":1467,"category_1":"Anthropogenic"},"geometry":{"type":"Point","coordinates":[77.18559316456161,31.038368774990481]}},
{"type":"Feature","properties":{"Id":0,"area":323.443,"category":"Anthropogenic","ORIG_FID":1468,"category_1":"Anthropogenic"},"geometry":{"type":"Point","coordinates":[77.182387566024488,31.03504922165806]}},
{"type":"Feature","properties":{"Id":0,"area":302.661,"category":"Anthropogenic","ORIG_FID":1469,"category_1":"Anthropogenic"},"geometry":{"type":"Point","coordinates":[77.182878200091324,31.035324937135773]}},
{"type":"Feature","properties":{"Id":0,"area":536.235,"category":"Anthropogenic","ORIG_FID":1470,"category_1":"Anthropogenic"},"geometry":{"type":"Point","coordinates":[77.180275035205383,31.035601752290404]}},
{"type":"Feature","properties":{"Id":0,"area":321.741,"category":"Anthropogenic","ORIG_FID":1471,"category_1":"Anthropogenic"},"geometry":{"type":"Point","coordinates":[77.172431657490861,31.036455208976221]}},
{"type":"Feature","properties":{"Id":0,"area":400.394,"category":"Natural","ORIG_FID":1472,"category_1":"Natural"},"geometry":{"type":"Point","coordinates":[77.176952532313408,31.037726953430194]}},
{"type":"Feature","properties":{"Id":0,"area":214.936,"category":"Natural","ORIG_FID":1473,"category_1":"Natural"},"geometry":{"type":"Point","coordinates":[77.17653567430996,31.037484522963215]}},
{"type":"Feature","properties":{"Id":0,"area":271.268,"category":"Natural","ORIG_FID":1474,"category_1":"Natural"},"geometry":{"type":"Point","coordinates":[77.176460021788287,31.038151194971501]}},
{"type":"Feature","properties":{"Id":0,"area":1473.49,"category":"Anthropogenic","ORIG_FID":1475,"category_1":"Anthropogenic"},"geometry":{"type":"Point","coordinates":[77.174450473579199,31.037188164895326]}},
{"type":"Feature","properties":{"Id":0,"area":1056.03,"category":"Natural","ORIG_FID":1476,"category_1":"Natural"},"geometry":{"type":"Point","coordinates":[77.174191174598263,31.03811754244262]}},
{"type":"Feature","properties":{"Id":0,"area":759.659,"category":"Natural","ORIG_FID":1477,"category_1":"Natural"},"geometry":{"type":"Point","coordinates":[77.173650122907262,31.038518575468345]}},
{"type":"Feature","properties":{"Id":0,"area":614.509,"category":"Anthropogenic","ORIG_FID":1478,"category_1":"Anthropogenic"},"geometry":{"type":"Point","coordinates":[77.172608631275523,31.035712591258932]}},
{"type":"Feature","properties":{"Id":0,"area":339.577,"category":"Anthropogenic","ORIG_FID":1479,"category_1":"Anthropogenic"},"geometry":{"type":"Point","coordinates":[77.172037082009211,31.036544427495322]}},
{"type":"Feature","properties":{"Id":0,"area":514.643,"category":"Anthropogenic","ORIG_FID":1480,"category_1":"Anthropogenic"},"geometry":{"type":"Point","coordinates":[77.171607439755661,31.036727445753112]}},
{"type":"Feature","properties":{"Id":0,"area":285.759,"category":"Natural","ORIG_FID":1481,"category_1":"Natural"},"geometry":{"type":"Point","coordinates":[77.179172045487576,31.033934194493913]}},
{"type":"Feature","properties":{"Id":0,"area":578.518,"category":"Anthropogenic","ORIG_FID":1482,"category_1":"Anthropogenic"},"geometry":{"type":"Point","coordinates":[77.179725838155392,31.034571406320694]}},
{"type":"Feature","properties":{"Id":0,"area":190.693,"category":"Natural","ORIG_FID":1483,"category_1":"Natural"},"geometry":{"type":"Point","coordinates":[77.17943704049847,31.03457130364043]}},
{"type":"Feature","properties":{"Id":0,"area":463.851,"category":"Anthropogenic","ORIG_FID":1484,"category_1":"Anthropogenic"},"geometry":{"type":"Point","coordinates":[77.179527478039958,31.03589674723629]}},
{"type":"Feature","properties":{"Id":0,"area":390.766,"category":"Anthropogenic","ORIG_FID":1485,"category_1":"Anthropogenic"},"geometry":{"type":"Point","coordinates":[77.181364412012897,31.032408952068355]}},
{"type":"Feature","properties":{"Id":0,"area":517.658,"category":"Natural","ORIG_FID":1486,"category_1":"Natural"},"geometry":{"type":"Point","coordinates":[77.180518657485493,31.022828629314013]}},
{"type":"Feature","properties":{"Id":0,"area":452.212,"category":"Natural","ORIG_FID":1487,"category_1":"Natural"},"geometry":{"type":"Point","coordinates":[77.179335147096921,31.023664237502185]}},
{"type":"Feature","properties":{"Id":0,"area":1262.32,"category":"Anthropogenic","ORIG_FID":1488,"category_1":"Anthropogenic"},"geometry":{"type":"Point","coordinates":[77.002280675742995,30.948757388460557]}},
{"type":"Feature","properties":{"Id":0,"area":820.734,"category":"Anthropogenic","ORIG_FID":1489,"category_1":"Anthropogenic"},"geometry":{"type":"Point","coordinates":[77.002672308248449,30.948903553248417]}},
{"type":"Feature","properties":{"Id":0,"area":682.965,"category":"Anthropogenic","ORIG_FID":1490,"category_1":"Anthropogenic"},"geometry":{"type":"Point","coordinates":[77.003652154642509,30.949274747123287]}},
{"type":"Feature","properties":{"Id":0,"area":222.335,"category":"Anthropogenic","ORIG_FID":1491,"category_1":"Anthropogenic"},"geometry":{"type":"Point","coordinates":[77.002228123328749,30.948218255123269]}},
{"type":"Feature","properties":{"Id":0,"area":1224.59,"category":"Anthropogenic","ORIG_FID":1492,"category_1":"Anthropogenic"},"geometry":{"type":"Point","coordinates":[77.003636610641152,30.947017692558411]}},
{"type":"Feature","properties":{"Id":0,"area":555.382,"category":"Anthropogenic","ORIG_FID":1493,"category_1":"Anthropogenic"},"geometry":{"type":"Point","coordinates":[76.997727886223529,30.936532218715918]}},
{"type":"Feature","properties":{"Id":0,"area":495.843,"category":"Anthropogenic","ORIG_FID":1494,"category_1":"Anthropogenic"},"geometry":{"type":"Point","coordinates":[76.997865772296308,30.936753247910911]}},
{"type":"Feature","properties":{"Id":0,"area":475.051,"category":"Anthropogenic","ORIG_FID":1495,"category_1":"Anthropogenic"},"geometry":{"type":"Point","coordinates":[76.998551077867944,30.938261659676005]}},
{"type":"Feature","properties":{"Id":0,"area":781.007,"category":"Anthropogenic","ORIG_FID":1496,"category_1":"Anthropogenic"},"geometry":{"type":"Point","coordinates":[76.998877181712146,30.937913422564954]}},
{"type":"Feature","properties":{"Id":0,"area":660.887,"category":"Anthropogenic","ORIG_FID":1497,"category_1":"Anthropogenic"},"geometry":{"type":"Point","coordinates":[76.998760379369756,30.938825594520758]}},
{"type":"Feature","properties":{"Id":0,"area":650.824,"category":"Anthropogenic","ORIG_FID":1498,"category_1":"Anthropogenic"},"geometry":{"type":"Point","coordinates":[76.999119645061782,30.938556048705724]}},
{"type":"Feature","properties":{"Id":0,"area":427.903,"category":"Anthropogenic","ORIG_FID":1499,"category_1":"Anthropogenic"},"geometry":{"type":"Point","coordinates":[76.999247996913994,30.938291023604666]}},
{"type":"Feature","properties":{"Id":0,"area":825.179,"category":"Anthropogenic","ORIG_FID":1500,"category_1":"Anthropogenic"},"geometry":{"type":"Point","coordinates":[76.99936864765094,30.938799841706977]}},
{"type":"Feature","properties":{"Id":0,"area":336.897,"category":"Anthropogenic","ORIG_FID":1501,"category_1":"Anthropogenic"},"geometry":{"type":"Point","coordinates":[76.999465105688273,30.938003451633346]}},
{"type":"Feature","properties":{"Id":0,"area":1208.75,"category":"Anthropogenic","ORIG_FID":1502,"category_1":"Anthropogenic"},"geometry":{"type":"Point","coordinates":[77.09097745833138,30.971825822909501]}},
{"type":"Feature","properties":{"Id":0,"area":402.877,"category":"Natural","ORIG_FID":1503,"category_1":"Natural"},"geometry":{"type":"Point","coordinates":[77.091550332496979,30.971898591103134]}},
{"type":"Feature","properties":{"Id":0,"area":566.757,"category":"Natural","ORIG_FID":1504,"category_1":"Natural"},"geometry":{"type":"Point","coordinates":[77.206366947586631,31.050266479172766]}},
{"type":"Feature","properties":{"Id":0,"area":1206.32,"category":"Anthropogenic","ORIG_FID":1505,"category_1":"Anthropogenic"},"geometry":{"type":"Point","coordinates":[77.204727075546415,31.052055102648094]}},
{"type":"Feature","properties":{"Id":0,"area":1093.75,"category":"Anthropogenic","ORIG_FID":1506,"category_1":"Anthropogenic"},"geometry":{"type":"Point","coordinates":[77.209685746328589,31.053094929836664]}},
{"type":"Feature","properties":{"Id":0,"area":1408.77,"category":"Natural","ORIG_FID":1507,"category_1":"Natural"},"geometry":{"type":"Point","coordinates":[77.215356270146629,31.046239807557679]}},
{"type":"Feature","properties":{"Id":0,"area":694.306,"category":"Anthropogenic","ORIG_FID":1508,"category_1":"Anthropogenic"},"geometry":{"type":"Point","coordinates":[77.210916976314635,31.045906197861566]}},
{"type":"Feature","properties":{"Id":0,"area":619.978,"category":"Anthropogenic","ORIG_FID":1509,"category_1":"Anthropogenic"},"geometry":{"type":"Point","coordinates":[77.046012809893583,31.067734097793835]}},
{"type":"Feature","properties":{"Id":0,"area":388.526,"category":"Anthropogenic","ORIG_FID":1510,"category_1":"Anthropogenic"},"geometry":{"type":"Point","coordinates":[77.044734584248317,31.067797273770701]}},
{"type":"Feature","properties":{"Id":0,"area":498.564,"category":"Anthropogenic","ORIG_FID":1511,"category_1":"Anthropogenic"},"geometry":{"type":"Point","coordinates":[77.044740660769833,31.068172909046083]}},
{"type":"Feature","properties":{"Id":0,"area":554.349,"category":"Anthropogenic","ORIG_FID":1512,"category_1":"Anthropogenic"},"geometry":{"type":"Point","coordinates":[77.043897092978682,31.067722319787872]}},
{"type":"Feature","properties":{"Id":0,"area":362.038,"category":"Anthropogenic","ORIG_FID":1513,"category_1":"Anthropogenic"},"geometry":{"type":"Point","coordinates":[77.042782286593265,31.067547913218405]}},
{"type":"Feature","properties":{"Id":0,"area":187.752,"category":"Anthropogenic","ORIG_FID":1514,"category_1":"Anthropogenic"},"geometry":{"type":"Point","coordinates":[77.042968256607651,31.067573508559356]}},
{"type":"Feature","properties":{"Id":0,"area":114.073,"category":"Anthropogenic","ORIG_FID":1515,"category_1":"Anthropogenic"},"geometry":{"type":"Point","coordinates":[77.042963882177204,31.067808926675628]}},
{"type":"Feature","properties":{"Id":0,"area":152.925,"category":"Anthropogenic","ORIG_FID":1516,"category_1":"Anthropogenic"},"geometry":{"type":"Point","coordinates":[77.043237224939332,31.067734683978163]}},
{"type":"Feature","properties":{"Id":0,"area":603.86,"category":"Natural","ORIG_FID":1517,"category_1":"Natural"},"geometry":{"type":"Point","coordinates":[77.036754896519867,31.068660729880509]}},
{"type":"Feature","properties":{"Id":0,"area":1029.49,"category":"Anthropogenic","ORIG_FID":1518,"category_1":"Anthropogenic"},"geometry":{"type":"Point","coordinates":[77.020666328926879,31.051871116332201]}},
{"type":"Feature","properties":{"Id":0,"area":249.496,"category":"Anthropogenic","ORIG_FID":1519,"category_1":"Anthropogenic"},"geometry":{"type":"Point","coordinates":[77.021147388978534,31.051361588003886]}},
{"type":"Feature","properties":{"Id":0,"area":239.556,"category":"Anthropogenic","ORIG_FID":1520,"category_1":"Anthropogenic"},"geometry":{"type":"Point","coordinates":[77.020380476941412,31.053731050951324]}},
{"type":"Feature","properties":{"Id":0,"area":440.749,"category":"Anthropogenic","ORIG_FID":1521,"category_1":"Anthropogenic"},"geometry":{"type":"Point","coordinates":[77.020460464483548,31.053897486802942]}},
{"type":"Feature","properties":{"Id":0,"area":550.971,"category":"Natural","ORIG_FID":1522,"category_1":"Natural"},"geometry":{"type":"Point","coordinates":[77.016473468156505,31.052738957952965]}},
{"type":"Feature","properties":{"Id":0,"area":484.502,"category":"Anthropogenic","ORIG_FID":1523,"category_1":"Anthropogenic"},"geometry":{"type":"Point","coordinates":[77.026154493233108,31.054455659376615]}},
{"type":"Feature","properties":{"Id":0,"area":562.312,"category":"Natural","ORIG_FID":1524,"category_1":"Natural"},"geometry":{"type":"Point","coordinates":[77.034572278830623,31.052938979511531]}},
{"type":"Feature","properties":{"Id":0,"area":396.926,"category":"Natural","ORIG_FID":1525,"category_1":"Natural"},"geometry":{"type":"Point","coordinates":[77.034054523170013,31.053429023069263]}},
{"type":"Feature","properties":{"Id":0,"area":291.709,"category":"Natural","ORIG_FID":1526,"category_1":"Natural"},"geometry":{"type":"Point","coordinates":[77.034334503279965,31.053202044557704]}},
{"type":"Feature","properties":{"Id":0,"area":400.391,"category":"Natural","ORIG_FID":1527,"category_1":"Natural"},"geometry":{"type":"Point","coordinates":[77.031620216041787,31.052851453590492]}},
{"type":"Feature","properties":{"Id":0,"area":1026.34,"category":"Natural","ORIG_FID":1528,"category_1":"Natural"},"geometry":{"type":"Point","coordinates":[77.037107945950808,31.052341475937723]}},
{"type":"Feature","properties":{"Id":0,"area":482.927,"category":"Natural","ORIG_FID":1529,"category_1":"Natural"},"geometry":{"type":"Point","coordinates":[77.032860740273307,31.053481460473105]}},
{"type":"Feature","properties":{"Id":0,"area":526.715,"category":"Anthropogenic","ORIG_FID":1530,"category_1":"Anthropogenic"},"geometry":{"type":"Point","coordinates":[77.033971902427226,31.054249267779628]}},
{"type":"Feature","properties":{"Id":0,"area":1506.85,"category":"Natural","ORIG_FID":1531,"category_1":"Natural"},"geometry":{"type":"Point","coordinates":[77.013060746522228,31.078949212622657]}},
{"type":"Feature","properties":{"Id":0,"area":2415.16,"category":"Natural","ORIG_FID":1532,"category_1":"Natural"},"geometry":{"type":"Point","coordinates":[77.008841130998363,31.079085867835168]}},
{"type":"Feature","properties":{"Id":0,"area":678.87,"category":"Natural","ORIG_FID":1533,"category_1":"Natural"},"geometry":{"type":"Point","coordinates":[77.009443168312174,31.078778756778437]}},
{"type":"Feature","properties":{"Id":0,"area":2288.0,"category":"Natural","ORIG_FID":1534,"category_1":"Natural"},"geometry":{"type":"Point","coordinates":[77.008864092511331,31.078569084836104]}},
{"type":"Feature","properties":{"Id":0,"area":535.22,"category":"Natural","ORIG_FID":1535,"category_1":"Natural"},"geometry":{"type":"Point","coordinates":[77.00976743421927,31.078131273491458]}},
{"type":"Feature","properties":{"Id":0,"area":257.897,"category":"Natural","ORIG_FID":1536,"category_1":"Natural"},"geometry":{"type":"Point","coordinates":[77.009696301185969,31.0783841227857]}},
{"type":"Feature","properties":{"Id":0,"area":762.91,"category":"Natural","ORIG_FID":1537,"category_1":"Natural"},"geometry":{"type":"Point","coordinates":[77.009691800957583,31.078954222717933]}},
{"type":"Feature","properties":{"Id":0,"area":2077.56,"category":"Natural","ORIG_FID":1538,"category_1":"Natural"},"geometry":{"type":"Point","coordinates":[77.009614011282963,31.077764799308753]}},
{"type":"Feature","properties":{"Id":0,"area":7129.83,"category":"Natural","ORIG_FID":1539,"category_1":"Natural"},"geometry":{"type":"Point","coordinates":[77.00805515546611,31.077868520510986]}},
{"type":"Feature","properties":{"Id":0,"area":1537.86,"category":"Natural","ORIG_FID":1540,"category_1":"Natural"},"geometry":{"type":"Point","coordinates":[77.008531030714835,31.078286803441646]}},
{"type":"Feature","properties":{"Id":0,"area":1389.59,"category":"Natural","ORIG_FID":1541,"category_1":"Natural"},"geometry":{"type":"Point","coordinates":[77.007175071497258,31.077443158913951]}},
{"type":"Feature","properties":{"Id":0,"area":770.541,"category":"Natural","ORIG_FID":1542,"category_1":"Natural"},"geometry":{"type":"Point","coordinates":[77.006121571752473,31.078748033749012]}},
{"type":"Feature","properties":{"Id":0,"area":1888.23,"category":"Natural","ORIG_FID":1543,"category_1":"Natural"},"geometry":{"type":"Point","coordinates":[77.007646130331878,31.078802877840118]}},
{"type":"Feature","properties":{"Id":0,"area":753.845,"category":"Natural","ORIG_FID":1544,"category_1":"Natural"},"geometry":{"type":"Point","coordinates":[77.007108099561307,31.07897057030727]}},
{"type":"Feature","properties":{"Id":0,"area":408.267,"category":"Natural","ORIG_FID":1545,"category_1":"Natural"},"geometry":{"type":"Point","coordinates":[77.007058490115014,31.078367622743848]}},
{"type":"Feature","properties":{"Id":0,"area":9025.89,"category":"Anthropogenic","ORIG_FID":1546,"category_1":"Anthropogenic"},"geometry":{"type":"Point","coordinates":[77.009660642119542,31.08007909264024]}},
{"type":"Feature","properties":{"Id":0,"area":345.578,"category":"Natural","ORIG_FID":1547,"category_1":"Natural"},"geometry":{"type":"Point","coordinates":[77.007625043787883,31.075898027516615]}},
{"type":"Feature","properties":{"Id":0,"area":362.274,"category":"Natural","ORIG_FID":1548,"category_1":"Natural"},"geometry":{"type":"Point","coordinates":[77.00854120068928,31.075501738900684]}},
{"type":"Feature","properties":{"Id":0,"area":568.613,"category":"Natural","ORIG_FID":1549,"category_1":"Natural"},"geometry":{"type":"Point","coordinates":[77.008637727880668,31.076213699544862]}},
{"type":"Feature","properties":{"Id":0,"area":171.056,"category":"Natural","ORIG_FID":1550,"category_1":"Natural"},"geometry":{"type":"Point","coordinates":[77.008320673826205,31.07624594050974]}},
{"type":"Feature","properties":{"Id":0,"area":208.859,"category":"Natural","ORIG_FID":1551,"category_1":"Natural"},"geometry":{"type":"Point","coordinates":[77.008275058468641,31.076445492199547]}},
{"type":"Feature","properties":{"Id":0,"area":314.391,"category":"Natural","ORIG_FID":1552,"category_1":"Natural"},"geometry":{"type":"Point","coordinates":[77.009468824006376,31.076067691062608]}},
{"type":"Feature","properties":{"Id":0,"area":583.103,"category":"Natural","ORIG_FID":1553,"category_1":"Natural"},"geometry":{"type":"Point","coordinates":[77.005783396513564,31.078314471452309]}},
{"type":"Feature","properties":{"Id":0,"area":891.859,"category":"Natural","ORIG_FID":1554,"category_1":"Natural"},"geometry":{"type":"Point","coordinates":[77.016270008764963,31.075034198038122]}},
{"type":"Feature","properties":{"Id":0,"area":458.67,"category":"Natural","ORIG_FID":1555,"category_1":"Natural"},"geometry":{"type":"Point","coordinates":[77.014020509062306,31.074669415101756]}},
{"type":"Feature","properties":{"Id":0,"area":315.301,"category":"Natural","ORIG_FID":1556,"category_1":"Natural"},"geometry":{"type":"Point","coordinates":[77.014298309272519,31.075540596894065]}},
{"type":"Feature","properties":{"Id":0,"area":708.027,"category":"Natural","ORIG_FID":1557,"category_1":"Natural"},"geometry":{"type":"Point","coordinates":[77.015063103820296,31.075503541570246]}},
{"type":"Feature","properties":{"Id":0,"area":213.374,"category":"Natural","ORIG_FID":1558,"category_1":"Natural"},"geometry":{"type":"Point","coordinates":[77.015407311370467,31.074659590670418]}},
{"type":"Feature","properties":{"Id":0,"area":246.416,"category":"Natural","ORIG_FID":1559,"category_1":"Natural"},"geometry":{"type":"Point","coordinates":[77.017719670383585,31.074656367975351]}},
{"type":"Feature","properties":{"Id":0,"area":983.565,"category":"Natural","ORIG_FID":1560,"category_1":"Natural"},"geometry":{"type":"Point","coordinates":[77.016905360405858,31.073457810216357]}},
{"type":"Feature","properties":{"Id":0,"area":889.899,"category":"Natural","ORIG_FID":1561,"category_1":"Natural"},"geometry":{"type":"Point","coordinates":[77.016250099596135,31.07312841345755]}},
{"type":"Feature","properties":{"Id":0,"area":656.503,"category":"Natural","ORIG_FID":1562,"category_1":"Natural"},"geometry":{"type":"Point","coordinates":[77.014821753206704,31.074539566788786]}},
{"type":"Feature","properties":{"Id":0,"area":502.633,"category":"Natural","ORIG_FID":1563,"category_1":"Natural"},"geometry":{"type":"Point","coordinates":[77.013846828041537,31.072564925012149]}},
{"type":"Feature","properties":{"Id":0,"area":1283.88,"category":"Natural","ORIG_FID":1564,"category_1":"Natural"},"geometry":{"type":"Point","coordinates":[77.014009377980827,31.072894380687263]}},
{"type":"Feature","properties":{"Id":0,"area":3694.14,"category":"Natural","ORIG_FID":1565,"category_1":"Natural"},"geometry":{"type":"Point","coordinates":[77.014522682380473,31.073019010592759]}},
{"type":"Feature","properties":{"Id":0,"area":929.661,"category":"Natural","ORIG_FID":1566,"category_1":"Natural"},"geometry":{"type":"Point","coordinates":[77.014507180629479,31.074700459792147]}},
{"type":"Feature","properties":{"Id":0,"area":1100.37,"category":"Natural","ORIG_FID":1567,"category_1":"Natural"},"geometry":{"type":"Point","coordinates":[77.013504487852529,31.071005017748469]}},
{"type":"Feature","properties":{"Id":0,"area":2123.87,"category":"Natural","ORIG_FID":1568,"category_1":"Natural"},"geometry":{"type":"Point","coordinates":[77.01575566679081,31.070959331992306]}},
{"type":"Feature","properties":{"Id":0,"area":1074.54,"category":"Natural","ORIG_FID":1569,"category_1":"Natural"},"geometry":{"type":"Point","coordinates":[77.014442897560897,31.071691047356445]}},
{"type":"Feature","properties":{"Id":0,"area":1451.62,"category":"Natural","ORIG_FID":1570,"category_1":"Natural"},"geometry":{"type":"Point","coordinates":[77.018350642697001,31.071270905702406]}},
{"type":"Feature","properties":{"Id":0,"area":687.375,"category":"Natural","ORIG_FID":1571,"category_1":"Natural"},"geometry":{"type":"Point","coordinates":[77.015728802887622,31.071357850193433]}},
{"type":"Feature","properties":{"Id":0,"area":613.24,"category":"Natural","ORIG_FID":1572,"category_1":"Natural"},"geometry":{"type":"Point","coordinates":[77.016214497631339,31.071359423363724]}},
{"type":"Feature","properties":{"Id":0,"area":439.629,"category":"Natural","ORIG_FID":1573,"category_1":"Natural"},"geometry":{"type":"Point","coordinates":[77.013924260811208,31.070386331517632]}},
{"type":"Feature","properties":{"Id":0,"area":345.963,"category":"Natural","ORIG_FID":1574,"category_1":"Natural"},"geometry":{"type":"Point","coordinates":[77.01595599569859,31.070280378952887]}},
{"type":"Feature","properties":{"Id":0,"area":546.736,"category":"Natural","ORIG_FID":1575,"category_1":"Natural"},"geometry":{"type":"Point","coordinates":[77.016157641703742,31.070425044761819]}},
{"type":"Feature","properties":{"Id":0,"area":481.352,"category":"Natural","ORIG_FID":1576,"category_1":"Natural"},"geometry":{"type":"Point","coordinates":[77.016877457871345,31.070505817359169]}},
{"type":"Feature","properties":{"Id":0,"area":908.94,"category":"Natural","ORIG_FID":1577,"category_1":"Natural"},"geometry":{"type":"Point","coordinates":[77.019848318148902,31.070574337624258]}},
{"type":"Feature","properties":{"Id":0,"area":469.696,"category":"Natural","ORIG_FID":1578,"category_1":"Natural"},"geometry":{"type":"Point","coordinates":[77.019102780043937,31.069230227119757]}},
{"type":"Feature","properties":{"Id":0,"area":335.602,"category":"Natural","ORIG_FID":1579,"category_1":"Natural"},"geometry":{"type":"Point","coordinates":[77.023465061910656,31.070648619547587]}},
{"type":"Feature","properties":{"Id":0,"area":561.017,"category":"Natural","ORIG_FID":1580,"category_1":"Natural"},"geometry":{"type":"Point","coordinates":[77.023142944030496,31.070851804035954]}},
{"type":"Feature","properties":{"Id":0,"area":632.842,"category":"Natural","ORIG_FID":1581,"category_1":"Natural"},"geometry":{"type":"Point","coordinates":[77.021340593642535,31.071143366551375]}},
{"type":"Feature","properties":{"Id":0,"area":404.627,"category":"Natural","ORIG_FID":1582,"category_1":"Natural"},"geometry":{"type":"Point","coordinates":[77.02163368259599,31.071125422711152]}},
{"type":"Feature","properties":{"Id":0,"area":287.159,"category":"Natural","ORIG_FID":1583,"category_1":"Natural"},"geometry":{"type":"Point","coordinates":[77.022618920736051,31.069765338218645]}},
{"type":"Feature","properties":{"Id":0,"area":232.485,"category":"Natural","ORIG_FID":1584,"category_1":"Natural"},"geometry":{"type":"Point","coordinates":[77.018430574777099,31.070015152995815]}},
{"type":"Feature","properties":{"Id":0,"area":479.532,"category":"Natural","ORIG_FID":1585,"category_1":"Natural"},"geometry":{"type":"Point","coordinates":[77.0200876854814,31.071568301879129]}},
{"type":"Feature","properties":{"Id":0,"area":1453.47,"category":"Anthropogenic","ORIG_FID":1586,"category_1":"Anthropogenic"},"geometry":{"type":"Point","coordinates":[77.017883156327457,31.066498516439612]}},
{"type":"Feature","properties":{"Id":0,"area":256.392,"category":"Natural","ORIG_FID":1587,"category_1":"Natural"},"geometry":{"type":"Point","coordinates":[77.018403885930951,31.072507858756985]}},
{"type":"Feature","properties":{"Id":0,"area":444.092,"category":"Natural","ORIG_FID":1588,"category_1":"Natural"},"geometry":{"type":"Point","coordinates":[77.01860251432646,31.072718683674527]}},
{"type":"Feature","properties":{"Id":0,"area":250.267,"category":"Natural","ORIG_FID":1589,"category_1":"Natural"},"geometry":{"type":"Point","coordinates":[77.018764431400967,31.072502844349838]}},
{"type":"Feature","properties":{"Id":0,"area":188.794,"category":"Natural","ORIG_FID":1590,"category_1":"Natural"},"geometry":{"type":"Point","coordinates":[77.018845529299426,31.072827344516959]}},
{"type":"Feature","properties":{"Id":0,"area":413.684,"category":"Natural","ORIG_FID":1591,"category_1":"Natural"},"geometry":{"type":"Point","coordinates":[77.01928656333898,31.073631157494582]}},
{"type":"Feature","properties":{"Id":0,"area":192.513,"category":"Natural","ORIG_FID":1592,"category_1":"Natural"},"geometry":{"type":"Point","coordinates":[77.019064302325475,31.073886202837546]}},
{"type":"Feature","properties":{"Id":0,"area":443.436,"category":"Natural","ORIG_FID":1593,"category_1":"Natural"},"geometry":{"type":"Point","coordinates":[77.021184087518535,31.070431893125697]}},
{"type":"Feature","properties":{"Id":0,"area":433.154,"category":"Natural","ORIG_FID":1594,"category_1":"Natural"},"geometry":{"type":"Point","coordinates":[77.010437690547363,31.077107573071128]}},
{"type":"Feature","properties":{"Id":0,"area":521.316,"category":"Natural","ORIG_FID":1595,"category_1":"Natural"},"geometry":{"type":"Point","coordinates":[77.010600439704632,31.076410408689295]}},
{"type":"Feature","properties":{"Id":0,"area":466.406,"category":"Natural","ORIG_FID":1596,"category_1":"Natural"},"geometry":{"type":"Point","coordinates":[77.012550270599121,31.076488796940918]}},
{"type":"Feature","properties":{"Id":0,"area":501.627,"category":"Natural","ORIG_FID":1597,"category_1":"Natural"},"geometry":{"type":"Point","coordinates":[77.010918645751573,31.076513558386942]}},
{"type":"Feature","properties":{"Id":0,"area":206.514,"category":"Natural","ORIG_FID":1598,"category_1":"Natural"},"geometry":{"type":"Point","coordinates":[77.009229131881185,31.075431872639545]}},
{"type":"Feature","properties":{"Id":0,"area":213.295,"category":"Natural","ORIG_FID":1599,"category_1":"Natural"},"geometry":{"type":"Point","coordinates":[77.010372672646071,31.075455754069363]}},
{"type":"Feature","properties":{"Id":0,"area":196.232,"category":"Natural","ORIG_FID":1600,"category_1":"Natural"},"geometry":{"type":"Point","coordinates":[77.011115883740317,31.075514448201627]}},
{"type":"Feature","properties":{"Id":0,"area":323.115,"category":"Natural","ORIG_FID":1601,"category_1":"Natural"},"geometry":{"type":"Point","coordinates":[77.011727679398447,31.075354568475106]}},
{"type":"Feature","properties":{"Id":0,"area":141.322,"category":"Natural","ORIG_FID":1602,"category_1":"Natural"},"geometry":{"type":"Point","coordinates":[77.01183426604716,31.07572982573117]}},
{"type":"Feature","properties":{"Id":0,"area":195.138,"category":"Natural","ORIG_FID":1603,"category_1":"Natural"},"geometry":{"type":"Point","coordinates":[77.012017563921901,31.075367241987109]}},
{"type":"Feature","properties":{"Id":0,"area":2176.05,"category":"Natural","ORIG_FID":1604,"category_1":"Natural"},"geometry":{"type":"Point","coordinates":[77.012364080603533,31.070634158843816]}},
{"type":"Feature","properties":{"Id":0,"area":712.297,"category":"Natural","ORIG_FID":1605,"category_1":"Natural"},"geometry":{"type":"Point","coordinates":[77.012436876599381,31.07101547305022]}},
{"type":"Feature","properties":{"Id":0,"area":3601.52,"category":"Natural","ORIG_FID":1606,"category_1":"Natural"},"geometry":{"type":"Point","coordinates":[77.012317541657723,31.071379131542013]}},
{"type":"Feature","properties":{"Id":0,"area":2392.63,"category":"Natural","ORIG_FID":1607,"category_1":"Natural"},"geometry":{"type":"Point","coordinates":[77.012424396380453,31.072134384947333]}},
{"type":"Feature","properties":{"Id":0,"area":476.906,"category":"Natural","ORIG_FID":1608,"category_1":"Natural"},"geometry":{"type":"Point","coordinates":[77.010102936473771,31.072716982201705]}},
{"type":"Feature","properties":{"Id":0,"area":504.252,"category":"Natural","ORIG_FID":1609,"category_1":"Natural"},"geometry":{"type":"Point","coordinates":[77.010312913515065,31.072920439704205]}},
{"type":"Feature","properties":{"Id":0,"area":354.617,"category":"Natural","ORIG_FID":1610,"category_1":"Natural"},"geometry":{"type":"Point","coordinates":[77.011484282800623,31.073011667770228]}},
{"type":"Feature","properties":{"Id":0,"area":308.895,"category":"Natural","ORIG_FID":1611,"category_1":"Natural"},"geometry":{"type":"Point","coordinates":[77.012023344406728,31.072636799855985]}},
{"type":"Feature","properties":{"Id":0,"area":644.042,"category":"Natural","ORIG_FID":1612,"category_1":"Natural"},"geometry":{"type":"Point","coordinates":[77.00984963409681,31.074061292306602]}},
{"type":"Feature","properties":{"Id":0,"area":2106.92,"category":"Natural","ORIG_FID":1613,"category_1":"Natural"},"geometry":{"type":"Point","coordinates":[77.012136111623192,31.073292862773087]}},
{"type":"Feature","properties":{"Id":0,"area":952.063,"category":"Natural","ORIG_FID":1614,"category_1":"Natural"},"geometry":{"type":"Point","coordinates":[77.011604973086108,31.073850509061984]}},
{"type":"Feature","properties":{"Id":0,"area":477.782,"category":"Natural","ORIG_FID":1615,"category_1":"Natural"},"geometry":{"type":"Point","coordinates":[77.00256802216343,31.073710951768401]}},
{"type":"Feature","properties":{"Id":0,"area":409.746,"category":"Natural","ORIG_FID":1616,"category_1":"Natural"},"geometry":{"type":"Point","coordinates":[77.003727336476601,31.073328767332363]}},
{"type":"Feature","properties":{"Id":0,"area":754.3,"category":"Natural","ORIG_FID":1617,"category_1":"Natural"},"geometry":{"type":"Point","coordinates":[77.004375997819253,31.074189004149805]}},
{"type":"Feature","properties":{"Id":0,"area":212.639,"category":"Natural","ORIG_FID":1618,"category_1":"Natural"},"geometry":{"type":"Point","coordinates":[77.002651878821752,31.074785768157632]}},
{"type":"Feature","properties":{"Id":0,"area":217.014,"category":"Natural","ORIG_FID":1619,"category_1":"Natural"},"geometry":{"type":"Point","coordinates":[77.002836007047847,31.075056191316083]}},
{"type":"Feature","properties":{"Id":0,"area":504.471,"category":"Natural","ORIG_FID":1620,"category_1":"Natural"},"geometry":{"type":"Point","coordinates":[77.004526572978023,31.07550693691412]}},
{"type":"Feature","properties":{"Id":0,"area":430.747,"category":"Anthropogenic","ORIG_FID":1621,"category_1":"Anthropogenic"},"geometry":{"type":"Point","coordinates":[77.002497144020509,31.075512225265484]}},
{"type":"Feature","properties":{"Id":0,"area":1467.91,"category":"Anthropogenic","ORIG_FID":1622,"category_1":"Anthropogenic"},"geometry":{"type":"Point","coordinates":[76.998610361993954,31.071191973798076]}},
{"type":"Feature","properties":{"Id":0,"area":916.765,"category":"Anthropogenic","ORIG_FID":1623,"category_1":"Anthropogenic"},"geometry":{"type":"Point","coordinates":[76.997844645039791,31.071789049594727]}},
{"type":"Feature","properties":{"Id":0,"area":664.694,"category":"Natural","ORIG_FID":1624,"category_1":"Natural"},"geometry":{"type":"Point","coordinates":[77.020698248956322,31.064042063790076]}},
{"type":"Feature","properties":{"Id":0,"area":338.962,"category":"Natural","ORIG_FID":1625,"category_1":"Natural"},"geometry":{"type":"Point","coordinates":[77.023436003501743,31.064188014721118]}},
{"type":"Feature","properties":{"Id":0,"area":531.755,"category":"Natural","ORIG_FID":1626,"category_1":"Natural"},"geometry":{"type":"Point","coordinates":[77.019512828459426,31.065856015997408]}},
{"type":"Feature","properties":{"Id":0,"area":0.0,"category":"Anthropogenic","ORIG_FID":1627,"category_1":"Anthropogenic"},"geometry":{"type":"Point","coordinates":[77.033355088035293,30.957276774199006]}},
{"type":"Feature","properties":{"Id":0,"area":0.0,"category":"Anthropogenic","ORIG_FID":1628,"category_1":"Anthropogenic"},"geometry":{"type":"Point","coordinates":[77.035037065991233,30.957422257846805]}},
{"type":"Feature","properties":{"Id":0,"area":0.0,"category":"Anthropogenic","ORIG_FID":1629,"category_1":"Anthropogenic"},"geometry":{"type":"Point","coordinates":[77.03051723013894,30.956876988278008]}},
{"type":"Feature","properties":{"Id":0,"area":0.0,"category":"Anthropogenic","ORIG_FID":1630,"category_1":"Anthropogenic"},"geometry":{"type":"Point","coordinates":[77.029464147147891,30.957287418106482]}},
{"type":"Feature","properties":{"Id":0,"area":0.0,"category":"Natural","ORIG_FID":1631,"category_1":"Natural"},"geometry":{"type":"Point","coordinates":[77.00151575362969,30.996576819047871]}},
{"type":"Feature","properties":{"Id":0,"area":0.0,"category":"Natural","ORIG_FID":1632,"category_1":"Natural"},"geometry":{"type":"Point","coordinates":[76.99859776328033,30.997131876864739]}},
{"type":"Feature","properties":{"Id":0,"area":0.0,"category":"Natural","ORIG_FID":1633,"category_1":"Natural"},"geometry":{"type":"Point","coordinates":[76.999411102597577,30.997307338694608]}},
{"type":"Feature","properties":{"Id":0,"area":0.0,"category":"Natural","ORIG_FID":1634,"category_1":"Natural"},"geometry":{"type":"Point","coordinates":[76.999117915514361,30.997729925577175]}},
{"type":"Feature","properties":{"Id":0,"area":0.0,"category":"Natural","ORIG_FID":1635,"category_1":"Natural"},"geometry":{"type":"Point","coordinates":[77.007340256300836,31.054647036162276]}},
{"type":"Feature","properties":{"Id":0,"area":0.0,"category":"Natural","ORIG_FID":1636,"category_1":"Natural"},"geometry":{"type":"Point","coordinates":[77.003849622076075,31.060773595042857]}},
{"type":"Feature","properties":{"Id":0,"area":0.0,"category":"Natural","ORIG_FID":1637,"category_1":"Natural"},"geometry":{"type":"Point","coordinates":[77.002853324507086,31.060914750627422]}},
{"type":"Feature","properties":{"Id":0,"area":0.0,"category":"Anthropogenic","ORIG_FID":1638,"category_1":"Anthropogenic"},"geometry":{"type":"Point","coordinates":[77.009905880479778,31.067621270632639]}},
{"type":"Feature","properties":{"Id":0,"area":0.0,"category":"Natural","ORIG_FID":1639,"category_1":"Natural"},"geometry":{"type":"Point","coordinates":[76.991735859192133,31.088572428772569]}},
{"type":"Feature","properties":{"Id":0,"area":0.0,"category":"Natural","ORIG_FID":1640,"category_1":"Natural"},"geometry":{"type":"Point","coordinates":[76.995060986367179,31.088492416057402]}},
{"type":"Feature","properties":{"Id":0,"area":0.0,"category":"Anthropogenic","ORIG_FID":1641,"category_1":"Anthropogenic"},"geometry":{"type":"Point","coordinates":[76.996291730038593,31.08572609683533]}},
{"type":"Feature","properties":{"Id":0,"area":0.0,"category":"Natural","ORIG_FID":1642,"category_1":"Natural"},"geometry":{"type":"Point","coordinates":[76.996740293862786,31.085795687931398]}},
{"type":"Feature","properties":{"Id":0,"area":0.0,"category":"Natural","ORIG_FID":1643,"category_1":"Natural"},"geometry":{"type":"Point","coordinates":[76.996883000011536,31.086176455896236]}},
{"type":"Feature","properties":{"Id":0,"area":0.0,"category":"Natural","ORIG_FID":1644,"category_1":"Natural"},"geometry":{"type":"Point","coordinates":[76.997447659164123,31.086276156168353]}},
{"type":"Feature","properties":{"Id":0,"area":0.0,"category":"Natural","ORIG_FID":1645,"category_1":"Natural"},"geometry":{"type":"Point","coordinates":[76.998632294629985,31.086162367310546]}},
{"type":"Feature","properties":{"Id":0,"area":0.0,"category":"Natural","ORIG_FID":1646,"category_1":"Natural"},"geometry":{"type":"Point","coordinates":[76.999789991720618,31.085499331527402]}},
{"type":"Feature","properties":{"Id":0,"area":0.0,"category":"Natural","ORIG_FID":1647,"category_1":"Natural"},"geometry":{"type":"Point","coordinates":[76.998140929019627,31.085396113953664]}},
{"type":"Feature","properties":{"Id":0,"area":0.0,"category":"Natural","ORIG_FID":1648,"category_1":"Natural"},"geometry":{"type":"Point","coordinates":[76.999177116676336,31.083983760538057]}},
{"type":"Feature","properties":{"Id":0,"area":0.0,"category":"Natural","ORIG_FID":1649,"category_1":"Natural"},"geometry":{"type":"Point","coordinates":[77.002977125830469,31.081335305091496]}},
{"type":"Feature","properties":{"Id":0,"area":0.0,"category":"Natural","ORIG_FID":1650,"category_1":"Natural"},"geometry":{"type":"Point","coordinates":[77.003417806427379,31.082107613464483]}},
{"type":"Feature","properties":{"Id":0,"area":0.0,"category":"Natural","ORIG_FID":1651,"category_1":"Natural"},"geometry":{"type":"Point","coordinates":[77.001694390176382,31.082346804100268]}},
{"type":"Feature","properties":{"Id":0,"area":0.0,"category":"Anthropogenic","ORIG_FID":1652,"category_1":"Anthropogenic"},"geometry":{"type":"Point","coordinates":[77.008093784227839,31.085188442523428]}},
{"type":"Feature","properties":{"Id":0,"area":0.0,"category":"Natural","ORIG_FID":1653,"category_1":"Natural"},"geometry":{"type":"Point","coordinates":[77.003514825483123,31.086356093926085]}},
{"type":"Feature","properties":{"Id":0,"area":0.0,"category":"Natural","ORIG_FID":1654,"category_1":"Natural"},"geometry":{"type":"Point","coordinates":[77.004209233933977,31.086493243995736]}},
{"type":"Feature","properties":{"Id":0,"area":0.0,"category":"Natural","ORIG_FID":1655,"category_1":"Natural"},"geometry":{"type":"Point","coordinates":[77.004913325414805,31.086352345657271]}},
{"type":"Feature","properties":{"Id":0,"area":0.0,"category":"Natural","ORIG_FID":1656,"category_1":"Natural"},"geometry":{"type":"Point","coordinates":[77.005125316769494,31.08673983235618]}},
{"type":"Feature","properties":{"Id":0,"area":0.0,"category":"Natural","ORIG_FID":1657,"category_1":"Natural"},"geometry":{"type":"Point","coordinates":[77.002779598476678,31.085774631044366]}},
{"type":"Feature","properties":{"Id":0,"area":0.0,"category":"Natural","ORIG_FID":1658,"category_1":"Natural"},"geometry":{"type":"Point","coordinates":[77.003147393828016,31.085855451015181]}},
{"type":"Feature","properties":{"Id":0,"area":0.0,"category":"Natural","ORIG_FID":1659,"category_1":"Natural"},"geometry":{"type":"Point","coordinates":[77.006300786458922,31.085082977514524]}},
{"type":"Feature","properties":{"Id":0,"area":0.0,"category":"Anthropogenic","ORIG_FID":1660,"category_1":"Anthropogenic"},"geometry":{"type":"Point","coordinates":[77.001498536830894,31.08466867281706]}},
{"type":"Feature","properties":{"Id":0,"area":0.0,"category":"Natural","ORIG_FID":1661,"category_1":"Natural"},"geometry":{"type":"Point","coordinates":[77.005610177466693,31.085301886586706]}},
{"type":"Feature","properties":{"Id":0,"area":0.0,"category":"Natural","ORIG_FID":1662,"category_1":"Natural"},"geometry":{"type":"Point","coordinates":[77.005119319685846,31.085190972748581]}},
{"type":"Feature","properties":{"Id":0,"area":0.0,"category":"Natural","ORIG_FID":1663,"category_1":"Natural"},"geometry":{"type":"Point","coordinates":[77.003138207373112,31.08466080093795]}},
{"type":"Feature","properties":{"Id":0,"area":0.0,"category":"Anthropogenic","ORIG_FID":1664,"category_1":"Anthropogenic"},"geometry":{"type":"Point","coordinates":[77.002348399891687,31.086836921087379]}},
{"type":"Feature","properties":{"Id":0,"area":0.0,"category":"Anthropogenic","ORIG_FID":1665,"category_1":"Anthropogenic"},"geometry":{"type":"Point","coordinates":[77.002646002555053,31.087018381766548]}},
{"type":"Feature","properties":{"Id":0,"area":0.0,"category":"Anthropogenic","ORIG_FID":1666,"category_1":"Anthropogenic"},"geometry":{"type":"Point","coordinates":[77.001343124467311,31.088373134199813]}},
{"type":"Feature","properties":{"Id":0,"area":0.0,"category":"Anthropogenic","ORIG_FID":1667,"category_1":"Anthropogenic"},"geometry":{"type":"Point","coordinates":[77.0028293706808,31.0874751634401]}},
{"type":"Feature","properties":{"Id":0,"area":0.0,"category":"Anthropogenic","ORIG_FID":1668,"category_1":"Anthropogenic"},"geometry":{"type":"Point","coordinates":[77.00316714416941,31.087305855811007]}},
{"type":"Feature","properties":{"Id":0,"area":0.0,"category":"Anthropogenic","ORIG_FID":1669,"category_1":"Anthropogenic"},"geometry":{"type":"Point","coordinates":[77.003677244175066,31.087425414929111]}},
{"type":"Feature","properties":{"Id":0,"area":0.0,"category":"Anthropogenic","ORIG_FID":1670,"category_1":"Anthropogenic"},"geometry":{"type":"Point","coordinates":[77.003929162180199,31.087627147248423]}},
{"type":"Feature","properties":{"Id":0,"area":0.0,"category":"Anthropogenic","ORIG_FID":1671,"category_1":"Anthropogenic"},"geometry":{"type":"Point","coordinates":[77.004118816120169,31.087923652476167]}},
{"type":"Feature","properties":{"Id":0,"area":0.0,"category":"Anthropogenic","ORIG_FID":1672,"category_1":"Anthropogenic"},"geometry":{"type":"Point","coordinates":[77.004266152737841,31.088271514498032]}},
{"type":"Feature","properties":{"Id":0,"area":0.0,"category":"Anthropogenic","ORIG_FID":1673,"category_1":"Anthropogenic"},"geometry":{"type":"Point","coordinates":[77.005020699798706,31.088212279702574]}},
{"type":"Feature","properties":{"Id":0,"area":0.0,"category":"Anthropogenic","ORIG_FID":1674,"category_1":"Anthropogenic"},"geometry":{"type":"Point","coordinates":[77.005475845047116,31.088573279312367]}},
{"type":"Feature","properties":{"Id":0,"area":0.0,"category":"Anthropogenic","ORIG_FID":1675,"category_1":"Anthropogenic"},"geometry":{"type":"Point","coordinates":[77.000303546293452,31.086687104336008]}},
{"type":"Feature","properties":{"Id":0,"area":0.0,"category":"Anthropogenic","ORIG_FID":1676,"category_1":"Anthropogenic"},"geometry":{"type":"Point","coordinates":[77.000901244411708,31.086886035116578]}},
{"type":"Feature","properties":{"Id":0,"area":0.0,"category":"Anthropogenic","ORIG_FID":1677,"category_1":"Anthropogenic"},"geometry":{"type":"Point","coordinates":[77.001863319637081,31.088281549017989]}},
{"type":"Feature","properties":{"Id":0,"area":0.0,"category":"Anthropogenic","ORIG_FID":1678,"category_1":"Anthropogenic"},"geometry":{"type":"Point","coordinates":[77.001644467483956,31.087011785445576]}},
{"type":"Feature","properties":{"Id":0,"area":0.0,"category":"Natural","ORIG_FID":1679,"category_1":"Natural"},"geometry":{"type":"Point","coordinates":[76.993296541903135,31.09003237319439]}},
{"type":"Feature","properties":{"Id":0,"area":0.0,"category":"Natural","ORIG_FID":1680,"category_1":"Natural"},"geometry":{"type":"Point","coordinates":[76.993804473001433,31.090160134029361]}},
{"type":"Feature","properties":{"Id":0,"area":0.0,"category":"Natural","ORIG_FID":1681,"category_1":"Natural"},"geometry":{"type":"Point","coordinates":[76.993784355099791,31.090562118252727]}},
{"type":"Feature","properties":{"Id":0,"area":0.0,"category":"Natural","ORIG_FID":1682,"category_1":"Natural"},"geometry":{"type":"Point","coordinates":[76.994472746841339,31.090252292289072]}},
{"type":"Feature","properties":{"Id":0,"area":0.0,"category":"Natural","ORIG_FID":1683,"category_1":"Natural"},"geometry":{"type":"Point","coordinates":[76.994192322493575,31.090404968322233]}},
{"type":"Feature","properties":{"Id":0,"area":0.0,"category":"Natural","ORIG_FID":1684,"category_1":"Natural"},"geometry":{"type":"Point","coordinates":[76.998914450335093,31.091715629169222]}},
{"type":"Feature","properties":{"Id":0,"area":0.0,"category":"Anthropogenic","ORIG_FID":1685,"category_1":"Anthropogenic"},"geometry":{"type":"Point","coordinates":[76.997633840380615,31.089688824746403]}},
{"type":"Feature","properties":{"Id":0,"area":0.0,"category":"Anthropogenic","ORIG_FID":1686,"category_1":"Anthropogenic"},"geometry":{"type":"Point","coordinates":[76.998204730689309,31.090682069450178]}},
{"type":"Feature","properties":{"Id":0,"area":0.0,"category":"Anthropogenic","ORIG_FID":1687,"category_1":"Anthropogenic"},"geometry":{"type":"Point","coordinates":[76.998035726362033,31.089685295876087]}},
{"type":"Feature","properties":{"Id":0,"area":0.0,"category":"Anthropogenic","ORIG_FID":1688,"category_1":"Anthropogenic"},"geometry":{"type":"Point","coordinates":[76.998500104935161,31.089052365132886]}},
{"type":"Feature","properties":{"Id":0,"area":0.0,"category":"Anthropogenic","ORIG_FID":1689,"category_1":"Anthropogenic"},"geometry":{"type":"Point","coordinates":[76.998868603545816,31.089075985438395]}},
{"type":"Feature","properties":{"Id":0,"area":0.0,"category":"Anthropogenic","ORIG_FID":1690,"category_1":"Anthropogenic"},"geometry":{"type":"Point","coordinates":[76.998951095057862,31.09060204069516]}},
{"type":"Feature","properties":{"Id":0,"area":0.0,"category":"Natural","ORIG_FID":1691,"category_1":"Natural"},"geometry":{"type":"Point","coordinates":[77.000246344045408,31.09136195464836]}},
{"type":"Feature","properties":{"Id":0,"area":0.0,"category":"Anthropogenic","ORIG_FID":1692,"category_1":"Anthropogenic"},"geometry":{"type":"Point","coordinates":[77.000633243977362,31.089982568565958]}},
{"type":"Feature","properties":{"Id":0,"area":0.0,"category":"Anthropogenic","ORIG_FID":1693,"category_1":"Anthropogenic"},"geometry":{"type":"Point","coordinates":[77.000499189578363,31.089529303695613]}},
{"type":"Feature","properties":{"Id":0,"area":0.0,"category":"Anthropogenic","ORIG_FID":1694,"category_1":"Anthropogenic"},"geometry":{"type":"Point","coordinates":[77.00341893985717,31.097220563603138]}},
{"type":"Feature","properties":{"Id":0,"area":0.0,"category":"Anthropogenic","ORIG_FID":1695,"category_1":"Anthropogenic"},"geometry":{"type":"Point","coordinates":[77.002430203028354,31.097427248210998]}},
{"type":"Feature","properties":{"Id":0,"area":0.0,"category":"Natural","ORIG_FID":1696,"category_1":"Natural"},"geometry":{"type":"Point","coordinates":[77.003351070467602,31.096346279446152]}},
{"type":"Feature","properties":{"Id":0,"area":0.0,"category":"Natural","ORIG_FID":1697,"category_1":"Natural"},"geometry":{"type":"Point","coordinates":[76.996812980311589,31.097723748972584]}},
{"type":"Feature","properties":{"Id":0,"area":0.0,"category":"Natural","ORIG_FID":1698,"category_1":"Natural"},"geometry":{"type":"Point","coordinates":[76.999382347927479,31.097965115609544]}},
{"type":"Feature","properties":{"Id":0,"area":0.0,"category":"Natural","ORIG_FID":1699,"category_1":"Natural"},"geometry":{"type":"Point","coordinates":[77.001384142243836,31.097823064879428]}},
{"type":"Feature","properties":{"Id":0,"area":0.0,"category":"Natural","ORIG_FID":1700,"category_1":"Natural"},"geometry":{"type":"Point","coordinates":[77.0016820800044,31.098044815149581]}},
{"type":"Feature","properties":{"Id":0,"area":0.0,"category":"Anthropogenic","ORIG_FID":1701,"category_1":"Anthropogenic"},"geometry":{"type":"Point","coordinates":[77.002500194480334,31.098044208804712]}},
{"type":"Feature","properties":{"Id":0,"area":0.0,"category":"Natural","ORIG_FID":1702,"category_1":"Natural"},"geometry":{"type":"Point","coordinates":[77.000366562257796,31.097395243734994]}},
{"type":"Feature","properties":{"Id":0,"area":0.0,"category":"Anthropogenic","ORIG_FID":1703,"category_1":"Anthropogenic"},"geometry":{"type":"Point","coordinates":[76.996522340706221,31.098203403707775]}},
{"type":"Feature","properties":{"Id":0,"area":0.0,"category":"Anthropogenic","ORIG_FID":1704,"category_1":"Anthropogenic"},"geometry":{"type":"Point","coordinates":[76.996375783486599,31.09895521821387]}},
{"type":"Feature","properties":{"Id":0,"area":0.0,"category":"Anthropogenic","ORIG_FID":1705,"category_1":"Anthropogenic"},"geometry":{"type":"Point","coordinates":[77.00480308120612,31.098709586135946]}},
{"type":"Feature","properties":{"Id":0,"area":0.0,"category":"Anthropogenic","ORIG_FID":1706,"category_1":"Anthropogenic"},"geometry":{"type":"Point","coordinates":[77.003365891934124,31.099561310393486]}},
{"type":"Feature","properties":{"Id":0,"area":0.0,"category":"Anthropogenic","ORIG_FID":1707,"category_1":"Anthropogenic"},"geometry":{"type":"Point","coordinates":[77.004587884726888,31.097176472789126]}},
{"type":"Feature","properties":{"Id":0,"area":0.0,"category":"Anthropogenic","ORIG_FID":1708,"category_1":"Anthropogenic"},"geometry":{"type":"Point","coordinates":[77.005867829088075,31.096877078834357]}},
{"type":"Feature","properties":{"Id":0,"area":0.0,"category":"Anthropogenic","ORIG_FID":1709,"category_1":"Anthropogenic"},"geometry":{"type":"Point","coordinates":[77.000740642422898,31.099446046680139]}},
{"type":"Feature","properties":{"Id":0,"area":0.0,"category":"Anthropogenic","ORIG_FID":1710,"category_1":"Anthropogenic"},"geometry":{"type":"Point","coordinates":[77.00011740308355,31.098886798998322]}},
{"type":"Feature","properties":{"Id":0,"area":0.0,"category":"Anthropogenic","ORIG_FID":1711,"category_1":"Anthropogenic"},"geometry":{"type":"Point","coordinates":[77.002381766076965,31.099817432935552]}},
{"type":"Feature","properties":{"Id":0,"area":0.0,"category":"Anthropogenic","ORIG_FID":1712,"category_1":"Anthropogenic"},"geometry":{"type":"Point","coordinates":[77.002705203487864,31.099939616432724]}},
{"type":"Feature","properties":{"Id":0,"area":0.0,"category":"Anthropogenic","ORIG_FID":1713,"category_1":"Anthropogenic"},"geometry":{"type":"Point","coordinates":[77.000277573609679,31.099255331705592]}},
{"type":"Feature","properties":{"Id":0,"area":0.0,"category":"Anthropogenic","ORIG_FID":1714,"category_1":"Anthropogenic"},"geometry":{"type":"Point","coordinates":[77.00162612608554,31.099159433529273]}},
{"type":"Feature","properties":{"Id":0,"area":0.0,"category":"Anthropogenic","ORIG_FID":1715,"category_1":"Anthropogenic"},"geometry":{"type":"Point","coordinates":[77.00179001942864,31.099366921574749]}},
{"type":"Feature","properties":{"Id":0,"area":0.0,"category":"Anthropogenic","ORIG_FID":1716,"category_1":"Anthropogenic"},"geometry":{"type":"Point","coordinates":[77.00142590497984,31.099625951270433]}},
{"type":"Feature","properties":{"Id":0,"area":0.0,"category":"Anthropogenic","ORIG_FID":1717,"category_1":"Anthropogenic"},"geometry":{"type":"Point","coordinates":[77.000628318599624,31.098986704981048]}},
{"type":"Feature","properties":{"Id":0,"area":0.0,"category":"Anthropogenic","ORIG_FID":1718,"category_1":"Anthropogenic"},"geometry":{"type":"Point","coordinates":[77.003028560330236,31.099409885686864]}},
{"type":"Feature","properties":{"Id":0,"area":0.0,"category":"Natural","ORIG_FID":1719,"category_1":"Natural"},"geometry":{"type":"Point","coordinates":[76.998316001296715,31.097190819558925]}},
{"type":"Feature","properties":{"Id":0,"area":0.0,"category":"Natural","ORIG_FID":1720,"category_1":"Natural"},"geometry":{"type":"Point","coordinates":[76.998187971406963,31.096726696812286]}},
{"type":"Feature","properties":{"Id":0,"area":0.0,"category":"Natural","ORIG_FID":1721,"category_1":"Natural"},"geometry":{"type":"Point","coordinates":[76.998930225656338,31.096473085446402]}},
{"type":"Feature","properties":{"Id":0,"area":0.0,"category":"Anthropogenic","ORIG_FID":1722,"category_1":"Anthropogenic"},"geometry":{"type":"Point","coordinates":[76.992059680099075,31.102910751180936]}},
{"type":"Feature","properties":{"Id":0,"area":0.0,"category":"Anthropogenic","ORIG_FID":1723,"category_1":"Anthropogenic"},"geometry":{"type":"Point","coordinates":[76.992102624110316,31.103228364785089]}},
{"type":"Feature","properties":{"Id":0,"area":0.0,"category":"Anthropogenic","ORIG_FID":1724,"category_1":"Anthropogenic"},"geometry":{"type":"Point","coordinates":[76.991626815574406,31.103148184932326]}},
{"type":"Feature","properties":{"Id":0,"area":0.0,"category":"Anthropogenic","ORIG_FID":1725,"category_1":"Anthropogenic"},"geometry":{"type":"Point","coordinates":[76.991719797478126,31.103328309364326]}},
{"type":"Feature","properties":{"Id":0,"area":0.0,"category":"Anthropogenic","ORIG_FID":1726,"category_1":"Anthropogenic"},"geometry":{"type":"Point","coordinates":[76.991090660963479,31.103696785123393]}},
{"type":"Feature","properties":{"Id":0,"area":0.0,"category":"Anthropogenic","ORIG_FID":1727,"category_1":"Anthropogenic"},"geometry":{"type":"Point","coordinates":[76.991997972150017,31.10382306058785]}},
{"type":"Feature","properties":{"Id":0,"area":0.0,"category":"Anthropogenic","ORIG_FID":1728,"category_1":"Anthropogenic"},"geometry":{"type":"Point","coordinates":[76.992326024658951,31.103779127196194]}},
{"type":"Feature","properties":{"Id":0,"area":0.0,"category":"Anthropogenic","ORIG_FID":1729,"category_1":"Anthropogenic"},"geometry":{"type":"Point","coordinates":[76.992543061859905,31.104216692391802]}},
{"type":"Feature","properties":{"Id":0,"area":0.0,"category":"Natural","ORIG_FID":1730,"category_1":"Natural"},"geometry":{"type":"Point","coordinates":[76.995095505874303,31.104219988518764]}},
{"type":"Feature","properties":{"Id":0,"area":0.0,"category":"Natural","ORIG_FID":1731,"category_1":"Natural"},"geometry":{"type":"Point","coordinates":[76.994542121062068,31.104215126244355]}},
{"type":"Feature","properties":{"Id":0,"area":0.0,"category":"Anthropogenic","ORIG_FID":1732,"category_1":"Anthropogenic"},"geometry":{"type":"Point","coordinates":[76.994095579422989,31.103915333098769]}},
{"type":"Feature","properties":{"Id":0,"area":0.0,"category":"Anthropogenic","ORIG_FID":1733,"category_1":"Anthropogenic"},"geometry":{"type":"Point","coordinates":[76.994128217368967,31.103003214671027]}},
{"type":"Feature","properties":{"Id":0,"area":0.0,"category":"Anthropogenic","ORIG_FID":1734,"category_1":"Anthropogenic"},"geometry":{"type":"Point","coordinates":[76.994548820343994,31.10338578565554]}},
{"type":"Feature","properties":{"Id":0,"area":0.0,"category":"Natural","ORIG_FID":1735,"category_1":"Natural"},"geometry":{"type":"Point","coordinates":[76.989315459761229,31.105713202523958]}},
{"type":"Feature","properties":{"Id":0,"area":0.0,"category":"Natural","ORIG_FID":1736,"category_1":"Natural"},"geometry":{"type":"Point","coordinates":[76.990147792940817,31.10556065423641]}},
{"type":"Feature","properties":{"Id":0,"area":0.0,"category":"Anthropogenic","ORIG_FID":1737,"category_1":"Anthropogenic"},"geometry":{"type":"Point","coordinates":[76.990570231509906,31.105395398616903]}},
{"type":"Feature","properties":{"Id":0,"area":0.0,"category":"Anthropogenic","ORIG_FID":1738,"category_1":"Anthropogenic"},"geometry":{"type":"Point","coordinates":[76.989617192992483,31.105345511088238]}},
{"type":"Feature","properties":{"Id":0,"area":0.0,"category":"Natural","ORIG_FID":1739,"category_1":"Natural"},"geometry":{"type":"Point","coordinates":[76.985048220330754,31.10619713535959]}},
{"type":"Feature","properties":{"Id":0,"area":0.0,"category":"Anthropogenic","ORIG_FID":1740,"category_1":"Anthropogenic"},"geometry":{"type":"Point","coordinates":[76.984930930085511,31.1067634785914]}},
{"type":"Feature","properties":{"Id":0,"area":0.0,"category":"Anthropogenic","ORIG_FID":1741,"category_1":"Anthropogenic"},"geometry":{"type":"Point","coordinates":[76.985652401131802,31.107041083867177]}},
{"type":"Feature","properties":{"Id":0,"area":0.0,"category":"Natural","ORIG_FID":1742,"category_1":"Natural"},"geometry":{"type":"Point","coordinates":[76.987564554098995,31.106488794345157]}},
{"type":"Feature","properties":{"Id":0,"area":0.0,"category":"Anthropogenic","ORIG_FID":1743,"category_1":"Anthropogenic"},"geometry":{"type":"Point","coordinates":[76.984874385306512,31.107131038359771]}},
{"type":"Feature","properties":{"Id":0,"area":0.0,"category":"Natural","ORIG_FID":1744,"category_1":"Natural"},"geometry":{"type":"Point","coordinates":[76.982306830447655,31.10733232914847]}},
{"type":"Feature","properties":{"Id":0,"area":0.0,"category":"Natural","ORIG_FID":1745,"category_1":"Natural"},"geometry":{"type":"Point","coordinates":[76.982939047735158,31.107316680870142]}},
{"type":"Feature","properties":{"Id":0,"area":0.0,"category":"Natural","ORIG_FID":1746,"category_1":"Natural"},"geometry":{"type":"Point","coordinates":[76.98378878855074,31.106974488077668]}},
{"type":"Feature","properties":{"Id":0,"area":0.0,"category":"Natural","ORIG_FID":1747,"category_1":"Natural"},"geometry":{"type":"Point","coordinates":[76.981992425177523,31.10789346177663]}},
{"type":"Feature","properties":{"Id":0,"area":0.0,"category":"Anthropogenic","ORIG_FID":1748,"category_1":"Anthropogenic"},"geometry":{"type":"Point","coordinates":[76.981950027618552,31.108137549973364]}},
{"type":"Feature","properties":{"Id":0,"area":0.0,"category":"Anthropogenic","ORIG_FID":1749,"category_1":"Anthropogenic"},"geometry":{"type":"Point","coordinates":[76.975377595643238,31.113280626373079]}},
{"type":"Feature","properties":{"Id":0,"area":0.0,"category":"Anthropogenic","ORIG_FID":1750,"category_1":"Anthropogenic"},"geometry":{"type":"Point","coordinates":[76.974772897219978,31.112636690546577]}},
{"type":"Feature","properties":{"Id":0,"area":0.0,"category":"Anthropogenic","ORIG_FID":1751,"category_1":"Anthropogenic"},"geometry":{"type":"Point","coordinates":[77.106402913350834,31.02113715973303]}},
{"type":"Feature","properties":{"Id":0,"area":0.0,"category":"Natural","ORIG_FID":1752,"category_1":"Natural"},"geometry":{"type":"Point","coordinates":[77.107284256003808,31.02083051472054]}},
{"type":"Feature","properties":{"Id":0,"area":0.0,"category":"Anthropogenic","ORIG_FID":1753,"category_1":"Anthropogenic"},"geometry":{"type":"Point","coordinates":[77.112987794291243,31.027649948769703]}},
{"type":"Feature","properties":{"Id":0,"area":0.0,"category":"Natural","ORIG_FID":1754,"category_1":"Natural"},"geometry":{"type":"Point","coordinates":[77.111993168710995,31.045615363129357]}},
{"type":"Feature","properties":{"Id":0,"area":0.0,"category":"Natural","ORIG_FID":1755,"category_1":"Natural"},"geometry":{"type":"Point","coordinates":[77.110674596420196,31.048175635941686]}},
{"type":"Feature","properties":{"Id":0,"area":0.0,"category":"Anthropogenic","ORIG_FID":1756,"category_1":"Anthropogenic"},"geometry":{"type":"Point","coordinates":[77.105221558202615,31.055781736953183]}},
{"type":"Feature","properties":{"Id":0,"area":0.0,"category":"Anthropogenic","ORIG_FID":1757,"category_1":"Anthropogenic"},"geometry":{"type":"Point","coordinates":[77.104997025886661,31.055859430255801]}},
{"type":"Feature","properties":{"Id":0,"area":0.0,"category":"Natural","ORIG_FID":1758,"category_1":"Natural"},"geometry":{"type":"Point","coordinates":[77.087053590576588,31.07112822428072]}},
{"type":"Feature","properties":{"Id":0,"area":0.0,"category":"Natural","ORIG_FID":1759,"category_1":"Natural"},"geometry":{"type":"Point","coordinates":[77.085443962668023,31.07332867114879]}},
{"type":"Feature","properties":{"Id":0,"area":0.0,"category":"Natural","ORIG_FID":1760,"category_1":"Natural"},"geometry":{"type":"Point","coordinates":[77.085987998583732,31.073488150694804]}},
{"type":"Feature","properties":{"Id":0,"area":0.0,"category":"Natural","ORIG_FID":1761,"category_1":"Natural"},"geometry":{"type":"Point","coordinates":[77.089039613528129,31.070303158866629]}},
{"type":"Feature","properties":{"Id":0,"area":0.0,"category":"Natural","ORIG_FID":1762,"category_1":"Natural"},"geometry":{"type":"Point","coordinates":[77.089042182150791,31.071675657788742]}},
{"type":"Feature","properties":{"Id":0,"area":0.0,"category":"Natural","ORIG_FID":1763,"category_1":"Natural"},"geometry":{"type":"Point","coordinates":[77.087825755632508,31.069977858594271]}},
{"type":"Feature","properties":{"Id":0,"area":0.0,"category":"Anthropogenic","ORIG_FID":1764,"category_1":"Anthropogenic"},"geometry":{"type":"Point","coordinates":[77.090037428864676,31.072311300663277]}},
{"type":"Feature","properties":{"Id":0,"area":0.0,"category":"Natural","ORIG_FID":1765,"category_1":"Natural"},"geometry":{"type":"Point","coordinates":[77.090364092416579,31.072028970128677]}},
{"type":"Feature","properties":{"Id":0,"area":0.0,"category":"Anthropogenic","ORIG_FID":1766,"category_1":"Anthropogenic"},"geometry":{"type":"Point","coordinates":[77.09054776494574,31.07229862311268]}},
{"type":"Feature","properties":{"Id":0,"area":0.0,"category":"Anthropogenic","ORIG_FID":1767,"category_1":"Anthropogenic"},"geometry":{"type":"Point","coordinates":[77.090964423810306,31.072505630637057]}},
{"type":"Feature","properties":{"Id":0,"area":0.0,"category":"Anthropogenic","ORIG_FID":1768,"category_1":"Anthropogenic"},"geometry":{"type":"Point","coordinates":[77.090476410293348,31.07257586172231]}},
{"type":"Feature","properties":{"Id":0,"area":0.0,"category":"Anthropogenic","ORIG_FID":1769,"category_1":"Anthropogenic"},"geometry":{"type":"Point","coordinates":[77.090600087287726,31.07277501964403]}},
{"type":"Feature","properties":{"Id":0,"area":0.0,"category":"Anthropogenic","ORIG_FID":1770,"category_1":"Anthropogenic"},"geometry":{"type":"Point","coordinates":[77.090421748070213,31.072906395550024]}},
{"type":"Feature","properties":{"Id":0,"area":0.0,"category":"Natural","ORIG_FID":1771,"category_1":"Natural"},"geometry":{"type":"Point","coordinates":[77.091289639732707,31.072743743032458]}},
{"type":"Feature","properties":{"Id":0,"area":0.0,"category":"Natural","ORIG_FID":1772,"category_1":"Natural"},"geometry":{"type":"Point","coordinates":[77.086893339080589,31.073575780194822]}},
{"type":"Feature","properties":{"Id":0,"area":0.0,"category":"Natural","ORIG_FID":1773,"category_1":"Natural"},"geometry":{"type":"Point","coordinates":[77.087596933904535,31.074218748525599]}},
{"type":"Feature","properties":{"Id":0,"area":0.0,"category":"Natural","ORIG_FID":1774,"category_1":"Natural"},"geometry":{"type":"Point","coordinates":[77.087754181461989,31.074831059593137]}},
{"type":"Feature","properties":{"Id":0,"area":0.0,"category":"Natural","ORIG_FID":1775,"category_1":"Natural"},"geometry":{"type":"Point","coordinates":[77.095733758260309,31.074280425082758]}},
{"type":"Feature","properties":{"Id":0,"area":0.0,"category":"Anthropogenic","ORIG_FID":1776,"category_1":"Anthropogenic"},"geometry":{"type":"Point","coordinates":[77.099857746595106,31.069945739263812]}},
{"type":"Feature","properties":{"Id":0,"area":0.0,"category":"Anthropogenic","ORIG_FID":1777,"category_1":"Anthropogenic"},"geometry":{"type":"Point","coordinates":[77.099411598341177,31.070541094019337]}},
{"type":"Feature","properties":{"Id":0,"area":0.0,"category":"Natural","ORIG_FID":1778,"category_1":"Natural"},"geometry":{"type":"Point","coordinates":[77.107174317524183,31.07491112508157]}},
{"type":"Feature","properties":{"Id":0,"area":0.0,"category":"Natural","ORIG_FID":1779,"category_1":"Natural"},"geometry":{"type":"Point","coordinates":[77.110684554515615,31.08637766969062]}},
{"type":"Feature","properties":{"Id":0,"area":0.0,"category":"Natural","ORIG_FID":1780,"category_1":"Natural"},"geometry":{"type":"Point","coordinates":[77.110787725455523,31.0859391311416]}},
{"type":"Feature","properties":{"Id":0,"area":0.0,"category":"Natural","ORIG_FID":1781,"category_1":"Natural"},"geometry":{"type":"Point","coordinates":[77.113635944866431,31.086152789045027]}},
{"type":"Feature","properties":{"Id":0,"area":0.0,"category":"Anthropogenic","ORIG_FID":1782,"category_1":"Anthropogenic"},"geometry":{"type":"Point","coordinates":[77.114840646233887,31.085898392998391]}},
{"type":"Feature","properties":{"Id":0,"area":0.0,"category":"Anthropogenic","ORIG_FID":1783,"category_1":"Anthropogenic"},"geometry":{"type":"Point","coordinates":[77.091525799152507,31.116307767153398]}},
{"type":"Feature","properties":{"Id":0,"area":0.0,"category":"Natural","ORIG_FID":1784,"category_1":"Natural"},"geometry":{"type":"Point","coordinates":[77.1058500947737,31.118597611254689]}},
{"type":"Feature","properties":{"Id":0,"area":0.0,"category":"Natural","ORIG_FID":1785,"category_1":"Natural"},"geometry":{"type":"Point","coordinates":[77.10712990252145,31.119631293659324]}},
{"type":"Feature","properties":{"Id":0,"area":0.0,"category":"Natural","ORIG_FID":1786,"category_1":"Natural"},"geometry":{"type":"Point","coordinates":[77.106023473391247,31.118822691230964]}},
{"type":"Feature","properties":{"Id":0,"area":0.0,"category":"Natural","ORIG_FID":1787,"category_1":"Natural"},"geometry":{"type":"Point","coordinates":[77.107301167616725,31.119427961909928]}},
{"type":"Feature","properties":{"Id":0,"area":0.0,"category":"Natural","ORIG_FID":1788,"category_1":"Natural"},"geometry":{"type":"Point","coordinates":[77.107013334643,31.119289686410898]}},
{"type":"Feature","properties":{"Id":0,"area":0.0,"category":"Anthropogenic","ORIG_FID":1789,"category_1":"Anthropogenic"},"geometry":{"type":"Point","coordinates":[77.108704350666059,31.119895591498388]}},
{"type":"Feature","properties":{"Id":0,"area":0.0,"category":"Anthropogenic","ORIG_FID":1790,"category_1":"Anthropogenic"},"geometry":{"type":"Point","coordinates":[77.082421120218825,31.087306311330476]}},
{"type":"Feature","properties":{"Id":0,"area":0.0,"category":"Natural","ORIG_FID":1791,"category_1":"Natural"},"geometry":{"type":"Point","coordinates":[77.187265935678568,31.032327872058428]}},
{"type":"Feature","properties":{"Id":0,"area":0.0,"category":"Natural","ORIG_FID":1792,"category_1":"Natural"},"geometry":{"type":"Point","coordinates":[77.189504186236547,31.031776959830271]}},
{"type":"Feature","properties":{"Id":0,"area":0.0,"category":"Natural","ORIG_FID":1793,"category_1":"Natural"},"geometry":{"type":"Point","coordinates":[77.189091664426684,31.031881140288991]}},
{"type":"Feature","properties":{"Id":0,"area":0.0,"category":"Natural","ORIG_FID":1794,"category_1":"Natural"},"geometry":{"type":"Point","coordinates":[77.190012167472005,31.030817816930433]}},
{"type":"Feature","properties":{"Id":0,"area":0.0,"category":"Anthropogenic","ORIG_FID":1795,"category_1":"Anthropogenic"},"geometry":{"type":"Point","coordinates":[77.194834840969193,31.031537915206936]}},
{"type":"Feature","properties":{"Id":0,"area":0.0,"category":"Anthropogenic","ORIG_FID":1796,"category_1":"Anthropogenic"},"geometry":{"type":"Point","coordinates":[77.193713075482819,31.027755935513024]}},
{"type":"Feature","properties":{"Id":0,"area":0.0,"category":"Anthropogenic","ORIG_FID":1797,"category_1":"Anthropogenic"},"geometry":{"type":"Point","coordinates":[77.203100097046431,31.029553527855214]}},
{"type":"Feature","properties":{"Id":0,"area":0.0,"category":"Anthropogenic","ORIG_FID":1798,"category_1":"Anthropogenic"},"geometry":{"type":"Point","coordinates":[77.203052527976368,31.029294530867972]}},
{"type":"Feature","properties":{"Id":0,"area":0.0,"category":"Natural","ORIG_FID":1816,"category_1":"Natural"},"geometry":{"type":"Point","coordinates":[76.960802848377497,30.86418014131673]}},
{"type":"Feature","properties":{"Id":0,"area":0.0,"category":"Anthropogenic","ORIG_FID":1817,"category_1":"Anthropogenic"},"geometry":{"type":"Point","coordinates":[76.950946580691109,30.87100758832872]}},
{"type":"Feature","properties":{"Id":0,"area":0.0,"category":"Natural","ORIG_FID":1818,"category_1":"Natural"},"geometry":{"type":"Point","coordinates":[76.943878997619748,30.865128033670636]}},
{"type":"Feature","properties":{"Id":0,"area":0.0,"category":"Anthropogenic","ORIG_FID":1819,"category_1":"Anthropogenic"},"geometry":{"type":"Point","coordinates":[76.980414997905982,30.836891126480769]}},
{"type":"Feature","properties":{"Id":0,"area":0.0,"category":"Natural","ORIG_FID":1820,"category_1":"Natural"},"geometry":{"type":"Point","coordinates":[76.977808223824724,30.847619406977941]}},
{"type":"Feature","properties":{"Id":0,"area":0.0,"category":"Natural","ORIG_FID":1821,"category_1":"Natural"},"geometry":{"type":"Point","coordinates":[76.97137247761934,30.850971056499692]}},
{"type":"Feature","properties":{"Id":0,"area":0.0,"category":"Natural","ORIG_FID":1822,"category_1":"Natural"},"geometry":{"type":"Point","coordinates":[76.976398376332995,30.845582327473963]}},
{"type":"Feature","properties":{"Id":0,"area":0.0,"category":"Natural","ORIG_FID":1823,"category_1":"Natural"},"geometry":{"type":"Point","coordinates":[76.976430315326382,30.845123909643473]}},
{"type":"Feature","properties":{"Id":0,"area":0.0,"category":"Natural","ORIG_FID":1824,"category_1":"Natural"},"geometry":{"type":"Point","coordinates":[76.973965038254235,30.847713361086374]}},
{"type":"Feature","properties":{"Id":0,"area":0.0,"category":"Natural","ORIG_FID":1825,"category_1":"Natural"},"geometry":{"type":"Point","coordinates":[76.973308001258957,30.849215878887893]}},
{"type":"Feature","properties":{"Id":0,"area":0.0,"category":"Anthropogenic","ORIG_FID":1826,"category_1":"Anthropogenic"},"geometry":{"type":"Point","coordinates":[76.987126992243617,30.836148680952789]}},
{"type":"Feature","properties":{"Id":0,"area":0.0,"category":"Anthropogenic","ORIG_FID":1827,"category_1":"Anthropogenic"},"geometry":{"type":"Point","coordinates":[76.990002224540717,30.834882574639956]}},
{"type":"Feature","properties":{"Id":0,"area":0.0,"category":"Natural","ORIG_FID":1828,"category_1":"Natural"},"geometry":{"type":"Point","coordinates":[76.988642495909858,30.834629146027108]}},
{"type":"Feature","properties":{"Id":0,"area":0.0,"category":"Natural","ORIG_FID":1829,"category_1":"Natural"},"geometry":{"type":"Point","coordinates":[76.988814839810431,30.835040668335548]}},
{"type":"Feature","properties":{"Id":0,"area":0.0,"category":"Anthropogenic","ORIG_FID":1830,"category_1":"Anthropogenic"},"geometry":{"type":"Point","coordinates":[76.988062443582777,30.834924828733413]}},
{"type":"Feature","properties":{"Id":0,"area":0.0,"category":"Anthropogenic","ORIG_FID":1831,"category_1":"Anthropogenic"},"geometry":{"type":"Point","coordinates":[76.990957491166895,30.837935513342963]}},
{"type":"Feature","properties":{"Id":0,"area":0.0,"category":"Natural","ORIG_FID":1832,"category_1":"Natural"},"geometry":{"type":"Point","coordinates":[76.991926287731857,30.837827864641735]}},
{"type":"Feature","properties":{"Id":0,"area":0.0,"category":"Natural","ORIG_FID":1833,"category_1":"Natural"},"geometry":{"type":"Point","coordinates":[76.99238366202178,30.83810862239114]}},
{"type":"Feature","properties":{"Id":0,"area":0.0,"category":"Anthropogenic","ORIG_FID":1834,"category_1":"Anthropogenic"},"geometry":{"type":"Point","coordinates":[76.990357079391856,30.839434120077851]}},
{"type":"Feature","properties":{"Id":0,"area":0.0,"category":"Anthropogenic","ORIG_FID":1835,"category_1":"Anthropogenic"},"geometry":{"type":"Point","coordinates":[76.990424645547193,30.839641736717571]}},
{"type":"Feature","properties":{"Id":0,"area":0.0,"category":"Anthropogenic","ORIG_FID":1836,"category_1":"Anthropogenic"},"geometry":{"type":"Point","coordinates":[76.990842161092473,30.839291346533543]}},
{"type":"Feature","properties":{"Id":0,"area":0.0,"category":"Anthropogenic","ORIG_FID":1837,"category_1":"Anthropogenic"},"geometry":{"type":"Point","coordinates":[76.991286488265942,30.839181818685635]}},
{"type":"Feature","properties":{"Id":0,"area":0.0,"category":"Anthropogenic","ORIG_FID":1838,"category_1":"Anthropogenic"},"geometry":{"type":"Point","coordinates":[76.991643354217587,30.839039124724824]}},
{"type":"Feature","properties":{"Id":0,"area":0.0,"category":"Anthropogenic","ORIG_FID":1839,"category_1":"Anthropogenic"},"geometry":{"type":"Point","coordinates":[76.990853783922219,30.840204528922932]}},
{"type":"Feature","properties":{"Id":0,"area":0.0,"category":"Anthropogenic","ORIG_FID":1840,"category_1":"Anthropogenic"},"geometry":{"type":"Point","coordinates":[76.990183258182412,30.840453978014388]}},
{"type":"Feature","properties":{"Id":0,"area":0.0,"category":"Natural","ORIG_FID":1841,"category_1":"Natural"},"geometry":{"type":"Point","coordinates":[76.992441301013415,30.839013258147908]}},
{"type":"Feature","properties":{"Id":0,"area":0.0,"category":"Anthropogenic","ORIG_FID":1842,"category_1":"Anthropogenic"},"geometry":{"type":"Point","coordinates":[76.991003192036345,30.841182124627345]}},
{"type":"Feature","properties":{"Id":0,"area":0.0,"category":"Anthropogenic","ORIG_FID":1843,"category_1":"Anthropogenic"},"geometry":{"type":"Point","coordinates":[76.992737192827803,30.840341708760139]}},
{"type":"Feature","properties":{"Id":0,"area":0.0,"category":"Anthropogenic","ORIG_FID":1844,"category_1":"Anthropogenic"},"geometry":{"type":"Point","coordinates":[76.993473975150863,30.841290529361402]}},
{"type":"Feature","properties":{"Id":0,"area":0.0,"category":"Natural","ORIG_FID":1845,"category_1":"Natural"},"geometry":{"type":"Point","coordinates":[76.995085838009814,30.841383108816377]}},
{"type":"Feature","properties":{"Id":0,"area":0.0,"category":"Natural","ORIG_FID":1846,"category_1":"Natural"},"geometry":{"type":"Point","coordinates":[76.994206674056912,30.841867936328065]}},
{"type":"Feature","properties":{"Id":0,"area":0.0,"category":"Anthropogenic","ORIG_FID":1847,"category_1":"Anthropogenic"},"geometry":{"type":"Point","coordinates":[76.991257040869741,30.844169365970249]}},
{"type":"Feature","properties":{"Id":0,"area":0.0,"category":"Anthropogenic","ORIG_FID":1848,"category_1":"Anthropogenic"},"geometry":{"type":"Point","coordinates":[76.991691134304688,30.844161085796504]}},
{"type":"Feature","properties":{"Id":0,"area":0.0,"category":"Anthropogenic","ORIG_FID":1849,"category_1":"Anthropogenic"},"geometry":{"type":"Point","coordinates":[76.99428065233738,30.843744227960318]}},
{"type":"Feature","properties":{"Id":0,"area":0.0,"category":"Natural","ORIG_FID":1850,"category_1":"Natural"},"geometry":{"type":"Point","coordinates":[76.995364387540704,30.843618149174283]}},
{"type":"Feature","properties":{"Id":0,"area":0.0,"category":"Natural","ORIG_FID":1851,"category_1":"Natural"},"geometry":{"type":"Point","coordinates":[76.994654433152633,30.842541625407808]}},
{"type":"Feature","properties":{"Id":0,"area":0.0,"category":"Natural","ORIG_FID":1852,"category_1":"Natural"},"geometry":{"type":"Point","coordinates":[76.995972238677581,30.84374687690584]}},
{"type":"Feature","properties":{"Id":0,"area":0.0,"category":"Natural","ORIG_FID":1853,"category_1":"Natural"},"geometry":{"type":"Point","coordinates":[76.997862045875934,30.844253769710544]}},
{"type":"Feature","properties":{"Id":0,"area":0.0,"category":"Anthropogenic","ORIG_FID":1854,"category_1":"Anthropogenic"},"geometry":{"type":"Point","coordinates":[76.9957153800123,30.846276750286531]}},
{"type":"Feature","properties":{"Id":0,"area":0.0,"category":"Anthropogenic","ORIG_FID":1855,"category_1":"Anthropogenic"},"geometry":{"type":"Point","coordinates":[76.986285728987752,30.84788603646134]}},
{"type":"Feature","properties":{"Id":0,"area":0.0,"category":"Natural","ORIG_FID":1856,"category_1":"Natural"},"geometry":{"type":"Point","coordinates":[76.988195846257682,30.846143892480441]}},
{"type":"Feature","properties":{"Id":0,"area":0.0,"category":"Anthropogenic","ORIG_FID":1857,"category_1":"Anthropogenic"},"geometry":{"type":"Point","coordinates":[76.984876876427435,30.847127218624081]}},
{"type":"Feature","properties":{"Id":0,"area":0.0,"category":"Anthropogenic","ORIG_FID":1858,"category_1":"Anthropogenic"},"geometry":{"type":"Point","coordinates":[76.98464352633664,30.847731593586435]}},
{"type":"Feature","properties":{"Id":0,"area":0.0,"category":"Natural","ORIG_FID":1859,"category_1":"Natural"},"geometry":{"type":"Point","coordinates":[76.985985466364752,30.846274152068226]}},
{"type":"Feature","properties":{"Id":0,"area":0.0,"category":"Anthropogenic","ORIG_FID":1860,"category_1":"Anthropogenic"},"geometry":{"type":"Point","coordinates":[76.984219241679611,30.85267117702702]}},
{"type":"Feature","properties":{"Id":0,"area":0.0,"category":"Anthropogenic","ORIG_FID":1861,"category_1":"Anthropogenic"},"geometry":{"type":"Point","coordinates":[76.986246346521597,30.85182907660359]}},
{"type":"Feature","properties":{"Id":0,"area":0.0,"category":"Anthropogenic","ORIG_FID":1862,"category_1":"Anthropogenic"},"geometry":{"type":"Point","coordinates":[76.986183274458284,30.851508645829902]}},
{"type":"Feature","properties":{"Id":0,"area":0.0,"category":"Anthropogenic","ORIG_FID":1863,"category_1":"Anthropogenic"},"geometry":{"type":"Point","coordinates":[76.984184263764618,30.852339500601467]}},
{"type":"Feature","properties":{"Id":0,"area":0.0,"category":"Anthropogenic","ORIG_FID":1864,"category_1":"Anthropogenic"},"geometry":{"type":"Point","coordinates":[76.994089604597363,30.849649701670387]}},
{"type":"Feature","properties":{"Id":0,"area":0.0,"category":"Anthropogenic","ORIG_FID":1865,"category_1":"Anthropogenic"},"geometry":{"type":"Point","coordinates":[76.995652006041155,30.848794932780645]}},
{"type":"Feature","properties":{"Id":0,"area":0.0,"category":"Anthropogenic","ORIG_FID":1866,"category_1":"Anthropogenic"},"geometry":{"type":"Point","coordinates":[76.995318981883329,30.8493138273227]}},
{"type":"Feature","properties":{"Id":0,"area":0.0,"category":"Natural","ORIG_FID":1867,"category_1":"Natural"},"geometry":{"type":"Point","coordinates":[76.996575607070469,30.853111264114602]}},
{"type":"Feature","properties":{"Id":0,"area":0.0,"category":"Anthropogenic","ORIG_FID":1868,"category_1":"Anthropogenic"},"geometry":{"type":"Point","coordinates":[76.992774127715293,30.855714295329324]}},
{"type":"Feature","properties":{"Id":0,"area":0.0,"category":"Anthropogenic","ORIG_FID":1869,"category_1":"Anthropogenic"},"geometry":{"type":"Point","coordinates":[76.999682358765824,30.858387704982583]}},
{"type":"Feature","properties":{"Id":0,"area":0.0,"category":"Anthropogenic","ORIG_FID":1870,"category_1":"Anthropogenic"},"geometry":{"type":"Point","coordinates":[77.000129707515143,30.858292783997864]}},
{"type":"Feature","properties":{"Id":0,"area":0.0,"category":"Anthropogenic","ORIG_FID":1871,"category_1":"Anthropogenic"},"geometry":{"type":"Point","coordinates":[76.998709056107145,30.857967948106985]}},
{"type":"Feature","properties":{"Id":0,"area":0.0,"category":"Anthropogenic","ORIG_FID":1872,"category_1":"Anthropogenic"},"geometry":{"type":"Point","coordinates":[76.998604585091101,30.858163835171819]}},
{"type":"Feature","properties":{"Id":0,"area":0.0,"category":"Anthropogenic","ORIG_FID":1873,"category_1":"Anthropogenic"},"geometry":{"type":"Point","coordinates":[76.998941446138375,30.858171020520693]}},
{"type":"Feature","properties":{"Id":0,"area":0.0,"category":"Anthropogenic","ORIG_FID":1874,"category_1":"Anthropogenic"},"geometry":{"type":"Point","coordinates":[76.99863817072692,30.858434252451445]}},
{"type":"Feature","properties":{"Id":0,"area":0.0,"category":"Anthropogenic","ORIG_FID":1875,"category_1":"Anthropogenic"},"geometry":{"type":"Point","coordinates":[76.998895577557619,30.859043930829412]}},
{"type":"Feature","properties":{"Id":0,"area":0.0,"category":"Anthropogenic","ORIG_FID":1876,"category_1":"Anthropogenic"},"geometry":{"type":"Point","coordinates":[76.999095675352223,30.859073133640202]}},
{"type":"Feature","properties":{"Id":0,"area":0.0,"category":"Anthropogenic","ORIG_FID":1877,"category_1":"Anthropogenic"},"geometry":{"type":"Point","coordinates":[76.99859767106129,30.857590006057851]}},
{"type":"Feature","properties":{"Id":0,"area":0.0,"category":"Natural","ORIG_FID":1878,"category_1":"Natural"},"geometry":{"type":"Point","coordinates":[77.003042261527,30.846580269676867]}},
{"type":"Feature","properties":{"Id":0,"area":0.0,"category":"Natural","ORIG_FID":1879,"category_1":"Natural"},"geometry":{"type":"Point","coordinates":[77.001675359696193,30.847585804090183]}},
{"type":"Feature","properties":{"Id":0,"area":0.0,"category":"Natural","ORIG_FID":1880,"category_1":"Natural"},"geometry":{"type":"Point","coordinates":[77.004279235463244,30.848856012736565]}},
{"type":"Feature","properties":{"Id":0,"area":0.0,"category":"Natural","ORIG_FID":1881,"category_1":"Natural"},"geometry":{"type":"Point","coordinates":[77.004182504335049,30.849094569341688]}},
{"type":"Feature","properties":{"Id":0,"area":0.0,"category":"Natural","ORIG_FID":1882,"category_1":"Natural"},"geometry":{"type":"Point","coordinates":[77.002136081692612,30.850540193175473]}},
{"type":"Feature","properties":{"Id":0,"area":0.0,"category":"Anthropogenic","ORIG_FID":1883,"category_1":"Anthropogenic"},"geometry":{"type":"Point","coordinates":[77.001134322840201,30.855594043707072]}},
{"type":"Feature","properties":{"Id":0,"area":0.0,"category":"Anthropogenic","ORIG_FID":1884,"category_1":"Anthropogenic"},"geometry":{"type":"Point","coordinates":[77.002694982070622,30.855684739919166]}},
{"type":"Feature","properties":{"Id":0,"area":0.0,"category":"Anthropogenic","ORIG_FID":1885,"category_1":"Anthropogenic"},"geometry":{"type":"Point","coordinates":[77.002078901399727,30.85629362321934]}},
{"type":"Feature","properties":{"Id":0,"area":0.0,"category":"Anthropogenic","ORIG_FID":1886,"category_1":"Anthropogenic"},"geometry":{"type":"Point","coordinates":[77.002770953432886,30.856313592014139]}},
{"type":"Feature","properties":{"Id":0,"area":0.0,"category":"Anthropogenic","ORIG_FID":1887,"category_1":"Anthropogenic"},"geometry":{"type":"Point","coordinates":[77.002803906914806,30.856070734101703]}},
{"type":"Feature","properties":{"Id":0,"area":0.0,"category":"Natural","ORIG_FID":1888,"category_1":"Natural"},"geometry":{"type":"Point","coordinates":[77.003858240660506,30.856003343699122]}},
{"type":"Feature","properties":{"Id":0,"area":0.0,"category":"Natural","ORIG_FID":1889,"category_1":"Natural"},"geometry":{"type":"Point","coordinates":[77.003333463869851,30.855753515105789]}},
{"type":"Feature","properties":{"Id":0,"area":0.0,"category":"Natural","ORIG_FID":1890,"category_1":"Natural"},"geometry":{"type":"Point","coordinates":[77.003947736102518,30.856622394020093]}},
{"type":"Feature","properties":{"Id":0,"area":0.0,"category":"Natural","ORIG_FID":1891,"category_1":"Natural"},"geometry":{"type":"Point","coordinates":[77.004695382191983,30.856512380101265]}},
{"type":"Feature","properties":{"Id":0,"area":0.0,"category":"Natural","ORIG_FID":1892,"category_1":"Natural"},"geometry":{"type":"Point","coordinates":[77.004220621894547,30.855104780210159]}},
{"type":"Feature","properties":{"Id":0,"area":0.0,"category":"Anthropogenic","ORIG_FID":1893,"category_1":"Anthropogenic"},"geometry":{"type":"Point","coordinates":[77.004767242247325,30.853934744156177]}},
{"type":"Feature","properties":{"Id":0,"area":0.0,"category":"Natural","ORIG_FID":1894,"category_1":"Natural"},"geometry":{"type":"Point","coordinates":[77.004477505286062,30.854533340264965]}},
{"type":"Feature","properties":{"Id":0,"area":0.0,"category":"Natural","ORIG_FID":1895,"category_1":"Natural"},"geometry":{"type":"Point","coordinates":[77.008006138192329,30.853797242205751]}},
{"type":"Feature","properties":{"Id":0,"area":0.0,"category":"Anthropogenic","ORIG_FID":1896,"category_1":"Anthropogenic"},"geometry":{"type":"Point","coordinates":[77.002598552094625,30.852104052308395]}},
{"type":"Feature","properties":{"Id":0,"area":0.0,"category":"Anthropogenic","ORIG_FID":1897,"category_1":"Anthropogenic"},"geometry":{"type":"Point","coordinates":[76.990591332690457,30.862140893855813]}},
{"type":"Feature","properties":{"Id":0,"area":0.0,"category":"Natural","ORIG_FID":1898,"category_1":"Natural"},"geometry":{"type":"Point","coordinates":[76.993700866220436,30.863189146806697]}},
{"type":"Feature","properties":{"Id":0,"area":0.0,"category":"Anthropogenic","ORIG_FID":1899,"category_1":"Anthropogenic"},"geometry":{"type":"Point","coordinates":[77.001311130436946,30.861216988954471]}},
{"type":"Feature","properties":{"Id":0,"area":0.0,"category":"Anthropogenic","ORIG_FID":1900,"category_1":"Anthropogenic"},"geometry":{"type":"Point","coordinates":[76.998011603433099,30.862400674590472]}},
{"type":"Feature","properties":{"Id":0,"area":0.0,"category":"Anthropogenic","ORIG_FID":1901,"category_1":"Anthropogenic"},"geometry":{"type":"Point","coordinates":[76.997898797893072,30.86308446435736]}},
{"type":"Feature","properties":{"Id":0,"area":0.0,"category":"Anthropogenic","ORIG_FID":1902,"category_1":"Anthropogenic"},"geometry":{"type":"Point","coordinates":[77.000905400124864,30.859367277054773]}},
{"type":"Feature","properties":{"Id":0,"area":0.0,"category":"Natural","ORIG_FID":1903,"category_1":"Natural"},"geometry":{"type":"Point","coordinates":[77.009140902530234,30.861076326770881]}},
{"type":"Feature","properties":{"Id":0,"area":0.0,"category":"Natural","ORIG_FID":1904,"category_1":"Natural"},"geometry":{"type":"Point","coordinates":[77.009150981836626,30.861463350278498]}},
{"type":"Feature","properties":{"Id":0,"area":0.0,"category":"Natural","ORIG_FID":1905,"category_1":"Natural"},"geometry":{"type":"Point","coordinates":[77.009105401179767,30.86179536229734]}},
{"type":"Feature","properties":{"Id":0,"area":0.0,"category":"Natural","ORIG_FID":1906,"category_1":"Natural"},"geometry":{"type":"Point","coordinates":[77.009564777639284,30.862236610388532]}},
{"type":"Feature","properties":{"Id":0,"area":0.0,"category":"Natural","ORIG_FID":1907,"category_1":"Natural"},"geometry":{"type":"Point","coordinates":[77.009743683870425,30.862456362834116]}},
{"type":"Feature","properties":{"Id":0,"area":0.0,"category":"Anthropogenic","ORIG_FID":1908,"category_1":"Anthropogenic"},"geometry":{"type":"Point","coordinates":[77.009896587108102,30.859460709588795]}},
{"type":"Feature","properties":{"Id":0,"area":0.0,"category":"Natural","ORIG_FID":1909,"category_1":"Natural"},"geometry":{"type":"Point","coordinates":[77.00795868104592,30.858235187423542]}},
{"type":"Feature","properties":{"Id":0,"area":0.0,"category":"Anthropogenic","ORIG_FID":1910,"category_1":"Anthropogenic"},"geometry":{"type":"Point","coordinates":[77.002007216551362,30.84039909889189]}},
{"type":"Feature","properties":{"Id":0,"area":0.0,"category":"Anthropogenic","ORIG_FID":1911,"category_1":"Anthropogenic"},"geometry":{"type":"Point","coordinates":[77.001316938580871,30.841403556824812]}},
{"type":"Feature","properties":{"Id":0,"area":0.0,"category":"Natural","ORIG_FID":1912,"category_1":"Natural"},"geometry":{"type":"Point","coordinates":[76.986985517348259,30.849771876418565]}},
{"type":"Feature","properties":{"Id":0,"area":0.0,"category":"Natural","ORIG_FID":1913,"category_1":"Natural"},"geometry":{"type":"Point","coordinates":[76.998114683816524,30.848965731305263]}},
{"type":"Feature","properties":{"Id":0,"area":0.0,"category":"Anthropogenic","ORIG_FID":1914,"category_1":"Anthropogenic"},"geometry":{"type":"Point","coordinates":[76.998899259287782,30.851315680132203]}},
{"type":"Feature","properties":{"Id":0,"area":0.0,"category":"Anthropogenic","ORIG_FID":1915,"category_1":"Anthropogenic"},"geometry":{"type":"Point","coordinates":[76.998408741841544,30.85098845819692]}},
{"type":"Feature","properties":{"Id":0,"area":0.0,"category":"Natural","ORIG_FID":1916,"category_1":"Natural"},"geometry":{"type":"Point","coordinates":[77.007722223802219,30.8387439108816]}},
{"type":"Feature","properties":{"Id":0,"area":0.0,"category":"Natural","ORIG_FID":1917,"category_1":"Natural"},"geometry":{"type":"Point","coordinates":[77.007572883412834,30.838160349388783]}},
{"type":"Feature","properties":{"Id":0,"area":0.0,"category":"Natural","ORIG_FID":1918,"category_1":"Natural"},"geometry":{"type":"Point","coordinates":[77.008931620025891,30.838196026272357]}},
{"type":"Feature","properties":{"Id":0,"area":0.0,"category":"Natural","ORIG_FID":1919,"category_1":"Natural"},"geometry":{"type":"Point","coordinates":[77.008967653816683,30.83858081012059]}},
{"type":"Feature","properties":{"Id":0,"area":0.0,"category":"Natural","ORIG_FID":1920,"category_1":"Natural"},"geometry":{"type":"Point","coordinates":[77.008735877255489,30.839468130762118]}},
{"type":"Feature","properties":{"Id":0,"area":0.0,"category":"Natural","ORIG_FID":1921,"category_1":"Natural"},"geometry":{"type":"Point","coordinates":[77.009029214335172,30.839425668204406]}},
{"type":"Feature","properties":{"Id":0,"area":0.0,"category":"Anthropogenic","ORIG_FID":1922,"category_1":"Anthropogenic"},"geometry":{"type":"Point","coordinates":[77.010922020050245,30.840318471573095]}},
{"type":"Feature","properties":{"Id":0,"area":0.0,"category":"Natural","ORIG_FID":1923,"category_1":"Natural"},"geometry":{"type":"Point","coordinates":[77.012967027884827,30.837691511689329]}},
{"type":"Feature","properties":{"Id":0,"area":0.0,"category":"Natural","ORIG_FID":1924,"category_1":"Natural"},"geometry":{"type":"Point","coordinates":[77.016971073243013,30.83807110710331]}},
{"type":"Feature","properties":{"Id":0,"area":0.0,"category":"Anthropogenic","ORIG_FID":1925,"category_1":"Anthropogenic"},"geometry":{"type":"Point","coordinates":[77.013432689255694,30.836404868205104]}},
{"type":"Feature","properties":{"Id":0,"area":0.0,"category":"Natural","ORIG_FID":1926,"category_1":"Natural"},"geometry":{"type":"Point","coordinates":[77.009886623059543,30.836074530702611]}},
{"type":"Feature","properties":{"Id":0,"area":0.0,"category":"Natural","ORIG_FID":1927,"category_1":"Natural"},"geometry":{"type":"Point","coordinates":[77.018892601908576,30.833384538127206]}},
{"type":"Feature","properties":{"Id":0,"area":0.0,"category":"Natural","ORIG_FID":1928,"category_1":"Natural"},"geometry":{"type":"Point","coordinates":[77.01994043518124,30.834010176033072]}},
{"type":"Feature","properties":{"Id":0,"area":0.0,"category":"Natural","ORIG_FID":1929,"category_1":"Natural"},"geometry":{"type":"Point","coordinates":[77.019233810561104,30.834326940428969]}},
{"type":"Feature","properties":{"Id":0,"area":0.0,"category":"Natural","ORIG_FID":1930,"category_1":"Natural"},"geometry":{"type":"Point","coordinates":[77.019232300008596,30.834697234429882]}},
{"type":"Feature","properties":{"Id":0,"area":0.0,"category":"Natural","ORIG_FID":1931,"category_1":"Natural"},"geometry":{"type":"Point","coordinates":[77.019932073048238,30.835036312033022]}},
{"type":"Feature","properties":{"Id":0,"area":0.0,"category":"Natural","ORIG_FID":1932,"category_1":"Natural"},"geometry":{"type":"Point","coordinates":[77.017011611329693,30.838740850083656]}},
{"type":"Feature","properties":{"Id":0,"area":0.0,"category":"Natural","ORIG_FID":1933,"category_1":"Natural"},"geometry":{"type":"Point","coordinates":[77.015815431904358,30.838858230184393]}},
{"type":"Feature","properties":{"Id":0,"area":0.0,"category":"Natural","ORIG_FID":1934,"category_1":"Natural"},"geometry":{"type":"Point","coordinates":[77.009444653773258,30.852831051160312]}},
{"type":"Feature","properties":{"Id":0,"area":0.0,"category":"Natural","ORIG_FID":1935,"category_1":"Natural"},"geometry":{"type":"Point","coordinates":[77.011717677989296,30.851863434689246]}},
{"type":"Feature","properties":{"Id":0,"area":0.0,"category":"Anthropogenic","ORIG_FID":1936,"category_1":"Anthropogenic"},"geometry":{"type":"Point","coordinates":[77.012077575198688,30.852261401889578]}},
{"type":"Feature","properties":{"Id":0,"area":0.0,"category":"Anthropogenic","ORIG_FID":1937,"category_1":"Anthropogenic"},"geometry":{"type":"Point","coordinates":[77.014364067226168,30.851884305919924]}},
{"type":"Feature","properties":{"Id":0,"area":0.0,"category":"Natural","ORIG_FID":1938,"category_1":"Natural"},"geometry":{"type":"Point","coordinates":[77.012503910615834,30.851322231602033]}},
{"type":"Feature","properties":{"Id":0,"area":0.0,"category":"Natural","ORIG_FID":1939,"category_1":"Natural"},"geometry":{"type":"Point","coordinates":[77.01328301109757,30.851000097200625]}},
{"type":"Feature","properties":{"Id":0,"area":0.0,"category":"Natural","ORIG_FID":1940,"category_1":"Natural"},"geometry":{"type":"Point","coordinates":[77.015127540296916,30.850491990951856]}},
{"type":"Feature","properties":{"Id":0,"area":0.0,"category":"Anthropogenic","ORIG_FID":1941,"category_1":"Anthropogenic"},"geometry":{"type":"Point","coordinates":[77.017306179818988,30.85207097195341]}},
{"type":"Feature","properties":{"Id":0,"area":0.0,"category":"Natural","ORIG_FID":1942,"category_1":"Natural"},"geometry":{"type":"Point","coordinates":[77.016881345398758,30.852848953560112]}},
{"type":"Feature","properties":{"Id":0,"area":0.0,"category":"Natural","ORIG_FID":1943,"category_1":"Natural"},"geometry":{"type":"Point","coordinates":[77.016335463023879,30.853035405490498]}},
{"type":"Feature","properties":{"Id":0,"area":0.0,"category":"Natural","ORIG_FID":1944,"category_1":"Natural"},"geometry":{"type":"Point","coordinates":[77.016820784430976,30.853226033605782]}},
{"type":"Feature","properties":{"Id":0,"area":0.0,"category":"Anthropogenic","ORIG_FID":1945,"category_1":"Anthropogenic"},"geometry":{"type":"Point","coordinates":[77.015978573511987,30.851763717671499]}},
{"type":"Feature","properties":{"Id":0,"area":0.0,"category":"Anthropogenic","ORIG_FID":1946,"category_1":"Anthropogenic"},"geometry":{"type":"Point","coordinates":[77.016650581433808,30.851691314332822]}},
{"type":"Feature","properties":{"Id":0,"area":0.0,"category":"Anthropogenic","ORIG_FID":1947,"category_1":"Anthropogenic"},"geometry":{"type":"Point","coordinates":[77.016955768840035,30.851802849260455]}},
{"type":"Feature","properties":{"Id":0,"area":0.0,"category":"Natural","ORIG_FID":1948,"category_1":"Natural"},"geometry":{"type":"Point","coordinates":[77.019331783927669,30.8534876362746]}},
{"type":"Feature","properties":{"Id":0,"area":0.0,"category":"Natural","ORIG_FID":1949,"category_1":"Natural"},"geometry":{"type":"Point","coordinates":[77.018776066275535,30.854834710581564]}},
{"type":"Feature","properties":{"Id":0,"area":0.0,"category":"Natural","ORIG_FID":1950,"category_1":"Natural"},"geometry":{"type":"Point","coordinates":[77.015865794191953,30.854162846287004]}},
{"type":"Feature","properties":{"Id":0,"area":0.0,"category":"Natural","ORIG_FID":1951,"category_1":"Natural"},"geometry":{"type":"Point","coordinates":[77.016276233930057,30.853904297135013]}},
{"type":"Feature","properties":{"Id":0,"area":0.0,"category":"Natural","ORIG_FID":1952,"category_1":"Natural"},"geometry":{"type":"Point","coordinates":[77.015667909914129,30.853597220534759]}},
{"type":"Feature","properties":{"Id":0,"area":0.0,"category":"Natural","ORIG_FID":1953,"category_1":"Natural"},"geometry":{"type":"Point","coordinates":[77.017668381300155,30.853171060136052]}},
{"type":"Feature","properties":{"Id":0,"area":0.0,"category":"Natural","ORIG_FID":1954,"category_1":"Natural"},"geometry":{"type":"Point","coordinates":[77.021211338205049,30.855556150036591]}},
{"type":"Feature","properties":{"Id":0,"area":0.0,"category":"Natural","ORIG_FID":1955,"category_1":"Natural"},"geometry":{"type":"Point","coordinates":[77.02465666654841,30.856645795543987]}},
{"type":"Feature","properties":{"Id":0,"area":0.0,"category":"Natural","ORIG_FID":1956,"category_1":"Natural"},"geometry":{"type":"Point","coordinates":[77.021068209802422,30.852079732517815]}},
{"type":"Feature","properties":{"Id":0,"area":0.0,"category":"Natural","ORIG_FID":1957,"category_1":"Natural"},"geometry":{"type":"Point","coordinates":[77.021950960535904,30.852012538593165]}},
{"type":"Feature","properties":{"Id":0,"area":0.0,"category":"Anthropogenic","ORIG_FID":1958,"category_1":"Anthropogenic"},"geometry":{"type":"Point","coordinates":[77.017081521935864,30.850604505914585]}},
{"type":"Feature","properties":{"Id":0,"area":0.0,"category":"Anthropogenic","ORIG_FID":1959,"category_1":"Anthropogenic"},"geometry":{"type":"Point","coordinates":[77.015719859966438,30.851410149798184]}},
{"type":"Feature","properties":{"Id":0,"area":0.0,"category":"Anthropogenic","ORIG_FID":1960,"category_1":"Anthropogenic"},"geometry":{"type":"Point","coordinates":[77.017617594299381,30.850259185908619]}},
{"type":"Feature","properties":{"Id":0,"area":0.0,"category":"Anthropogenic","ORIG_FID":1961,"category_1":"Anthropogenic"},"geometry":{"type":"Point","coordinates":[77.017726561065132,30.850742643219682]}},
{"type":"Feature","properties":{"Id":0,"area":0.0,"category":"Natural","ORIG_FID":1962,"category_1":"Natural"},"geometry":{"type":"Point","coordinates":[77.018842814033732,30.849013769209705]}},
{"type":"Feature","properties":{"Id":0,"area":0.0,"category":"Anthropogenic","ORIG_FID":1963,"category_1":"Anthropogenic"},"geometry":{"type":"Point","coordinates":[77.014961268130449,30.85652239754809]}},
{"type":"Feature","properties":{"Id":0,"area":0.0,"category":"Anthropogenic","ORIG_FID":1964,"category_1":"Anthropogenic"},"geometry":{"type":"Point","coordinates":[77.016787706531559,30.859808761779583]}},
{"type":"Feature","properties":{"Id":0,"area":0.0,"category":"Natural","ORIG_FID":1965,"category_1":"Natural"},"geometry":{"type":"Point","coordinates":[77.022966973026186,30.854943010490739]}},
{"type":"Feature","properties":{"Id":0,"area":0.0,"category":"Natural","ORIG_FID":1966,"category_1":"Natural"},"geometry":{"type":"Point","coordinates":[77.023621449086107,30.855849336057897]}},
{"type":"Feature","properties":{"Id":0,"area":0.0,"category":"Natural","ORIG_FID":1967,"category_1":"Natural"},"geometry":{"type":"Point","coordinates":[77.029389829870325,30.857319527000765]}},
{"type":"Feature","properties":{"Id":0,"area":0.0,"category":"Natural","ORIG_FID":1968,"category_1":"Natural"},"geometry":{"type":"Point","coordinates":[77.030186782156946,30.856889531378613]}},
{"type":"Feature","properties":{"Id":0,"area":0.0,"category":"Natural","ORIG_FID":1969,"category_1":"Natural"},"geometry":{"type":"Point","coordinates":[77.031902579917073,30.856164639476166]}},
{"type":"Feature","properties":{"Id":0,"area":0.0,"category":"Anthropogenic","ORIG_FID":1970,"category_1":"Anthropogenic"},"geometry":{"type":"Point","coordinates":[77.029913843407584,30.857859234079609]}},
{"type":"Feature","properties":{"Id":0,"area":0.0,"category":"Natural","ORIG_FID":1971,"category_1":"Natural"},"geometry":{"type":"Point","coordinates":[77.029857505368582,30.856671335504316]}},
{"type":"Feature","properties":{"Id":0,"area":0.0,"category":"Natural","ORIG_FID":1972,"category_1":"Natural"},"geometry":{"type":"Point","coordinates":[77.029789096513539,30.856205531365458]}},
{"type":"Feature","properties":{"Id":0,"area":0.0,"category":"Natural","ORIG_FID":1973,"category_1":"Natural"},"geometry":{"type":"Point","coordinates":[77.000251106935693,30.851778195866771]}},
{"type":"Feature","properties":{"Id":0,"area":0.0,"category":"Anthropogenic","ORIG_FID":1974,"category_1":"Anthropogenic"},"geometry":{"type":"Point","coordinates":[77.026544055058579,30.845041076462977]}},
{"type":"Feature","properties":{"Id":0,"area":0.0,"category":"Anthropogenic","ORIG_FID":1975,"category_1":"Anthropogenic"},"geometry":{"type":"Point","coordinates":[77.021271639265976,30.84642245466906]}},
{"type":"Feature","properties":{"Id":0,"area":0.0,"category":"Anthropogenic","ORIG_FID":1976,"category_1":"Anthropogenic"},"geometry":{"type":"Point","coordinates":[77.021679468556684,30.846724265228829]}},
{"type":"Feature","properties":{"Id":0,"area":0.0,"category":"Anthropogenic","ORIG_FID":1977,"category_1":"Anthropogenic"},"geometry":{"type":"Point","coordinates":[77.021824122307535,30.846606706854185]}},
{"type":"Feature","properties":{"Id":0,"area":0.0,"category":"Anthropogenic","ORIG_FID":1978,"category_1":"Anthropogenic"},"geometry":{"type":"Point","coordinates":[77.01293760113262,30.830591106020361]}},
{"type":"Feature","properties":{"Id":0,"area":0.0,"category":"Anthropogenic","ORIG_FID":1979,"category_1":"Anthropogenic"},"geometry":{"type":"Point","coordinates":[77.013229596519238,30.830777562091512]}},
{"type":"Feature","properties":{"Id":0,"area":0.0,"category":"Anthropogenic","ORIG_FID":1980,"category_1":"Anthropogenic"},"geometry":{"type":"Point","coordinates":[77.013134608155795,30.830256021314213]}},
{"type":"Feature","properties":{"Id":0,"area":0.0,"category":"Anthropogenic","ORIG_FID":1981,"category_1":"Anthropogenic"},"geometry":{"type":"Point","coordinates":[77.022937505899748,30.835946472474447]}},
{"type":"Feature","properties":{"Id":0,"area":0.0,"category":"Natural","ORIG_FID":1982,"category_1":"Natural"},"geometry":{"type":"Point","coordinates":[77.022788487282298,30.835579010072259]}},
{"type":"Feature","properties":{"Id":0,"area":0.0,"category":"Natural","ORIG_FID":1983,"category_1":"Natural"},"geometry":{"type":"Point","coordinates":[77.026337792087276,30.830964108682689]}},
{"type":"Feature","properties":{"Id":0,"area":0.0,"category":"Natural","ORIG_FID":1984,"category_1":"Natural"},"geometry":{"type":"Point","coordinates":[77.025916338409658,30.83079292926827]}},
{"type":"Feature","properties":{"Id":0,"area":0.0,"category":"Natural","ORIG_FID":1985,"category_1":"Natural"},"geometry":{"type":"Point","coordinates":[77.032555350815898,30.828336832443888]}},
{"type":"Feature","properties":{"Id":0,"area":0.0,"category":"Natural","ORIG_FID":1986,"category_1":"Natural"},"geometry":{"type":"Point","coordinates":[77.030685173267457,30.83018024371421]}},
{"type":"Feature","properties":{"Id":0,"area":0.0,"category":"Natural","ORIG_FID":1987,"category_1":"Natural"},"geometry":{"type":"Point","coordinates":[77.029424388531197,30.829320932318002]}},
{"type":"Feature","properties":{"Id":0,"area":0.0,"category":"Natural","ORIG_FID":1988,"category_1":"Natural"},"geometry":{"type":"Point","coordinates":[77.030941791670131,30.830982934463133]}},
{"type":"Feature","properties":{"Id":0,"area":0.0,"category":"Natural","ORIG_FID":1989,"category_1":"Natural"},"geometry":{"type":"Point","coordinates":[77.032418388592504,30.831010431797672]}},
{"type":"Feature","properties":{"Id":0,"area":0.0,"category":"Anthropogenic","ORIG_FID":1990,"category_1":"Anthropogenic"},"geometry":{"type":"Point","coordinates":[77.032336658497996,30.831891151494851]}},
{"type":"Feature","properties":{"Id":0,"area":0.0,"category":"Anthropogenic","ORIG_FID":1991,"category_1":"Anthropogenic"},"geometry":{"type":"Point","coordinates":[77.032537271888799,30.832436045935644]}},
{"type":"Feature","properties":{"Id":0,"area":0.0,"category":"Anthropogenic","ORIG_FID":1992,"category_1":"Anthropogenic"},"geometry":{"type":"Point","coordinates":[77.036085839919608,30.829259144278026]}},
{"type":"Feature","properties":{"Id":0,"area":0.0,"category":"Natural","ORIG_FID":1993,"category_1":"Natural"},"geometry":{"type":"Point","coordinates":[77.035858760002981,30.830097238539665]}},
{"type":"Feature","properties":{"Id":0,"area":0.0,"category":"Natural","ORIG_FID":1994,"category_1":"Natural"},"geometry":{"type":"Point","coordinates":[77.034475699445267,30.83420959582126]}},
{"type":"Feature","properties":{"Id":0,"area":0.0,"category":"Natural","ORIG_FID":1995,"category_1":"Natural"},"geometry":{"type":"Point","coordinates":[77.034788658422727,30.834172861952659]}},
{"type":"Feature","properties":{"Id":0,"area":0.0,"category":"Natural","ORIG_FID":1996,"category_1":"Natural"},"geometry":{"type":"Point","coordinates":[77.033742394512387,30.832598620433188]}},
{"type":"Feature","properties":{"Id":0,"area":0.0,"category":"Natural","ORIG_FID":1997,"category_1":"Natural"},"geometry":{"type":"Point","coordinates":[77.034575167033509,30.832348363533541]}},
{"type":"Feature","properties":{"Id":0,"area":0.0,"category":"Natural","ORIG_FID":1998,"category_1":"Natural"},"geometry":{"type":"Point","coordinates":[77.03536749355662,30.83230715566846]}},
{"type":"Feature","properties":{"Id":0,"area":0.0,"category":"Anthropogenic","ORIG_FID":1999,"category_1":"Anthropogenic"},"geometry":{"type":"Point","coordinates":[77.036269020223813,30.831666839416116]}},
{"type":"Feature","properties":{"Id":0,"area":0.0,"category":"Anthropogenic","ORIG_FID":2000,"category_1":"Anthropogenic"},"geometry":{"type":"Point","coordinates":[77.035971150269475,30.832348442555254]}},
{"type":"Feature","properties":{"Id":0,"area":0.0,"category":"Natural","ORIG_FID":2001,"category_1":"Natural"},"geometry":{"type":"Point","coordinates":[77.03789672614522,30.837556846665446]}},
{"type":"Feature","properties":{"Id":0,"area":0.0,"category":"Natural","ORIG_FID":2002,"category_1":"Natural"},"geometry":{"type":"Point","coordinates":[77.036523300811623,30.836481573629463]}},
{"type":"Feature","properties":{"Id":0,"area":0.0,"category":"Natural","ORIG_FID":2003,"category_1":"Natural"},"geometry":{"type":"Point","coordinates":[77.037567831929678,30.836379663652533]}},
{"type":"Feature","properties":{"Id":0,"area":0.0,"category":"Natural","ORIG_FID":2004,"category_1":"Natural"},"geometry":{"type":"Point","coordinates":[77.037915316016637,30.836328545350309]}},
{"type":"Feature","properties":{"Id":0,"area":0.0,"category":"Natural","ORIG_FID":2005,"category_1":"Natural"},"geometry":{"type":"Point","coordinates":[77.036947399429096,30.83807259769873]}},
{"type":"Feature","properties":{"Id":0,"area":0.0,"category":"Natural","ORIG_FID":2006,"category_1":"Natural"},"geometry":{"type":"Point","coordinates":[77.035165579315048,30.843794735775163]}},
{"type":"Feature","properties":{"Id":0,"area":0.0,"category":"Natural","ORIG_FID":2007,"category_1":"Natural"},"geometry":{"type":"Point","coordinates":[77.034729719823034,30.843957729288867]}},
{"type":"Feature","properties":{"Id":0,"area":0.0,"category":"Natural","ORIG_FID":2008,"category_1":"Natural"},"geometry":{"type":"Point","coordinates":[77.031809128750893,30.842393581470628]}},
{"type":"Feature","properties":{"Id":0,"area":0.0,"category":"Natural","ORIG_FID":2009,"category_1":"Natural"},"geometry":{"type":"Point","coordinates":[77.032159940708112,30.84234786282012]}},
{"type":"Feature","properties":{"Id":0,"area":0.0,"category":"Natural","ORIG_FID":2010,"category_1":"Natural"},"geometry":{"type":"Point","coordinates":[77.032601491810539,30.843140511282314]}},
{"type":"Feature","properties":{"Id":0,"area":0.0,"category":"Anthropogenic","ORIG_FID":2011,"category_1":"Anthropogenic"},"geometry":{"type":"Point","coordinates":[77.034378591152873,30.835706526526899]}},
{"type":"Feature","properties":{"Id":0,"area":0.0,"category":"Anthropogenic","ORIG_FID":2012,"category_1":"Anthropogenic"},"geometry":{"type":"Point","coordinates":[77.042785322962743,30.83691578366912]}},
{"type":"Feature","properties":{"Id":0,"area":0.0,"category":"Anthropogenic","ORIG_FID":2013,"category_1":"Anthropogenic"},"geometry":{"type":"Point","coordinates":[77.040990294982777,30.837026633776784]}},
{"type":"Feature","properties":{"Id":0,"area":0.0,"category":"Anthropogenic","ORIG_FID":2014,"category_1":"Anthropogenic"},"geometry":{"type":"Point","coordinates":[77.041431508373975,30.836383125996537]}},
{"type":"Feature","properties":{"Id":0,"area":0.0,"category":"Anthropogenic","ORIG_FID":2015,"category_1":"Anthropogenic"},"geometry":{"type":"Point","coordinates":[77.042438824330119,30.837439789358072]}},
{"type":"Feature","properties":{"Id":0,"area":0.0,"category":"Anthropogenic","ORIG_FID":2016,"category_1":"Anthropogenic"},"geometry":{"type":"Point","coordinates":[77.041381924691947,30.837333647318541]}},
{"type":"Feature","properties":{"Id":0,"area":0.0,"category":"Natural","ORIG_FID":2017,"category_1":"Natural"},"geometry":{"type":"Point","coordinates":[77.040399268184132,30.838069349643455]}},
{"type":"Feature","properties":{"Id":0,"area":0.0,"category":"Anthropogenic","ORIG_FID":2018,"category_1":"Anthropogenic"},"geometry":{"type":"Point","coordinates":[77.043709181518352,30.836553612725609]}},
{"type":"Feature","properties":{"Id":0,"area":0.0,"category":"Anthropogenic","ORIG_FID":2019,"category_1":"Anthropogenic"},"geometry":{"type":"Point","coordinates":[77.043276080985251,30.836750918383679]}},
{"type":"Feature","properties":{"Id":0,"area":0.0,"category":"Natural","ORIG_FID":2020,"category_1":"Natural"},"geometry":{"type":"Point","coordinates":[77.039868768999256,30.830067950628543]}},
{"type":"Feature","properties":{"Id":0,"area":0.0,"category":"Anthropogenic","ORIG_FID":2021,"category_1":"Anthropogenic"},"geometry":{"type":"Point","coordinates":[77.038932719913717,30.833183088797913]}},
{"type":"Feature","properties":{"Id":0,"area":0.0,"category":"Anthropogenic","ORIG_FID":2022,"category_1":"Anthropogenic"},"geometry":{"type":"Point","coordinates":[77.03935800248378,30.833146134869633]}},
{"type":"Feature","properties":{"Id":0,"area":0.0,"category":"Anthropogenic","ORIG_FID":2023,"category_1":"Anthropogenic"},"geometry":{"type":"Point","coordinates":[77.039197071487905,30.834628016519797]}},
{"type":"Feature","properties":{"Id":0,"area":0.0,"category":"Anthropogenic","ORIG_FID":2024,"category_1":"Anthropogenic"},"geometry":{"type":"Point","coordinates":[77.041058812695624,30.834220925150216]}},
{"type":"Feature","properties":{"Id":0,"area":0.0,"category":"Natural","ORIG_FID":2025,"category_1":"Natural"},"geometry":{"type":"Point","coordinates":[77.042337844792115,30.835306328024547]}},
{"type":"Feature","properties":{"Id":0,"area":0.0,"category":"Anthropogenic","ORIG_FID":2026,"category_1":"Anthropogenic"},"geometry":{"type":"Point","coordinates":[77.042525172516918,30.831880128549617]}},
{"type":"Feature","properties":{"Id":0,"area":0.0,"category":"Natural","ORIG_FID":2027,"category_1":"Natural"},"geometry":{"type":"Point","coordinates":[77.034258280005375,30.833454421803733]}},
{"type":"Feature","properties":{"Id":0,"area":0.0,"category":"Anthropogenic","ORIG_FID":2028,"category_1":"Anthropogenic"},"geometry":{"type":"Point","coordinates":[77.046265763152391,30.83828769521249]}},
{"type":"Feature","properties":{"Id":0,"area":0.0,"category":"Natural","ORIG_FID":2029,"category_1":"Natural"},"geometry":{"type":"Point","coordinates":[77.041072458439743,30.840187379771407]}},
{"type":"Feature","properties":{"Id":0,"area":0.0,"category":"Natural","ORIG_FID":2030,"category_1":"Natural"},"geometry":{"type":"Point","coordinates":[77.039361262219586,30.839301990074492]}},
{"type":"Feature","properties":{"Id":0,"area":0.0,"category":"Natural","ORIG_FID":2031,"category_1":"Natural"},"geometry":{"type":"Point","coordinates":[77.041553134508632,30.839777244344496]}},
{"type":"Feature","properties":{"Id":0,"area":0.0,"category":"Anthropogenic","ORIG_FID":2032,"category_1":"Anthropogenic"},"geometry":{"type":"Point","coordinates":[77.039059422138692,30.84023729415372]}},
{"type":"Feature","properties":{"Id":0,"area":0.0,"category":"Anthropogenic","ORIG_FID":2033,"category_1":"Anthropogenic"},"geometry":{"type":"Point","coordinates":[77.045516411054336,30.840025779437806]}},
{"type":"Feature","properties":{"Id":0,"area":0.0,"category":"Anthropogenic","ORIG_FID":2034,"category_1":"Anthropogenic"},"geometry":{"type":"Point","coordinates":[77.045802544918303,30.840297865887234]}},
{"type":"Feature","properties":{"Id":0,"area":0.0,"category":"Anthropogenic","ORIG_FID":2035,"category_1":"Anthropogenic"},"geometry":{"type":"Point","coordinates":[77.0440498693644,30.840036429854464]}},
{"type":"Feature","properties":{"Id":0,"area":0.0,"category":"Anthropogenic","ORIG_FID":2036,"category_1":"Anthropogenic"},"geometry":{"type":"Point","coordinates":[77.044123802356111,30.840387179948525]}},
{"type":"Feature","properties":{"Id":0,"area":0.0,"category":"Anthropogenic","ORIG_FID":2037,"category_1":"Anthropogenic"},"geometry":{"type":"Point","coordinates":[77.04800191524528,30.839395019036893]}},
{"type":"Feature","properties":{"Id":0,"area":0.0,"category":"Anthropogenic","ORIG_FID":2038,"category_1":"Anthropogenic"},"geometry":{"type":"Point","coordinates":[77.048234272685264,30.839592490440921]}},
{"type":"Feature","properties":{"Id":0,"area":0.0,"category":"Anthropogenic","ORIG_FID":2039,"category_1":"Anthropogenic"},"geometry":{"type":"Point","coordinates":[77.042693704989148,30.83584012880932]}},
{"type":"Feature","properties":{"Id":0,"area":0.0,"category":"Anthropogenic","ORIG_FID":2040,"category_1":"Anthropogenic"},"geometry":{"type":"Point","coordinates":[77.051011271867921,30.83497666691855]}},
{"type":"Feature","properties":{"Id":0,"area":0.0,"category":"Natural","ORIG_FID":2041,"category_1":"Natural"},"geometry":{"type":"Point","coordinates":[77.044154035780423,30.833973236223574]}},
{"type":"Feature","properties":{"Id":0,"area":0.0,"category":"Natural","ORIG_FID":2042,"category_1":"Natural"},"geometry":{"type":"Point","coordinates":[77.035779165920715,30.852197556128782]}},
{"type":"Feature","properties":{"Id":0,"area":0.0,"category":"Natural","ORIG_FID":2043,"category_1":"Natural"},"geometry":{"type":"Point","coordinates":[77.035152718112457,30.850993195480864]}},
{"type":"Feature","properties":{"Id":0,"area":0.0,"category":"Anthropogenic","ORIG_FID":2044,"category_1":"Anthropogenic"},"geometry":{"type":"Point","coordinates":[77.036279464858239,30.85063939599922]}},
{"type":"Feature","properties":{"Id":0,"area":0.0,"category":"Natural","ORIG_FID":2045,"category_1":"Natural"},"geometry":{"type":"Point","coordinates":[77.043454135466277,30.848980683352078]}},
{"type":"Feature","properties":{"Id":0,"area":0.0,"category":"Natural","ORIG_FID":2046,"category_1":"Natural"},"geometry":{"type":"Point","coordinates":[77.051689649402604,30.843522974420257]}},
{"type":"Feature","properties":{"Id":0,"area":0.0,"category":"Natural","ORIG_FID":2047,"category_1":"Natural"},"geometry":{"type":"Point","coordinates":[77.053293525828536,30.84781233617705]}},
{"type":"Feature","properties":{"Id":0,"area":0.0,"category":"Natural","ORIG_FID":2048,"category_1":"Natural"},"geometry":{"type":"Point","coordinates":[77.049985846697425,30.830548184978607]}},
{"type":"Feature","properties":{"Id":0,"area":0.0,"category":"Natural","ORIG_FID":2049,"category_1":"Natural"},"geometry":{"type":"Point","coordinates":[77.050023002412061,30.829788904062852]}},
{"type":"Feature","properties":{"Id":0,"area":0.0,"category":"Natural","ORIG_FID":2050,"category_1":"Natural"},"geometry":{"type":"Point","coordinates":[77.049799352112089,30.829455056324392]}},
{"type":"Feature","properties":{"Id":0,"area":0.0,"category":"Natural","ORIG_FID":2051,"category_1":"Natural"},"geometry":{"type":"Point","coordinates":[77.049534331512376,30.828842199852907]}},
{"type":"Feature","properties":{"Id":0,"area":0.0,"category":"Natural","ORIG_FID":2052,"category_1":"Natural"},"geometry":{"type":"Point","coordinates":[77.049579047773292,30.829201547268195]}},
{"type":"Feature","properties":{"Id":0,"area":0.0,"category":"Natural","ORIG_FID":2053,"category_1":"Natural"},"geometry":{"type":"Point","coordinates":[77.049341955154944,30.829681098495278]}},
{"type":"Feature","properties":{"Id":0,"area":0.0,"category":"Natural","ORIG_FID":2054,"category_1":"Natural"},"geometry":{"type":"Point","coordinates":[77.049046815102642,30.829331115282645]}},
{"type":"Feature","properties":{"Id":0,"area":0.0,"category":"Anthropogenic","ORIG_FID":2055,"category_1":"Anthropogenic"},"geometry":{"type":"Point","coordinates":[77.04765791987306,30.851936782015326]}},
{"type":"Feature","properties":{"Id":0,"area":0.0,"category":"Anthropogenic","ORIG_FID":2056,"category_1":"Anthropogenic"},"geometry":{"type":"Point","coordinates":[77.049888158507585,30.840968837304498]}},
{"type":"Feature","properties":{"Id":0,"area":0.0,"category":"Natural","ORIG_FID":2057,"category_1":"Natural"},"geometry":{"type":"Point","coordinates":[77.049468979332687,30.843704137572679]}},
{"type":"Feature","properties":{"Id":0,"area":0.0,"category":"Natural","ORIG_FID":2058,"category_1":"Natural"},"geometry":{"type":"Point","coordinates":[77.050523570352709,30.844502164487086]}},
{"type":"Feature","properties":{"Id":0,"area":0.0,"category":"Natural","ORIG_FID":2059,"category_1":"Natural"},"geometry":{"type":"Point","coordinates":[77.044546422822862,30.847070355567759]}},
{"type":"Feature","properties":{"Id":0,"area":0.0,"category":"Natural","ORIG_FID":2060,"category_1":"Natural"},"geometry":{"type":"Point","coordinates":[77.044871311382195,30.84721312713598]}},
{"type":"Feature","properties":{"Id":0,"area":0.0,"category":"Natural","ORIG_FID":2061,"category_1":"Natural"},"geometry":{"type":"Point","coordinates":[77.045064152106335,30.84767386760797]}},
{"type":"Feature","properties":{"Id":0,"area":0.0,"category":"Natural","ORIG_FID":2062,"category_1":"Natural"},"geometry":{"type":"Point","coordinates":[77.045562272348718,30.848514318887613]}},
{"type":"Feature","properties":{"Id":0,"area":0.0,"category":"Natural","ORIG_FID":2063,"category_1":"Natural"},"geometry":{"type":"Point","coordinates":[77.046147629953836,30.848834406838513]}},
{"type":"Feature","properties":{"Id":0,"area":0.0,"category":"Anthropogenic","ORIG_FID":2064,"category_1":"Anthropogenic"},"geometry":{"type":"Point","coordinates":[77.04302559702009,30.846301773341871]}},
{"type":"Feature","properties":{"Id":0,"area":0.0,"category":"Anthropogenic","ORIG_FID":2065,"category_1":"Anthropogenic"},"geometry":{"type":"Point","coordinates":[77.04240572094794,30.846279956780506]}},
{"type":"Feature","properties":{"Id":0,"area":0.0,"category":"Anthropogenic","ORIG_FID":2066,"category_1":"Anthropogenic"},"geometry":{"type":"Point","coordinates":[77.043248110160619,30.845397913955715]}},
{"type":"Feature","properties":{"Id":0,"area":0.0,"category":"Anthropogenic","ORIG_FID":2067,"category_1":"Anthropogenic"},"geometry":{"type":"Point","coordinates":[77.043495712501183,30.845593417835314]}},
{"type":"Feature","properties":{"Id":0,"area":0.0,"category":"Natural","ORIG_FID":2068,"category_1":"Natural"},"geometry":{"type":"Point","coordinates":[77.042947559398911,30.850792100185544]}},
{"type":"Feature","properties":{"Id":0,"area":0.0,"category":"Natural","ORIG_FID":2069,"category_1":"Natural"},"geometry":{"type":"Point","coordinates":[77.043527065893485,30.850270145447404]}},
{"type":"Feature","properties":{"Id":0,"area":0.0,"category":"Natural","ORIG_FID":2070,"category_1":"Natural"},"geometry":{"type":"Point","coordinates":[77.073839260989118,30.848596217244285]}},
{"type":"Feature","properties":{"Id":0,"area":0.0,"category":"Anthropogenic","ORIG_FID":2071,"category_1":"Anthropogenic"},"geometry":{"type":"Point","coordinates":[77.072548593336577,30.848079030227922]}},
{"type":"Feature","properties":{"Id":0,"area":0.0,"category":"Natural","ORIG_FID":2072,"category_1":"Natural"},"geometry":{"type":"Point","coordinates":[77.079043460784703,30.833303006919873]}},
{"type":"Feature","properties":{"Id":0,"area":0.0,"category":"Natural","ORIG_FID":2073,"category_1":"Natural"},"geometry":{"type":"Point","coordinates":[77.078673682514562,30.835359921853474]}},
{"type":"Feature","properties":{"Id":0,"area":0.0,"category":"Natural","ORIG_FID":2074,"category_1":"Natural"},"geometry":{"type":"Point","coordinates":[77.069986231737715,30.827594391159671]}},
{"type":"Feature","properties":{"Id":0,"area":0.0,"category":"Natural","ORIG_FID":2075,"category_1":"Natural"},"geometry":{"type":"Point","coordinates":[77.072122158625433,30.823666108629144]}},
{"type":"Feature","properties":{"Id":0,"area":0.0,"category":"Natural","ORIG_FID":2076,"category_1":"Natural"},"geometry":{"type":"Point","coordinates":[77.077683674380424,30.823531185553048]}},
{"type":"Feature","properties":{"Id":0,"area":0.0,"category":"Natural","ORIG_FID":2077,"category_1":"Natural"},"geometry":{"type":"Point","coordinates":[77.083795953252832,30.818975671433169]}},
{"type":"Feature","properties":{"Id":0,"area":0.0,"category":"Natural","ORIG_FID":2078,"category_1":"Natural"},"geometry":{"type":"Point","coordinates":[77.133406060920919,30.834300960977242]}},
{"type":"Feature","properties":{"Id":0,"area":0.0,"category":"Natural","ORIG_FID":2079,"category_1":"Natural"},"geometry":{"type":"Point","coordinates":[77.133861091649152,30.833981968900552]}},
{"type":"Feature","properties":{"Id":0,"area":0.0,"category":"Natural","ORIG_FID":2080,"category_1":"Natural"},"geometry":{"type":"Point","coordinates":[77.134038260469012,30.834471959112946]}},
{"type":"Feature","properties":{"Id":0,"area":0.0,"category":"Anthropogenic","ORIG_FID":2081,"category_1":"Anthropogenic"},"geometry":{"type":"Point","coordinates":[77.148344844264074,30.829019666776531]}},
{"type":"Feature","properties":{"Id":0,"area":0.0,"category":"Natural","ORIG_FID":2082,"category_1":"Natural"},"geometry":{"type":"Point","coordinates":[77.144606178655863,30.819556313959374]}},
{"type":"Feature","properties":{"Id":0,"area":0.0,"category":"Natural","ORIG_FID":2083,"category_1":"Natural"},"geometry":{"type":"Point","coordinates":[77.143946341161083,30.819790938057277]}},
{"type":"Feature","properties":{"Id":0,"area":0.0,"category":"Natural","ORIG_FID":2084,"category_1":"Natural"},"geometry":{"type":"Point","coordinates":[77.143224228617385,30.819949612017751]}},
{"type":"Feature","properties":{"Id":0,"area":0.0,"category":"Natural","ORIG_FID":2085,"category_1":"Natural"},"geometry":{"type":"Point","coordinates":[77.150924043209315,30.818351592148868]}},
{"type":"Feature","properties":{"Id":0,"area":0.0,"category":"Anthropogenic","ORIG_FID":2086,"category_1":"Anthropogenic"},"geometry":{"type":"Point","coordinates":[77.145119402797704,30.823229643799721]}},
{"type":"Feature","properties":{"Id":0,"area":0.0,"category":"Natural","ORIG_FID":2087,"category_1":"Natural"},"geometry":{"type":"Point","coordinates":[77.156512536399163,30.831793997016256]}},
{"type":"Feature","properties":{"Id":0,"area":0.0,"category":"Natural","ORIG_FID":2088,"category_1":"Natural"},"geometry":{"type":"Point","coordinates":[77.139749984636012,30.808004953043891]}},
{"type":"Feature","properties":{"Id":0,"area":0.0,"category":"Anthropogenic","ORIG_FID":2089,"category_1":"Anthropogenic"},"geometry":{"type":"Point","coordinates":[77.163150119507691,30.826628138621164]}},
{"type":"Feature","properties":{"Id":0,"area":0.0,"category":"Anthropogenic","ORIG_FID":2090,"category_1":"Anthropogenic"},"geometry":{"type":"Point","coordinates":[77.162794882438689,30.826334277994256]}},
{"type":"Feature","properties":{"Id":0,"area":0.0,"category":"Anthropogenic","ORIG_FID":2091,"category_1":"Anthropogenic"},"geometry":{"type":"Point","coordinates":[77.162329382492999,30.826500471952244]}},
{"type":"Feature","properties":{"Id":0,"area":0.0,"category":"Anthropogenic","ORIG_FID":2092,"category_1":"Anthropogenic"},"geometry":{"type":"Point","coordinates":[77.162693963411627,30.826562988486547]}},
{"type":"Feature","properties":{"Id":0,"area":0.0,"category":"Anthropogenic","ORIG_FID":2093,"category_1":"Anthropogenic"},"geometry":{"type":"Point","coordinates":[77.161944113830486,30.826119286551478]}},
{"type":"Feature","properties":{"Id":0,"area":0.0,"category":"Anthropogenic","ORIG_FID":2094,"category_1":"Anthropogenic"},"geometry":{"type":"Point","coordinates":[77.161772653810743,30.826534713773459]}},
{"type":"Feature","properties":{"Id":0,"area":0.0,"category":"Anthropogenic","ORIG_FID":2095,"category_1":"Anthropogenic"},"geometry":{"type":"Point","coordinates":[77.157607864563843,30.831079819163836]}},
{"type":"Feature","properties":{"Id":0,"area":0.0,"category":"Anthropogenic","ORIG_FID":2096,"category_1":"Anthropogenic"},"geometry":{"type":"Point","coordinates":[77.158398617517335,30.831334573353356]}},
{"type":"Feature","properties":{"Id":0,"area":0.0,"category":"Natural","ORIG_FID":2097,"category_1":"Natural"},"geometry":{"type":"Point","coordinates":[77.161207973181618,30.822256628380224]}},
{"type":"Feature","properties":{"Id":0,"area":0.0,"category":"Natural","ORIG_FID":2098,"category_1":"Natural"},"geometry":{"type":"Point","coordinates":[77.162050659825184,30.821714275241487]}},
{"type":"Feature","properties":{"Id":0,"area":0.0,"category":"Anthropogenic","ORIG_FID":2099,"category_1":"Anthropogenic"},"geometry":{"type":"Point","coordinates":[77.170760076770065,30.823446827284929]}},
{"type":"Feature","properties":{"Id":0,"area":0.0,"category":"Natural","ORIG_FID":2100,"category_1":"Natural"},"geometry":{"type":"Point","coordinates":[77.166142139603309,30.825721995298139]}},
{"type":"Feature","properties":{"Id":0,"area":0.0,"category":"Natural","ORIG_FID":2101,"category_1":"Natural"},"geometry":{"type":"Point","coordinates":[77.179162466013736,30.82577508082235]}},
{"type":"Feature","properties":{"Id":0,"area":0.0,"category":"Anthropogenic","ORIG_FID":2102,"category_1":"Anthropogenic"},"geometry":{"type":"Point","coordinates":[77.159472521375719,30.834557496554019]}},
{"type":"Feature","properties":{"Id":0,"area":0.0,"category":"Anthropogenic","ORIG_FID":2103,"category_1":"Anthropogenic"},"geometry":{"type":"Point","coordinates":[77.159672239703056,30.819075193026787]}},
{"type":"Feature","properties":{"Id":0,"area":0.0,"category":"Anthropogenic","ORIG_FID":2104,"category_1":"Anthropogenic"},"geometry":{"type":"Point","coordinates":[77.159822851938145,30.819584695263153]}},
{"type":"Feature","properties":{"Id":0,"area":0.0,"category":"Natural","ORIG_FID":2105,"category_1":"Natural"},"geometry":{"type":"Point","coordinates":[77.160115359669319,30.819917119777291]}},
{"type":"Feature","properties":{"Id":0,"area":0.0,"category":"Anthropogenic","ORIG_FID":2106,"category_1":"Anthropogenic"},"geometry":{"type":"Point","coordinates":[76.950741208498428,30.966940916313643]}},
{"type":"Feature","properties":{"Id":0,"area":0.0,"category":"Anthropogenic","ORIG_FID":2107,"category_1":"Anthropogenic"},"geometry":{"type":"Point","coordinates":[76.951337374742536,30.966502919679954]}},
{"type":"Feature","properties":{"Id":0,"area":0.0,"category":"Natural","ORIG_FID":2108,"category_1":"Natural"},"geometry":{"type":"Point","coordinates":[76.952902932396285,30.963355948928772]}},
{"type":"Feature","properties":{"Id":0,"area":0.0,"category":"Anthropogenic","ORIG_FID":2109,"category_1":"Anthropogenic"},"geometry":{"type":"Point","coordinates":[76.980627508117664,30.971586418706874]}},
{"type":"Feature","properties":{"Id":0,"area":0.0,"category":"Anthropogenic","ORIG_FID":2110,"category_1":"Anthropogenic"},"geometry":{"type":"Point","coordinates":[76.992535912535971,30.962008225980778]}},
{"type":"Feature","properties":{"Id":0,"area":0.0,"category":"Anthropogenic","ORIG_FID":2111,"category_1":"Anthropogenic"},"geometry":{"type":"Point","coordinates":[76.992103543871664,30.961633018504706]}},
{"type":"Feature","properties":{"Id":0,"area":0.0,"category":"Anthropogenic","ORIG_FID":2112,"category_1":"Anthropogenic"},"geometry":{"type":"Point","coordinates":[76.993483172645838,30.964628389564044]}},
{"type":"Feature","properties":{"Id":0,"area":0.0,"category":"Anthropogenic","ORIG_FID":2113,"category_1":"Anthropogenic"},"geometry":{"type":"Point","coordinates":[76.98436365164018,30.976688767087886]}},
{"type":"Feature","properties":{"Id":0,"area":0.0,"category":"Anthropogenic","ORIG_FID":2114,"category_1":"Anthropogenic"},"geometry":{"type":"Point","coordinates":[76.972070904383543,30.989965387272928]}},
{"type":"Feature","properties":{"Id":0,"area":0.0,"category":"Anthropogenic","ORIG_FID":2115,"category_1":"Anthropogenic"},"geometry":{"type":"Point","coordinates":[76.972358170528253,30.989535917474711]}},
{"type":"Feature","properties":{"Id":0,"area":0.0,"category":"Anthropogenic","ORIG_FID":2116,"category_1":"Anthropogenic"},"geometry":{"type":"Point","coordinates":[76.971690425067791,30.989705966666733]}},
{"type":"Feature","properties":{"Id":0,"area":0.0,"category":"Natural","ORIG_FID":2117,"category_1":"Natural"},"geometry":{"type":"Point","coordinates":[76.978146791987797,30.997126268458658]}},
{"type":"Feature","properties":{"Id":0,"area":0.0,"category":"Natural","ORIG_FID":2118,"category_1":"Natural"},"geometry":{"type":"Point","coordinates":[76.979682746882261,31.006833762412576]}},
{"type":"Feature","properties":{"Id":0,"area":0.0,"category":"Natural","ORIG_FID":2119,"category_1":"Natural"},"geometry":{"type":"Point","coordinates":[76.978908645454794,31.006611095507292]}},
{"type":"Feature","properties":{"Id":0,"area":0.0,"category":"Natural","ORIG_FID":2120,"category_1":"Natural"},"geometry":{"type":"Point","coordinates":[76.964241230209424,31.007272589709324]}},
{"type":"Feature","properties":{"Id":0,"area":0.0,"category":"Anthropogenic","ORIG_FID":2121,"category_1":"Anthropogenic"},"geometry":{"type":"Point","coordinates":[76.962946600223916,31.008937617005916]}},
{"type":"Feature","properties":{"Id":0,"area":0.0,"category":"Anthropogenic","ORIG_FID":2122,"category_1":"Anthropogenic"},"geometry":{"type":"Point","coordinates":[76.962956023728566,31.009484909448179]}},
{"type":"Feature","properties":{"Id":0,"area":0.0,"category":"Natural","ORIG_FID":2123,"category_1":"Natural"},"geometry":{"type":"Point","coordinates":[76.96352627664595,31.009530901328834]}},
{"type":"Feature","properties":{"Id":0,"area":0.0,"category":"Anthropogenic","ORIG_FID":2124,"category_1":"Anthropogenic"},"geometry":{"type":"Point","coordinates":[76.963635270202758,31.010285555247847]}},
{"type":"Feature","properties":{"Id":0,"area":0.0,"category":"Anthropogenic","ORIG_FID":2125,"category_1":"Anthropogenic"},"geometry":{"type":"Point","coordinates":[76.963700960809732,31.010729004559408]}},
{"type":"Feature","properties":{"Id":0,"area":0.0,"category":"Natural","ORIG_FID":2126,"category_1":"Natural"},"geometry":{"type":"Point","coordinates":[76.959137438199221,31.006387827331476]}},
{"type":"Feature","properties":{"Id":0,"area":0.0,"category":"Natural","ORIG_FID":2127,"category_1":"Natural"},"geometry":{"type":"Point","coordinates":[76.959935727168158,31.00881926576232]}},
{"type":"Feature","properties":{"Id":0,"area":0.0,"category":"Anthropogenic","ORIG_FID":2128,"category_1":"Anthropogenic"},"geometry":{"type":"Point","coordinates":[76.959874569773078,31.010982072525781]}},
{"type":"Feature","properties":{"Id":0,"area":0.0,"category":"Natural","ORIG_FID":2129,"category_1":"Natural"},"geometry":{"type":"Point","coordinates":[76.960369859426038,31.011206504663523]}},
{"type":"Feature","properties":{"Id":0,"area":0.0,"category":"Anthropogenic","ORIG_FID":2130,"category_1":"Anthropogenic"},"geometry":{"type":"Point","coordinates":[76.959253669974473,31.010723536569767]}},
{"type":"Feature","properties":{"Id":0,"area":0.0,"category":"Natural","ORIG_FID":2131,"category_1":"Natural"},"geometry":{"type":"Point","coordinates":[76.961954521173055,31.007058324772178]}},
{"type":"Feature","properties":{"Id":0,"area":0.0,"category":"Anthropogenic","ORIG_FID":2132,"category_1":"Anthropogenic"},"geometry":{"type":"Point","coordinates":[76.961218393595857,31.00687965683597]}},
{"type":"Feature","properties":{"Id":0,"area":0.0,"category":"Natural","ORIG_FID":2133,"category_1":"Natural"},"geometry":{"type":"Point","coordinates":[77.015781562405763,30.975505866427973]}},
{"type":"Feature","properties":{"Id":0,"area":0.0,"category":"Natural","ORIG_FID":2134,"category_1":"Natural"},"geometry":{"type":"Point","coordinates":[77.012715800018711,30.978244963123512]}},
{"type":"Feature","properties":{"Id":0,"area":0.0,"category":"Natural","ORIG_FID":2135,"category_1":"Natural"},"geometry":{"type":"Point","coordinates":[77.014316730224522,30.978033376644476]}},
{"type":"Feature","properties":{"Id":0,"area":0.0,"category":"Natural","ORIG_FID":2136,"category_1":"Natural"},"geometry":{"type":"Point","coordinates":[77.007138366381,30.977503574012946]}},
{"type":"Feature","properties":{"Id":0,"area":0.0,"category":"Anthropogenic","ORIG_FID":2137,"category_1":"Anthropogenic"},"geometry":{"type":"Point","coordinates":[77.006770325466547,30.97749752157295]}},
{"type":"Feature","properties":{"Id":0,"area":0.0,"category":"Natural","ORIG_FID":2138,"category_1":"Natural"},"geometry":{"type":"Point","coordinates":[77.023092511792655,31.002251362524014]}},
{"type":"Feature","properties":{"Id":0,"area":0.0,"category":"Natural","ORIG_FID":2139,"category_1":"Natural"},"geometry":{"type":"Point","coordinates":[77.022977607280609,31.002963960823507]}},
{"type":"Feature","properties":{"Id":0,"area":0.0,"category":"Natural","ORIG_FID":2140,"category_1":"Natural"},"geometry":{"type":"Point","coordinates":[77.023007834002769,31.003593753394895]}},
{"type":"Feature","properties":{"Id":0,"area":0.0,"category":"Natural","ORIG_FID":2141,"category_1":"Natural"},"geometry":{"type":"Point","coordinates":[77.02298066925691,31.004083567962507]}},
{"type":"Feature","properties":{"Id":0,"area":0.0,"category":"Natural","ORIG_FID":2142,"category_1":"Natural"},"geometry":{"type":"Point","coordinates":[77.020272684524258,31.005866844404814]}},
{"type":"Feature","properties":{"Id":0,"area":0.0,"category":"Natural","ORIG_FID":2143,"category_1":"Natural"},"geometry":{"type":"Point","coordinates":[77.019168295406345,31.005438579284149]}},
{"type":"Feature","properties":{"Id":0,"area":0.0,"category":"Natural","ORIG_FID":2144,"category_1":"Natural"},"geometry":{"type":"Point","coordinates":[77.023350948087284,31.005230075408207]}},
{"type":"Feature","properties":{"Id":0,"area":0.0,"category":"Natural","ORIG_FID":2145,"category_1":"Natural"},"geometry":{"type":"Point","coordinates":[77.027865861750158,31.005589007675631]}},
{"type":"Feature","properties":{"Id":0,"area":0.0,"category":"Natural","ORIG_FID":2146,"category_1":"Natural"},"geometry":{"type":"Point","coordinates":[77.023389761463875,31.006260796751135]}},
{"type":"Feature","properties":{"Id":0,"area":0.0,"category":"Natural","ORIG_FID":2147,"category_1":"Natural"},"geometry":{"type":"Point","coordinates":[77.023612454668353,31.009100036186304]}},
{"type":"Feature","properties":{"Id":0,"area":0.0,"category":"Natural","ORIG_FID":2148,"category_1":"Natural"},"geometry":{"type":"Point","coordinates":[77.037282815990039,31.002057490325608]}},
{"type":"Feature","properties":{"Id":0,"area":0.0,"category":"Natural","ORIG_FID":2149,"category_1":"Natural"},"geometry":{"type":"Point","coordinates":[77.038077906485199,31.002189653615357]}},
{"type":"Feature","properties":{"Id":0,"area":0.0,"category":"Natural","ORIG_FID":2150,"category_1":"Natural"},"geometry":{"type":"Point","coordinates":[77.036868416185769,31.00181471524758]}},
{"type":"Feature","properties":{"Id":0,"area":0.0,"category":"Natural","ORIG_FID":2151,"category_1":"Natural"},"geometry":{"type":"Point","coordinates":[77.018783422658771,31.042885322585214]}},
{"type":"Feature","properties":{"Id":0,"area":0.0,"category":"Natural","ORIG_FID":2152,"category_1":"Natural"},"geometry":{"type":"Point","coordinates":[77.017914917446589,31.045003091932216]}},
{"type":"Feature","properties":{"Id":0,"area":0.0,"category":"Natural","ORIG_FID":2153,"category_1":"Natural"},"geometry":{"type":"Point","coordinates":[77.03072239177763,31.069730085114138]}},
{"type":"Feature","properties":{"Id":0,"area":0.0,"category":"Anthropogenic","ORIG_FID":2154,"category_1":"Anthropogenic"},"geometry":{"type":"Point","coordinates":[77.046142056373228,31.065271562339483]}},
{"type":"Feature","properties":{"Id":0,"area":0.0,"category":"Natural","ORIG_FID":2155,"category_1":"Natural"},"geometry":{"type":"Point","coordinates":[77.030413549269213,31.078473503754747]}},
{"type":"Feature","properties":{"Id":0,"area":0.0,"category":"Anthropogenic","ORIG_FID":2156,"category_1":"Anthropogenic"},"geometry":{"type":"Point","coordinates":[77.019589257645421,31.10031783966064]}},
{"type":"Feature","properties":{"Id":0,"area":0.0,"category":"Anthropogenic","ORIG_FID":2157,"category_1":"Anthropogenic"},"geometry":{"type":"Point","coordinates":[77.007290144925534,31.097020263187797]}},
{"type":"Feature","properties":{"Id":0,"area":0.0,"category":"Natural","ORIG_FID":2158,"category_1":"Natural"},"geometry":{"type":"Point","coordinates":[77.020756450966857,31.106477729097417]}},
{"type":"Feature","properties":{"Id":0,"area":0.0,"category":"Anthropogenic","ORIG_FID":2159,"category_1":"Anthropogenic"},"geometry":{"type":"Point","coordinates":[77.009874424486654,31.10817479201193]}},
{"type":"Feature","properties":{"Id":0,"area":0.0,"category":"Anthropogenic","ORIG_FID":2160,"category_1":"Anthropogenic"},"geometry":{"type":"Point","coordinates":[77.00209763685956,31.112690858741047]}},
{"type":"Feature","properties":{"Id":0,"area":0.0,"category":"Natural","ORIG_FID":2161,"category_1":"Natural"},"geometry":{"type":"Point","coordinates":[77.018057490770943,30.915433140479387]}},
{"type":"Feature","properties":{"Id":0,"area":0.0,"category":"Natural","ORIG_FID":2162,"category_1":"Natural"},"geometry":{"type":"Point","coordinates":[77.01699781418202,30.921532183346173]}},
{"type":"Feature","properties":{"Id":0,"area":0.0,"category":"Natural","ORIG_FID":2163,"category_1":"Natural"},"geometry":{"type":"Point","coordinates":[77.017527384821591,30.920110169132968]}},
{"type":"Feature","properties":{"Id":0,"area":0.0,"category":"Natural","ORIG_FID":2164,"category_1":"Natural"},"geometry":{"type":"Point","coordinates":[77.00957077650709,30.928006895937504]}},
{"type":"Feature","properties":{"Id":0,"area":0.0,"category":"Natural","ORIG_FID":2165,"category_1":"Natural"},"geometry":{"type":"Point","coordinates":[77.014552780455404,30.926371783236487]}},
{"type":"Feature","properties":{"Id":0,"area":0.0,"category":"Natural","ORIG_FID":2166,"category_1":"Natural"},"geometry":{"type":"Point","coordinates":[77.002501068946515,30.932946427671407]}},
{"type":"Feature","properties":{"Id":0,"area":0.0,"category":"Anthropogenic","ORIG_FID":2167,"category_1":"Anthropogenic"},"geometry":{"type":"Point","coordinates":[77.001029899516396,30.933013366151112]}},
{"type":"Feature","properties":{"Id":0,"area":0.0,"category":"Natural","ORIG_FID":2168,"category_1":"Natural"},"geometry":{"type":"Point","coordinates":[77.00168046037669,30.931559616640673]}},
{"type":"Feature","properties":{"Id":0,"area":0.0,"category":"Natural","ORIG_FID":2169,"category_1":"Natural"},"geometry":{"type":"Point","coordinates":[77.002620111302207,30.931967413015276]}},
{"type":"Feature","properties":{"Id":0,"area":0.0,"category":"Natural","ORIG_FID":2170,"category_1":"Natural"},"geometry":{"type":"Point","coordinates":[77.004616554393039,30.929132293774263]}},
{"type":"Feature","properties":{"Id":0,"area":0.0,"category":"Natural","ORIG_FID":2171,"category_1":"Natural"},"geometry":{"type":"Point","coordinates":[77.004783887068967,30.928166049440307]}},
{"type":"Feature","properties":{"Id":0,"area":0.0,"category":"Natural","ORIG_FID":2172,"category_1":"Natural"},"geometry":{"type":"Point","coordinates":[77.000154402954891,30.937045340849622]}},
{"type":"Feature","properties":{"Id":0,"area":0.0,"category":"Anthropogenic","ORIG_FID":2173,"category_1":"Anthropogenic"},"geometry":{"type":"Point","coordinates":[77.000848402849954,30.951233702756145]}},
{"type":"Feature","properties":{"Id":0,"area":0.0,"category":"Natural","ORIG_FID":2174,"category_1":"Natural"},"geometry":{"type":"Point","coordinates":[76.99692730911643,30.996434144889122]}},
{"type":"Feature","properties":{"Id":0,"area":0.0,"category":"Natural","ORIG_FID":2175,"category_1":"Natural"},"geometry":{"type":"Point","coordinates":[76.97355153852952,31.02807863322121]}},
{"type":"Feature","properties":{"Id":0,"area":0.0,"category":"Natural","ORIG_FID":2176,"category_1":"Natural"},"geometry":{"type":"Point","coordinates":[76.971345772600259,31.031230608688329]}},
{"type":"Feature","properties":{"Id":0,"area":0.0,"category":"Natural","ORIG_FID":2177,"category_1":"Natural"},"geometry":{"type":"Point","coordinates":[76.969998159261948,31.031839439748577]}},
{"type":"Feature","properties":{"Id":0,"area":0.0,"category":"Natural","ORIG_FID":2178,"category_1":"Natural"},"geometry":{"type":"Point","coordinates":[76.97500539495303,31.026368655151014]}},
{"type":"Feature","properties":{"Id":0,"area":0.0,"category":"Natural","ORIG_FID":2179,"category_1":"Natural"},"geometry":{"type":"Point","coordinates":[76.978459607707308,31.025267390269093]}},
{"type":"Feature","properties":{"Id":0,"area":0.0,"category":"Anthropogenic","ORIG_FID":2180,"category_1":"Anthropogenic"},"geometry":{"type":"Point","coordinates":[76.97463562560219,31.025088167798238]}},
{"type":"Feature","properties":{"Id":0,"area":0.0,"category":"Natural","ORIG_FID":2181,"category_1":"Natural"},"geometry":{"type":"Point","coordinates":[76.975933307695598,31.037564025198868]}},
{"type":"Feature","properties":{"Id":0,"area":0.0,"category":"Natural","ORIG_FID":2182,"category_1":"Natural"},"geometry":{"type":"Point","coordinates":[76.973614075831478,31.038353456655955]}},
{"type":"Feature","properties":{"Id":0,"area":0.0,"category":"Anthropogenic","ORIG_FID":2183,"category_1":"Anthropogenic"},"geometry":{"type":"Point","coordinates":[76.972347709870689,31.038700200371657]}},
{"type":"Feature","properties":{"Id":0,"area":0.0,"category":"Natural","ORIG_FID":2184,"category_1":"Natural"},"geometry":{"type":"Point","coordinates":[76.972865582936947,31.039104971337874]}},
{"type":"Feature","properties":{"Id":0,"area":0.0,"category":"Natural","ORIG_FID":2185,"category_1":"Natural"},"geometry":{"type":"Point","coordinates":[77.012474085040054,31.095894964234613]}},
{"type":"Feature","properties":{"Id":0,"area":0.0,"category":"Anthropogenic","ORIG_FID":2186,"category_1":"Anthropogenic"},"geometry":{"type":"Point","coordinates":[77.038633266632573,31.042787023811503]}},
{"type":"Feature","properties":{"Id":0,"area":0.0,"category":"Natural","ORIG_FID":2187,"category_1":"Natural"},"geometry":{"type":"Point","coordinates":[77.035477861713076,31.018888387848818]}},
{"type":"Feature","properties":{"Id":0,"area":0.0,"category":"Natural","ORIG_FID":2188,"category_1":"Natural"},"geometry":{"type":"Point","coordinates":[77.040408474939568,31.015694061352715]}},
{"type":"Feature","properties":{"Id":0,"area":0.0,"category":"Anthropogenic","ORIG_FID":2189,"category_1":"Anthropogenic"},"geometry":{"type":"Point","coordinates":[77.028410800824503,31.004560133709351]}},
{"type":"Feature","properties":{"Id":0,"area":0.0,"category":"Anthropogenic","ORIG_FID":2190,"category_1":"Anthropogenic"},"geometry":{"type":"Point","coordinates":[77.02872705004097,31.004551454940593]}},
{"type":"Feature","properties":{"Id":0,"area":0.0,"category":"Anthropogenic","ORIG_FID":2191,"category_1":"Anthropogenic"},"geometry":{"type":"Point","coordinates":[77.029534724751315,31.004341094017299]}},
{"type":"Feature","properties":{"Id":0,"area":0.0,"category":"Anthropogenic","ORIG_FID":2192,"category_1":"Anthropogenic"},"geometry":{"type":"Point","coordinates":[77.032084055480269,31.002897304147442]}},
{"type":"Feature","properties":{"Id":0,"area":0.0,"category":"Anthropogenic","ORIG_FID":2193,"category_1":"Anthropogenic"},"geometry":{"type":"Point","coordinates":[77.027861220892348,30.916165335649715]}},
{"type":"Feature","properties":{"Id":0,"area":0.0,"category":"Anthropogenic","ORIG_FID":2194,"category_1":"Anthropogenic"},"geometry":{"type":"Point","coordinates":[77.028324470984018,30.916687576898557]}},
{"type":"Feature","properties":{"Id":0,"area":0.0,"category":"Anthropogenic","ORIG_FID":2195,"category_1":"Anthropogenic"},"geometry":{"type":"Point","coordinates":[77.027993923855746,30.916338429015646]}},
{"type":"Feature","properties":{"Id":0,"area":0.0,"category":"Anthropogenic","ORIG_FID":2196,"category_1":"Anthropogenic"},"geometry":{"type":"Point","coordinates":[77.161635973017169,30.930042817549321]}},
{"type":"Feature","properties":{"Id":0,"area":0.0,"category":"Anthropogenic","ORIG_FID":2197,"category_1":"Anthropogenic"},"geometry":{"type":"Point","coordinates":[77.159406290656776,30.927001079121268]}},
{"type":"Feature","properties":{"Id":0,"area":0.0,"category":"Anthropogenic","ORIG_FID":2198,"category_1":"Anthropogenic"},"geometry":{"type":"Point","coordinates":[76.989936095529202,30.971016034295431]}},
{"type":"Feature","properties":{"Id":0,"area":0.0,"category":"Anthropogenic","ORIG_FID":2199,"category_1":"Anthropogenic"},"geometry":{"type":"Point","coordinates":[76.987270443881769,30.971601254600262]}},
{"type":"Feature","properties":{"Id":0,"area":0.0,"category":"Natural","ORIG_FID":2200,"category_1":"Natural"},"geometry":{"type":"Point","coordinates":[76.979323429407899,30.946821417331808]}},
{"type":"Feature","properties":{"Id":0,"area":0.0,"category":"Natural","ORIG_FID":2201,"category_1":"Natural"},"geometry":{"type":"Point","coordinates":[76.980370362095059,30.942934818640275]}},
{"type":"Feature","properties":{"Id":0,"area":0.0,"category":"Natural","ORIG_FID":2202,"category_1":"Natural"},"geometry":{"type":"Point","coordinates":[76.978819163461296,30.943816985635081]}},
{"type":"Feature","properties":{"Id":0,"area":0.0,"category":"Natural","ORIG_FID":2203,"category_1":"Natural"},"geometry":{"type":"Point","coordinates":[76.97901450622463,30.945659325608624]}},
{"type":"Feature","properties":{"Id":0,"area":0.0,"category":"Natural","ORIG_FID":2204,"category_1":"Natural"},"geometry":{"type":"Point","coordinates":[76.979144224297912,30.946110121749907]}},
{"type":"Feature","properties":{"Id":0,"area":0.0,"category":"Natural","ORIG_FID":2205,"category_1":"Natural"},"geometry":{"type":"Point","coordinates":[76.97992782955896,30.947115275669756]}},
{"type":"Feature","properties":{"Id":0,"area":0.0,"category":"Natural","ORIG_FID":2206,"category_1":"Natural"},"geometry":{"type":"Point","coordinates":[76.979100092168153,30.942761007446002]}},
{"type":"Feature","properties":{"Id":0,"area":0.0,"category":"Natural","ORIG_FID":2207,"category_1":"Natural"},"geometry":{"type":"Point","coordinates":[77.018142219836477,30.920162787195917]}},
{"type":"Feature","properties":{"Id":0,"area":0.0,"category":"Natural","ORIG_FID":2208,"category_1":"Natural"},"geometry":{"type":"Point","coordinates":[77.012759217375901,30.925984166702861]}},
{"type":"Feature","properties":{"Id":0,"area":0.0,"category":"Natural","ORIG_FID":2209,"category_1":"Natural"},"geometry":{"type":"Point","coordinates":[77.01033473883669,30.926110316882369]}},
{"type":"Feature","properties":{"Id":0,"area":0.0,"category":"Natural","ORIG_FID":2210,"category_1":"Natural"},"geometry":{"type":"Point","coordinates":[77.010766091363379,30.928559929566823]}},
{"type":"Feature","properties":{"Id":0,"area":0.0,"category":"Anthropogenic","ORIG_FID":2211,"category_1":"Anthropogenic"},"geometry":{"type":"Point","coordinates":[77.008240036611568,30.929552153957516]}},
{"type":"Feature","properties":{"Id":0,"area":0.0,"category":"Natural","ORIG_FID":2212,"category_1":"Natural"},"geometry":{"type":"Point","coordinates":[77.009504619908043,30.929306987339629]}},
{"type":"Feature","properties":{"Id":0,"area":0.0,"category":"Natural","ORIG_FID":2213,"category_1":"Natural"},"geometry":{"type":"Point","coordinates":[77.004447508146598,30.928806405003744]}},
{"type":"Feature","properties":{"Id":0,"area":0.0,"category":"Natural","ORIG_FID":2214,"category_1":"Natural"},"geometry":{"type":"Point","coordinates":[77.003333505766122,30.930621925541239]}},
{"type":"Feature","properties":{"Id":0,"area":0.0,"category":"Natural","ORIG_FID":2215,"category_1":"Natural"},"geometry":{"type":"Point","coordinates":[77.007551020494944,30.932621516665286]}},
{"type":"Feature","properties":{"Id":0,"area":0.0,"category":"Natural","ORIG_FID":2216,"category_1":"Natural"},"geometry":{"type":"Point","coordinates":[77.006081263902146,30.934198897140273]}},
{"type":"Feature","properties":{"Id":0,"area":0.0,"category":"Natural","ORIG_FID":2217,"category_1":"Natural"},"geometry":{"type":"Point","coordinates":[77.006633878688859,30.933774650525322]}},
{"type":"Feature","properties":{"Id":0,"area":0.0,"category":"Anthropogenic","ORIG_FID":2218,"category_1":"Anthropogenic"},"geometry":{"type":"Point","coordinates":[77.004802472075724,30.931042990004158]}},
{"type":"Feature","properties":{"Id":0,"area":0.0,"category":"Natural","ORIG_FID":2219,"category_1":"Natural"},"geometry":{"type":"Point","coordinates":[77.004574084039106,30.930344070829097]}},
{"type":"Feature","properties":{"Id":0,"area":0.0,"category":"Natural","ORIG_FID":2220,"category_1":"Natural"},"geometry":{"type":"Point","coordinates":[77.007312569627786,30.934987070077685]}},
{"type":"Feature","properties":{"Id":0,"area":0.0,"category":"Natural","ORIG_FID":2221,"category_1":"Natural"},"geometry":{"type":"Point","coordinates":[77.00578466575611,30.938170743283028]}},
{"type":"Feature","properties":{"Id":0,"area":0.0,"category":"Natural","ORIG_FID":2222,"category_1":"Natural"},"geometry":{"type":"Point","coordinates":[77.007082525281504,30.935576359425813]}},
{"type":"Feature","properties":{"Id":0,"area":0.0,"category":"Natural","ORIG_FID":2223,"category_1":"Natural"},"geometry":{"type":"Point","coordinates":[77.000406877960046,30.937317009966971]}},
{"type":"Feature","properties":{"Id":0,"area":0.0,"category":"Natural","ORIG_FID":2224,"category_1":"Natural"},"geometry":{"type":"Point","coordinates":[77.001520729519541,30.937898088421665]}},
{"type":"Feature","properties":{"Id":0,"area":0.0,"category":"Natural","ORIG_FID":2225,"category_1":"Natural"},"geometry":{"type":"Point","coordinates":[76.994722245921992,30.936671447790815]}},
{"type":"Feature","properties":{"Id":0,"area":0.0,"category":"Natural","ORIG_FID":2226,"category_1":"Natural"},"geometry":{"type":"Point","coordinates":[76.994321124453336,30.937280751849531]}},
{"type":"Feature","properties":{"Id":0,"area":0.0,"category":"Anthropogenic","ORIG_FID":2227,"category_1":"Anthropogenic"},"geometry":{"type":"Point","coordinates":[76.995714151209043,30.944365055773307]}},
{"type":"Feature","properties":{"Id":0,"area":0.0,"category":"Natural","ORIG_FID":2228,"category_1":"Natural"},"geometry":{"type":"Point","coordinates":[76.975960084855629,30.95261354956213]}},
{"type":"Feature","properties":{"Id":0,"area":0.0,"category":"Natural","ORIG_FID":2229,"category_1":"Natural"},"geometry":{"type":"Point","coordinates":[76.976227609609751,30.952888037085508]}},
{"type":"Feature","properties":{"Id":0,"area":0.0,"category":"Natural","ORIG_FID":2230,"category_1":"Natural"},"geometry":{"type":"Point","coordinates":[76.976676334232991,30.95408954714906]}},
{"type":"Feature","properties":{"Id":0,"area":0.0,"category":"Natural","ORIG_FID":2231,"category_1":"Natural"},"geometry":{"type":"Point","coordinates":[76.97703875690965,30.954635712841394]}},
{"type":"Feature","properties":{"Id":0,"area":0.0,"category":"Natural","ORIG_FID":2232,"category_1":"Natural"},"geometry":{"type":"Point","coordinates":[76.977568318399264,30.955711393040222]}},
{"type":"Feature","properties":{"Id":0,"area":0.0,"category":"Natural","ORIG_FID":2233,"category_1":"Natural"},"geometry":{"type":"Point","coordinates":[76.974911828587167,30.953969853854691]}},
{"type":"Feature","properties":{"Id":0,"area":0.0,"category":"Natural","ORIG_FID":2234,"category_1":"Natural"},"geometry":{"type":"Point","coordinates":[76.975404427932716,30.954421602435048]}},
{"type":"Feature","properties":{"Id":0,"area":0.0,"category":"Natural","ORIG_FID":2235,"category_1":"Natural"},"geometry":{"type":"Point","coordinates":[76.974299309497212,30.954275129375606]}},
{"type":"Feature","properties":{"Id":0,"area":0.0,"category":"Natural","ORIG_FID":2236,"category_1":"Natural"},"geometry":{"type":"Point","coordinates":[76.981728024279633,30.949860348758083]}},
{"type":"Feature","properties":{"Id":0,"area":0.0,"category":"Natural","ORIG_FID":2237,"category_1":"Natural"},"geometry":{"type":"Point","coordinates":[76.980392332673105,30.949923951675494]}},
{"type":"Feature","properties":{"Id":0,"area":0.0,"category":"Anthropogenic","ORIG_FID":2238,"category_1":"Anthropogenic"},"geometry":{"type":"Point","coordinates":[76.979241751916817,30.949341624553835]}},
{"type":"Feature","properties":{"Id":0,"area":0.0,"category":"Anthropogenic","ORIG_FID":2239,"category_1":"Anthropogenic"},"geometry":{"type":"Point","coordinates":[76.979325983886454,30.949955561434166]}},
{"type":"Feature","properties":{"Id":0,"area":0.0,"category":"Natural","ORIG_FID":2240,"category_1":"Natural"},"geometry":{"type":"Point","coordinates":[76.979671544071252,30.949239151785722]}},
{"type":"Feature","properties":{"Id":0,"area":0.0,"category":"Natural","ORIG_FID":2241,"category_1":"Natural"},"geometry":{"type":"Point","coordinates":[76.980966786601655,30.949298433040713]}},
{"type":"Feature","properties":{"Id":0,"area":0.0,"category":"Natural","ORIG_FID":2242,"category_1":"Natural"},"geometry":{"type":"Point","coordinates":[76.977864829532678,30.946874568971477]}},
{"type":"Feature","properties":{"Id":0,"area":0.0,"category":"Anthropogenic","ORIG_FID":2243,"category_1":"Anthropogenic"},"geometry":{"type":"Point","coordinates":[76.976138193808325,30.947366361735611]}},
{"type":"Feature","properties":{"Id":0,"area":0.0,"category":"Natural","ORIG_FID":2244,"category_1":"Natural"},"geometry":{"type":"Point","coordinates":[76.974339363190211,30.942956218252665]}},
{"type":"Feature","properties":{"Id":0,"area":0.0,"category":"Natural","ORIG_FID":2245,"category_1":"Natural"},"geometry":{"type":"Point","coordinates":[76.976071110119932,30.944204604956045]}},
{"type":"Feature","properties":{"Id":0,"area":0.0,"category":"Natural","ORIG_FID":2246,"category_1":"Natural"},"geometry":{"type":"Point","coordinates":[76.974640779485981,30.942673542416216]}},
{"type":"Feature","properties":{"Id":0,"area":0.0,"category":"Natural","ORIG_FID":2247,"category_1":"Natural"},"geometry":{"type":"Point","coordinates":[76.968670786214147,30.942300204193518]}},
{"type":"Feature","properties":{"Id":0,"area":0.0,"category":"Natural","ORIG_FID":2248,"category_1":"Natural"},"geometry":{"type":"Point","coordinates":[76.976229223271858,30.95941352636919]}},
{"type":"Feature","properties":{"Id":0,"area":0.0,"category":"Natural","ORIG_FID":2249,"category_1":"Natural"},"geometry":{"type":"Point","coordinates":[76.973699037133002,30.959786113982169]}},
{"type":"Feature","properties":{"Id":0,"area":0.0,"category":"Natural","ORIG_FID":2250,"category_1":"Natural"},"geometry":{"type":"Point","coordinates":[76.973630243491655,30.959002687874165]}},
{"type":"Feature","properties":{"Id":0,"area":0.0,"category":"Natural","ORIG_FID":2251,"category_1":"Natural"},"geometry":{"type":"Point","coordinates":[76.974559611848619,30.960543541516113]}},
{"type":"Feature","properties":{"Id":0,"area":0.0,"category":"Natural","ORIG_FID":2252,"category_1":"Natural"},"geometry":{"type":"Point","coordinates":[76.973319362382384,30.957137875982504]}},
{"type":"Feature","properties":{"Id":0,"area":0.0,"category":"Natural","ORIG_FID":2253,"category_1":"Natural"},"geometry":{"type":"Point","coordinates":[76.974078665689035,30.957595928018232]}},
{"type":"Feature","properties":{"Id":0,"area":0.0,"category":"Natural","ORIG_FID":2254,"category_1":"Natural"},"geometry":{"type":"Point","coordinates":[76.976381645005048,30.956786199113825]}},
{"type":"Feature","properties":{"Id":0,"area":0.0,"category":"Anthropogenic","ORIG_FID":2255,"category_1":"Anthropogenic"},"geometry":{"type":"Point","coordinates":[76.978514956171182,30.958963921284983]}},
{"type":"Feature","properties":{"Id":0,"area":0.0,"category":"Natural","ORIG_FID":2256,"category_1":"Natural"},"geometry":{"type":"Point","coordinates":[76.975976920167341,30.958663402023493]}},
{"type":"Feature","properties":{"Id":0,"area":0.0,"category":"Natural","ORIG_FID":2257,"category_1":"Natural"},"geometry":{"type":"Point","coordinates":[76.97306656919632,30.96129401012379]}},
{"type":"Feature","properties":{"Id":0,"area":0.0,"category":"Natural","ORIG_FID":2258,"category_1":"Natural"},"geometry":{"type":"Point","coordinates":[76.972644254394226,30.961675561324252]}},
{"type":"Feature","properties":{"Id":0,"area":0.0,"category":"Natural","ORIG_FID":2259,"category_1":"Natural"},"geometry":{"type":"Point","coordinates":[76.972853420830802,30.961913359824276]}},
{"type":"Feature","properties":{"Id":0,"area":0.0,"category":"Natural","ORIG_FID":2260,"category_1":"Natural"},"geometry":{"type":"Point","coordinates":[76.974235449501037,30.961589814303988]}},
{"type":"Feature","properties":{"Id":0,"area":0.0,"category":"Natural","ORIG_FID":2261,"category_1":"Natural"},"geometry":{"type":"Point","coordinates":[76.973874286516249,30.962183040950151]}},
{"type":"Feature","properties":{"Id":0,"area":0.0,"category":"Natural","ORIG_FID":2262,"category_1":"Natural"},"geometry":{"type":"Point","coordinates":[76.973254912205206,30.961892515999669]}},
{"type":"Feature","properties":{"Id":0,"area":0.0,"category":"Natural","ORIG_FID":2263,"category_1":"Natural"},"geometry":{"type":"Point","coordinates":[76.975454451600143,30.96056414473523]}},
{"type":"Feature","properties":{"Id":0,"area":0.0,"category":"Anthropogenic","ORIG_FID":2264,"category_1":"Anthropogenic"},"geometry":{"type":"Point","coordinates":[76.97435176218552,30.962383511038094]}},
{"type":"Feature","properties":{"Id":0,"area":0.0,"category":"Natural","ORIG_FID":2265,"category_1":"Natural"},"geometry":{"type":"Point","coordinates":[76.971019192372808,30.963143228093035]}},
{"type":"Feature","properties":{"Id":0,"area":0.0,"category":"Natural","ORIG_FID":2266,"category_1":"Natural"},"geometry":{"type":"Point","coordinates":[76.976895621850915,30.960806687399131]}},
{"type":"Feature","properties":{"Id":0,"area":0.0,"category":"Anthropogenic","ORIG_FID":2267,"category_1":"Anthropogenic"},"geometry":{"type":"Point","coordinates":[76.96544755123692,30.963316424534977]}},
{"type":"Feature","properties":{"Id":0,"area":0.0,"category":"Anthropogenic","ORIG_FID":2268,"category_1":"Anthropogenic"},"geometry":{"type":"Point","coordinates":[76.966282508053354,30.96500748700031]}},
{"type":"Feature","properties":{"Id":0,"area":0.0,"category":"Natural","ORIG_FID":2269,"category_1":"Natural"},"geometry":{"type":"Point","coordinates":[76.965800508005714,30.965325395502848]}},
{"type":"Feature","properties":{"Id":0,"area":0.0,"category":"Anthropogenic","ORIG_FID":2270,"category_1":"Anthropogenic"},"geometry":{"type":"Point","coordinates":[76.966864318503241,30.966494276173847]}},
{"type":"Feature","properties":{"Id":0,"area":0.0,"category":"Anthropogenic","ORIG_FID":2271,"category_1":"Anthropogenic"},"geometry":{"type":"Point","coordinates":[76.967447550107309,30.967066920986632]}},
{"type":"Feature","properties":{"Id":0,"area":0.0,"category":"Anthropogenic","ORIG_FID":2272,"category_1":"Anthropogenic"},"geometry":{"type":"Point","coordinates":[76.96094575942908,30.962440218341936]}},
{"type":"Feature","properties":{"Id":0,"area":0.0,"category":"Anthropogenic","ORIG_FID":2273,"category_1":"Anthropogenic"},"geometry":{"type":"Point","coordinates":[76.961933758159802,30.963928400959983]}},
{"type":"Feature","properties":{"Id":0,"area":0.0,"category":"Natural","ORIG_FID":2274,"category_1":"Natural"},"geometry":{"type":"Point","coordinates":[76.963210934385913,30.975111422103733]}},
{"type":"Feature","properties":{"Id":0,"area":0.0,"category":"Natural","ORIG_FID":2275,"category_1":"Natural"},"geometry":{"type":"Point","coordinates":[76.963340080527857,30.97566329829931]}},
{"type":"Feature","properties":{"Id":0,"area":0.0,"category":"Natural","ORIG_FID":2276,"category_1":"Natural"},"geometry":{"type":"Point","coordinates":[76.963690825100258,30.97605711725889]}},
{"type":"Feature","properties":{"Id":0,"area":0.0,"category":"Natural","ORIG_FID":2277,"category_1":"Natural"},"geometry":{"type":"Point","coordinates":[76.964773417155556,30.977589673431115]}},
{"type":"Feature","properties":{"Id":0,"area":0.0,"category":"Natural","ORIG_FID":2278,"category_1":"Natural"},"geometry":{"type":"Point","coordinates":[76.965162306466638,30.978076368234522]}},
{"type":"Feature","properties":{"Id":0,"area":0.0,"category":"Natural","ORIG_FID":2279,"category_1":"Natural"},"geometry":{"type":"Point","coordinates":[76.963364176582772,30.97723796129879]}},
{"type":"Feature","properties":{"Id":0,"area":0.0,"category":"Natural","ORIG_FID":2280,"category_1":"Natural"},"geometry":{"type":"Point","coordinates":[76.964053448338689,30.980358604098065]}},
{"type":"Feature","properties":{"Id":0,"area":0.0,"category":"Natural","ORIG_FID":2281,"category_1":"Natural"},"geometry":{"type":"Point","coordinates":[76.96454811910364,30.979990893058083]}},
{"type":"Feature","properties":{"Id":0,"area":0.0,"category":"Natural","ORIG_FID":2282,"category_1":"Natural"},"geometry":{"type":"Point","coordinates":[76.9659774711441,30.980443581331386]}},
{"type":"Feature","properties":{"Id":0,"area":0.0,"category":"Natural","ORIG_FID":2283,"category_1":"Natural"},"geometry":{"type":"Point","coordinates":[76.964107010904556,30.980887888852337]}},
{"type":"Feature","properties":{"Id":0,"area":0.0,"category":"Natural","ORIG_FID":2284,"category_1":"Natural"},"geometry":{"type":"Point","coordinates":[76.964455505114316,30.981158755090931]}},
{"type":"Feature","properties":{"Id":0,"area":0.0,"category":"Natural","ORIG_FID":2285,"category_1":"Natural"},"geometry":{"type":"Point","coordinates":[76.963928525423498,30.981362531696256]}},
{"type":"Feature","properties":{"Id":0,"area":0.0,"category":"Natural","ORIG_FID":2286,"category_1":"Natural"},"geometry":{"type":"Point","coordinates":[76.962353811336612,30.980753902898371]}},
{"type":"Feature","properties":{"Id":0,"area":0.0,"category":"Natural","ORIG_FID":2287,"category_1":"Natural"},"geometry":{"type":"Point","coordinates":[76.962887773330991,30.984778836047536]}},
{"type":"Feature","properties":{"Id":0,"area":0.0,"category":"Natural","ORIG_FID":2288,"category_1":"Natural"},"geometry":{"type":"Point","coordinates":[76.961703633806422,30.98360039691709]}},
{"type":"Feature","properties":{"Id":0,"area":0.0,"category":"Natural","ORIG_FID":2289,"category_1":"Natural"},"geometry":{"type":"Point","coordinates":[76.964576076748571,30.982733366520758]}},
{"type":"Feature","properties":{"Id":0,"area":0.0,"category":"Natural","ORIG_FID":2290,"category_1":"Natural"},"geometry":{"type":"Point","coordinates":[76.963985122522587,30.982081838014206]}},
{"type":"Feature","properties":{"Id":0,"area":0.0,"category":"Natural","ORIG_FID":2291,"category_1":"Natural"},"geometry":{"type":"Point","coordinates":[76.965622447568208,30.983549075309817]}},
{"type":"Feature","properties":{"Id":0,"area":0.0,"category":"Natural","ORIG_FID":2292,"category_1":"Natural"},"geometry":{"type":"Point","coordinates":[76.969495176111067,30.980862671115116]}},
{"type":"Feature","properties":{"Id":0,"area":0.0,"category":"Natural","ORIG_FID":2293,"category_1":"Natural"},"geometry":{"type":"Point","coordinates":[76.971363543494675,30.980532084070759]}},
{"type":"Feature","properties":{"Id":0,"area":0.0,"category":"Natural","ORIG_FID":2294,"category_1":"Natural"},"geometry":{"type":"Point","coordinates":[76.971094673253432,30.981398960736851]}},
{"type":"Feature","properties":{"Id":0,"area":0.0,"category":"Natural","ORIG_FID":2295,"category_1":"Natural"},"geometry":{"type":"Point","coordinates":[76.969647757209145,30.981240447394271]}},
{"type":"Feature","properties":{"Id":0,"area":0.0,"category":"Natural","ORIG_FID":2296,"category_1":"Natural"},"geometry":{"type":"Point","coordinates":[76.969835786538297,30.981539441809634]}},
{"type":"Feature","properties":{"Id":0,"area":0.0,"category":"Natural","ORIG_FID":2297,"category_1":"Natural"},"geometry":{"type":"Point","coordinates":[76.970148310275192,30.981931701578922]}},
{"type":"Feature","properties":{"Id":0,"area":0.0,"category":"Natural","ORIG_FID":2298,"category_1":"Natural"},"geometry":{"type":"Point","coordinates":[76.967433232237326,30.979484287008091]}},
{"type":"Feature","properties":{"Id":0,"area":0.0,"category":"Anthropogenic","ORIG_FID":2299,"category_1":"Anthropogenic"},"geometry":{"type":"Point","coordinates":[76.971923646106418,30.97937932735676]}},
{"type":"Feature","properties":{"Id":0,"area":0.0,"category":"Natural","ORIG_FID":2300,"category_1":"Natural"},"geometry":{"type":"Point","coordinates":[76.96927907953436,30.980068503872481]}},
{"type":"Feature","properties":{"Id":0,"area":0.0,"category":"Natural","ORIG_FID":2301,"category_1":"Natural"},"geometry":{"type":"Point","coordinates":[76.972111406297046,30.981108886218809]}},
{"type":"Feature","properties":{"Id":0,"area":0.0,"category":"Natural","ORIG_FID":2302,"category_1":"Natural"},"geometry":{"type":"Point","coordinates":[76.967969993533274,30.980456674954144]}},
{"type":"Feature","properties":{"Id":0,"area":0.0,"category":"Natural","ORIG_FID":2303,"category_1":"Natural"},"geometry":{"type":"Point","coordinates":[76.967524323101244,30.980286603046995]}},
{"type":"Feature","properties":{"Id":0,"area":0.0,"category":"Natural","ORIG_FID":2304,"category_1":"Natural"},"geometry":{"type":"Point","coordinates":[76.967780367278067,30.979793190343884]}},
{"type":"Feature","properties":{"Id":0,"area":0.0,"category":"Natural","ORIG_FID":2305,"category_1":"Natural"},"geometry":{"type":"Point","coordinates":[76.969447769745003,30.982612114018149]}},
{"type":"Feature","properties":{"Id":0,"area":0.0,"category":"Natural","ORIG_FID":2306,"category_1":"Natural"},"geometry":{"type":"Point","coordinates":[76.971449126712628,30.982718627822059]}},
{"type":"Feature","properties":{"Id":0,"area":0.0,"category":"Natural","ORIG_FID":2307,"category_1":"Natural"},"geometry":{"type":"Point","coordinates":[76.967742851187083,30.981590692609746]}},
{"type":"Feature","properties":{"Id":0,"area":0.0,"category":"Natural","ORIG_FID":2308,"category_1":"Natural"},"geometry":{"type":"Point","coordinates":[76.96648972478016,30.982527315334927]}},
{"type":"Feature","properties":{"Id":0,"area":0.0,"category":"Natural","ORIG_FID":2309,"category_1":"Natural"},"geometry":{"type":"Point","coordinates":[76.966473483185453,30.982917069196507]}},
{"type":"Feature","properties":{"Id":0,"area":0.0,"category":"Natural","ORIG_FID":2310,"category_1":"Natural"},"geometry":{"type":"Point","coordinates":[76.966766180498581,30.983575831309867]}},
{"type":"Feature","properties":{"Id":0,"area":0.0,"category":"Natural","ORIG_FID":2311,"category_1":"Natural"},"geometry":{"type":"Point","coordinates":[76.967306615775001,30.983019703700101]}},
{"type":"Feature","properties":{"Id":0,"area":0.0,"category":"Natural","ORIG_FID":2312,"category_1":"Natural"},"geometry":{"type":"Point","coordinates":[76.96814831245797,30.983267757518668]}},
{"type":"Feature","properties":{"Id":0,"area":0.0,"category":"Natural","ORIG_FID":2313,"category_1":"Natural"},"geometry":{"type":"Point","coordinates":[76.968327673197848,30.983600111422405]}},
{"type":"Feature","properties":{"Id":0,"area":0.0,"category":"Natural","ORIG_FID":2314,"category_1":"Natural"},"geometry":{"type":"Point","coordinates":[76.969139445633246,30.983705214626049]}},
{"type":"Feature","properties":{"Id":0,"area":0.0,"category":"Natural","ORIG_FID":2315,"category_1":"Natural"},"geometry":{"type":"Point","coordinates":[76.967233030844454,30.984397421035354]}},
{"type":"Feature","properties":{"Id":0,"area":0.0,"category":"Natural","ORIG_FID":2316,"category_1":"Natural"},"geometry":{"type":"Point","coordinates":[76.967719557987252,30.983835701537757]}},
{"type":"Feature","properties":{"Id":0,"area":0.0,"category":"Natural","ORIG_FID":2317,"category_1":"Natural"},"geometry":{"type":"Point","coordinates":[76.971643064583617,30.982851184592526]}},
{"type":"Feature","properties":{"Id":0,"area":0.0,"category":"Natural","ORIG_FID":2318,"category_1":"Natural"},"geometry":{"type":"Point","coordinates":[76.971843366467255,30.983061981655332]}},
{"type":"Feature","properties":{"Id":0,"area":0.0,"category":"Natural","ORIG_FID":2319,"category_1":"Natural"},"geometry":{"type":"Point","coordinates":[76.971943052754739,30.983243626143452]}},
{"type":"Feature","properties":{"Id":0,"area":0.0,"category":"Natural","ORIG_FID":2320,"category_1":"Natural"},"geometry":{"type":"Point","coordinates":[76.972278216730174,30.9835712091683]}},
{"type":"Feature","properties":{"Id":0,"area":0.0,"category":"Natural","ORIG_FID":2321,"category_1":"Natural"},"geometry":{"type":"Point","coordinates":[76.97131471000192,30.983725174930321]}},
{"type":"Feature","properties":{"Id":0,"area":0.0,"category":"Natural","ORIG_FID":2322,"category_1":"Natural"},"geometry":{"type":"Point","coordinates":[76.973959432392618,30.979689894368398]}},
{"type":"Feature","properties":{"Id":0,"area":0.0,"category":"Natural","ORIG_FID":2323,"category_1":"Natural"},"geometry":{"type":"Point","coordinates":[76.96732474870015,30.985166727399275]}},
{"type":"Feature","properties":{"Id":0,"area":0.0,"category":"Natural","ORIG_FID":2324,"category_1":"Natural"},"geometry":{"type":"Point","coordinates":[76.967680816013257,30.985550350530776]}},
{"type":"Feature","properties":{"Id":0,"area":0.0,"category":"Natural","ORIG_FID":2325,"category_1":"Natural"},"geometry":{"type":"Point","coordinates":[76.968028150036872,30.98482770395719]}},
{"type":"Feature","properties":{"Id":0,"area":0.0,"category":"Natural","ORIG_FID":2326,"category_1":"Natural"},"geometry":{"type":"Point","coordinates":[76.967791286255903,30.987733603983031]}},
{"type":"Feature","properties":{"Id":0,"area":0.0,"category":"Natural","ORIG_FID":2327,"category_1":"Natural"},"geometry":{"type":"Point","coordinates":[76.9677210804456,30.986021067126774]}},
{"type":"Feature","properties":{"Id":0,"area":0.0,"category":"Natural","ORIG_FID":2328,"category_1":"Natural"},"geometry":{"type":"Point","coordinates":[76.967525549071894,30.986192497566158]}},
{"type":"Feature","properties":{"Id":0,"area":0.0,"category":"Natural","ORIG_FID":2329,"category_1":"Natural"},"geometry":{"type":"Point","coordinates":[76.968672216562155,30.985460388687933]}},
{"type":"Feature","properties":{"Id":0,"area":0.0,"category":"Natural","ORIG_FID":2330,"category_1":"Natural"},"geometry":{"type":"Point","coordinates":[76.968585067618434,30.98600611990134]}},
{"type":"Feature","properties":{"Id":0,"area":0.0,"category":"Natural","ORIG_FID":2331,"category_1":"Natural"},"geometry":{"type":"Point","coordinates":[76.968565962896506,30.985713479494351]}},
{"type":"Feature","properties":{"Id":0,"area":0.0,"category":"Natural","ORIG_FID":2332,"category_1":"Natural"},"geometry":{"type":"Point","coordinates":[76.968462803298152,30.987873224911837]}},
{"type":"Feature","properties":{"Id":0,"area":0.0,"category":"Natural","ORIG_FID":2333,"category_1":"Natural"},"geometry":{"type":"Point","coordinates":[76.968506341699239,30.986705566770517]}},
{"type":"Feature","properties":{"Id":0,"area":0.0,"category":"Natural","ORIG_FID":2334,"category_1":"Natural"},"geometry":{"type":"Point","coordinates":[76.96398633479933,30.98677543736823]}},
{"type":"Feature","properties":{"Id":0,"area":0.0,"category":"Natural","ORIG_FID":2335,"category_1":"Natural"},"geometry":{"type":"Point","coordinates":[76.965258492115552,30.987808864110832]}},
{"type":"Feature","properties":{"Id":0,"area":0.0,"category":"Natural","ORIG_FID":2336,"category_1":"Natural"},"geometry":{"type":"Point","coordinates":[76.966063329713521,30.988658118988059]}},
{"type":"Feature","properties":{"Id":0,"area":0.0,"category":"Natural","ORIG_FID":2337,"category_1":"Natural"},"geometry":{"type":"Point","coordinates":[76.964764203842563,30.987330279741034]}},
{"type":"Feature","properties":{"Id":0,"area":0.0,"category":"Natural","ORIG_FID":2338,"category_1":"Natural"},"geometry":{"type":"Point","coordinates":[76.964545241786567,30.987909106228226]}},
{"type":"Feature","properties":{"Id":0,"area":0.0,"category":"Anthropogenic","ORIG_FID":2339,"category_1":"Anthropogenic"},"geometry":{"type":"Point","coordinates":[76.96419907150829,30.98740518826191]}},
{"type":"Feature","properties":{"Id":0,"area":0.0,"category":"Anthropogenic","ORIG_FID":2340,"category_1":"Anthropogenic"},"geometry":{"type":"Point","coordinates":[76.964030104379262,30.987769025958709]}},
{"type":"Feature","properties":{"Id":0,"area":0.0,"category":"Natural","ORIG_FID":2341,"category_1":"Natural"},"geometry":{"type":"Point","coordinates":[76.964915687872448,30.988983347238577]}},
{"type":"Feature","properties":{"Id":0,"area":0.0,"category":"Natural","ORIG_FID":2342,"category_1":"Natural"},"geometry":{"type":"Point","coordinates":[76.9651576820835,30.98962473932346]}},
{"type":"Feature","properties":{"Id":0,"area":0.0,"category":"Natural","ORIG_FID":2343,"category_1":"Natural"},"geometry":{"type":"Point","coordinates":[76.96571704913157,30.989388202723354]}},
{"type":"Feature","properties":{"Id":0,"area":0.0,"category":"Anthropogenic","ORIG_FID":2344,"category_1":"Anthropogenic"},"geometry":{"type":"Point","coordinates":[76.966068052219043,30.989415162566193]}},
{"type":"Feature","properties":{"Id":0,"area":0.0,"category":"Natural","ORIG_FID":2345,"category_1":"Natural"},"geometry":{"type":"Point","coordinates":[76.965504456882243,30.990229890813531]}},
{"type":"Feature","properties":{"Id":0,"area":0.0,"category":"Anthropogenic","ORIG_FID":2346,"category_1":"Anthropogenic"},"geometry":{"type":"Point","coordinates":[76.965853778796145,30.990241818179651]}},
{"type":"Feature","properties":{"Id":0,"area":0.0,"category":"Anthropogenic","ORIG_FID":2347,"category_1":"Anthropogenic"},"geometry":{"type":"Point","coordinates":[76.964502577488318,30.986250666532115]}},
{"type":"Feature","properties":{"Id":0,"area":0.0,"category":"Anthropogenic","ORIG_FID":2348,"category_1":"Anthropogenic"},"geometry":{"type":"Point","coordinates":[76.966584134948818,30.990722775398716]}},
{"type":"Feature","properties":{"Id":0,"area":0.0,"category":"Anthropogenic","ORIG_FID":2349,"category_1":"Anthropogenic"},"geometry":{"type":"Point","coordinates":[76.966973460213381,30.990694983106636]}},
{"type":"Feature","properties":{"Id":0,"area":0.0,"category":"Anthropogenic","ORIG_FID":2350,"category_1":"Anthropogenic"},"geometry":{"type":"Point","coordinates":[76.965957726663959,30.990566077856009]}},
{"type":"Feature","properties":{"Id":0,"area":0.0,"category":"Natural","ORIG_FID":2351,"category_1":"Natural"},"geometry":{"type":"Point","coordinates":[76.967856826639988,30.99170885838824]}},
{"type":"Feature","properties":{"Id":0,"area":0.0,"category":"Anthropogenic","ORIG_FID":2352,"category_1":"Anthropogenic"},"geometry":{"type":"Point","coordinates":[76.96606256473531,30.990903500167665]}},
{"type":"Feature","properties":{"Id":0,"area":0.0,"category":"Anthropogenic","ORIG_FID":2353,"category_1":"Anthropogenic"},"geometry":{"type":"Point","coordinates":[76.962000758225628,31.003333861061979]}},
{"type":"Feature","properties":{"Id":0,"area":0.0,"category":"Natural","ORIG_FID":2354,"category_1":"Natural"},"geometry":{"type":"Point","coordinates":[76.962391614779378,31.003394047894101]}},
{"type":"Feature","properties":{"Id":0,"area":0.0,"category":"Natural","ORIG_FID":2355,"category_1":"Natural"},"geometry":{"type":"Point","coordinates":[76.962807992873806,31.003386135623309]}},
{"type":"Feature","properties":{"Id":0,"area":0.0,"category":"Anthropogenic","ORIG_FID":2356,"category_1":"Anthropogenic"},"geometry":{"type":"Point","coordinates":[76.961942005846709,31.004135611649559]}},
{"type":"Feature","properties":{"Id":0,"area":0.0,"category":"Anthropogenic","ORIG_FID":2357,"category_1":"Anthropogenic"},"geometry":{"type":"Point","coordinates":[76.961076549249057,31.006271778962649]}},
{"type":"Feature","properties":{"Id":0,"area":0.0,"category":"Natural","ORIG_FID":2358,"category_1":"Natural"},"geometry":{"type":"Point","coordinates":[76.957201621545948,31.002419239772905]}},
{"type":"Feature","properties":{"Id":0,"area":0.0,"category":"Natural","ORIG_FID":2359,"category_1":"Natural"},"geometry":{"type":"Point","coordinates":[76.95744766167293,31.002871369259648]}},
{"type":"Feature","properties":{"Id":0,"area":0.0,"category":"Natural","ORIG_FID":2360,"category_1":"Natural"},"geometry":{"type":"Point","coordinates":[76.95776785357782,31.002927746102426]}},
{"type":"Feature","properties":{"Id":0,"area":0.0,"category":"Natural","ORIG_FID":2361,"category_1":"Natural"},"geometry":{"type":"Point","coordinates":[76.95829726729842,31.003042744340931]}},
{"type":"Feature","properties":{"Id":0,"area":0.0,"category":"Natural","ORIG_FID":2362,"category_1":"Natural"},"geometry":{"type":"Point","coordinates":[76.958570411331408,31.003110876334528]}},
{"type":"Feature","properties":{"Id":0,"area":0.0,"category":"Natural","ORIG_FID":2363,"category_1":"Natural"},"geometry":{"type":"Point","coordinates":[76.958946722957663,31.003306771246208]}},
{"type":"Feature","properties":{"Id":0,"area":0.0,"category":"Natural","ORIG_FID":2364,"category_1":"Natural"},"geometry":{"type":"Point","coordinates":[76.958918561580631,31.00556100528912]}},
{"type":"Feature","properties":{"Id":0,"area":0.0,"category":"Natural","ORIG_FID":2365,"category_1":"Natural"},"geometry":{"type":"Point","coordinates":[76.953883537208952,31.006554158363066]}},
{"type":"Feature","properties":{"Id":0,"area":0.0,"category":"Anthropogenic","ORIG_FID":2366,"category_1":"Anthropogenic"},"geometry":{"type":"Point","coordinates":[76.953716667213882,31.005993772978137]}},
{"type":"Feature","properties":{"Id":0,"area":0.0,"category":"Anthropogenic","ORIG_FID":2367,"category_1":"Anthropogenic"},"geometry":{"type":"Point","coordinates":[76.950876000352409,31.005749508426629]}},
{"type":"Feature","properties":{"Id":0,"area":0.0,"category":"Anthropogenic","ORIG_FID":2368,"category_1":"Anthropogenic"},"geometry":{"type":"Point","coordinates":[76.95064401869638,31.005271815213717]}},
{"type":"Feature","properties":{"Id":0,"area":0.0,"category":"Anthropogenic","ORIG_FID":2369,"category_1":"Anthropogenic"},"geometry":{"type":"Point","coordinates":[76.952357247234957,31.005961146382557]}},
{"type":"Feature","properties":{"Id":0,"area":0.0,"category":"Natural","ORIG_FID":2370,"category_1":"Natural"},"geometry":{"type":"Point","coordinates":[76.95767503294222,31.01398286461519]}},
{"type":"Feature","properties":{"Id":0,"area":0.0,"category":"Natural","ORIG_FID":2371,"category_1":"Natural"},"geometry":{"type":"Point","coordinates":[76.957269036723034,31.014607428504576]}},
{"type":"Feature","properties":{"Id":0,"area":0.0,"category":"Natural","ORIG_FID":2372,"category_1":"Natural"},"geometry":{"type":"Point","coordinates":[76.957645423514009,31.014677992732182]}},
{"type":"Feature","properties":{"Id":0,"area":0.0,"category":"Natural","ORIG_FID":2373,"category_1":"Natural"},"geometry":{"type":"Point","coordinates":[76.958120448984374,31.015305514906935]}},
{"type":"Feature","properties":{"Id":0,"area":0.0,"category":"Natural","ORIG_FID":2374,"category_1":"Natural"},"geometry":{"type":"Point","coordinates":[76.958693892630762,31.015498534605779]}},
{"type":"Feature","properties":{"Id":0,"area":0.0,"category":"Natural","ORIG_FID":2375,"category_1":"Natural"},"geometry":{"type":"Point","coordinates":[76.958599111383208,31.015799158346329]}},
{"type":"Feature","properties":{"Id":0,"area":0.0,"category":"Natural","ORIG_FID":2376,"category_1":"Natural"},"geometry":{"type":"Point","coordinates":[76.959053450081939,31.015877186342038]}},
{"type":"Feature","properties":{"Id":0,"area":0.0,"category":"Anthropogenic","ORIG_FID":2377,"category_1":"Anthropogenic"},"geometry":{"type":"Point","coordinates":[76.956051598408607,31.014805610324885]}},
{"type":"Feature","properties":{"Id":0,"area":0.0,"category":"Natural","ORIG_FID":2378,"category_1":"Natural"},"geometry":{"type":"Point","coordinates":[76.957095534511353,31.01608164776605]}},
{"type":"Feature","properties":{"Id":0,"area":0.0,"category":"Natural","ORIG_FID":2379,"category_1":"Natural"},"geometry":{"type":"Point","coordinates":[76.956090552113437,31.015735658597556]}},
{"type":"Feature","properties":{"Id":0,"area":0.0,"category":"Natural","ORIG_FID":2380,"category_1":"Natural"},"geometry":{"type":"Point","coordinates":[76.957561548083447,31.016213367414242]}},
{"type":"Feature","properties":{"Id":0,"area":0.0,"category":"Natural","ORIG_FID":2381,"category_1":"Natural"},"geometry":{"type":"Point","coordinates":[76.958151633120721,31.016459058290511]}},
{"type":"Feature","properties":{"Id":0,"area":0.0,"category":"Natural","ORIG_FID":2382,"category_1":"Natural"},"geometry":{"type":"Point","coordinates":[76.958682351663128,31.016515628678579]}},
{"type":"Feature","properties":{"Id":0,"area":0.0,"category":"Natural","ORIG_FID":2383,"category_1":"Natural"},"geometry":{"type":"Point","coordinates":[76.950797985373669,31.015019486498609]}},
{"type":"Feature","properties":{"Id":0,"area":0.0,"category":"Natural","ORIG_FID":2384,"category_1":"Natural"},"geometry":{"type":"Point","coordinates":[76.952168532279529,31.016327821475837]}},
{"type":"Feature","properties":{"Id":0,"area":0.0,"category":"Natural","ORIG_FID":2385,"category_1":"Natural"},"geometry":{"type":"Point","coordinates":[76.951674159776829,31.016808221464494]}},
{"type":"Feature","properties":{"Id":0,"area":0.0,"category":"Natural","ORIG_FID":2386,"category_1":"Natural"},"geometry":{"type":"Point","coordinates":[76.952448163119612,31.016864300676289]}},
{"type":"Feature","properties":{"Id":0,"area":0.0,"category":"Natural","ORIG_FID":2387,"category_1":"Natural"},"geometry":{"type":"Point","coordinates":[76.957354495798086,31.017705652408075]}},
{"type":"Feature","properties":{"Id":0,"area":0.0,"category":"Natural","ORIG_FID":2388,"category_1":"Natural"},"geometry":{"type":"Point","coordinates":[76.957705458804682,31.017377713997437]}},
{"type":"Feature","properties":{"Id":0,"area":0.0,"category":"Natural","ORIG_FID":2389,"category_1":"Natural"},"geometry":{"type":"Point","coordinates":[76.958975940227276,31.01667517603715]}},
{"type":"Feature","properties":{"Id":0,"area":0.0,"category":"Anthropogenic","ORIG_FID":2390,"category_1":"Anthropogenic"},"geometry":{"type":"Point","coordinates":[76.958914284820111,31.018417950122313]}},
{"type":"Feature","properties":{"Id":0,"area":0.0,"category":"Anthropogenic","ORIG_FID":2391,"category_1":"Anthropogenic"},"geometry":{"type":"Point","coordinates":[76.958432592037255,31.018466520025239]}},
{"type":"Feature","properties":{"Id":0,"area":0.0,"category":"Natural","ORIG_FID":2392,"category_1":"Natural"},"geometry":{"type":"Point","coordinates":[76.958062097988233,31.019190796093735]}},
{"type":"Feature","properties":{"Id":0,"area":0.0,"category":"Natural","ORIG_FID":2393,"category_1":"Natural"},"geometry":{"type":"Point","coordinates":[76.958489746390924,31.019377015279616]}},
{"type":"Feature","properties":{"Id":0,"area":0.0,"category":"Natural","ORIG_FID":2394,"category_1":"Natural"},"geometry":{"type":"Point","coordinates":[76.959395563795681,31.019213760496033]}},
{"type":"Feature","properties":{"Id":0,"area":0.0,"category":"Natural","ORIG_FID":2395,"category_1":"Natural"},"geometry":{"type":"Point","coordinates":[76.959855976917737,31.019617225854155]}},
{"type":"Feature","properties":{"Id":0,"area":0.0,"category":"Natural","ORIG_FID":2396,"category_1":"Natural"},"geometry":{"type":"Point","coordinates":[76.957190541320344,31.020499163366193]}},
{"type":"Feature","properties":{"Id":0,"area":0.0,"category":"Natural","ORIG_FID":2397,"category_1":"Natural"},"geometry":{"type":"Point","coordinates":[76.956830672085104,31.02040233207423]}},
{"type":"Feature","properties":{"Id":0,"area":0.0,"category":"Natural","ORIG_FID":2398,"category_1":"Natural"},"geometry":{"type":"Point","coordinates":[76.957268743642345,31.02077038196472]}},
{"type":"Feature","properties":{"Id":0,"area":0.0,"category":"Natural","ORIG_FID":2399,"category_1":"Natural"},"geometry":{"type":"Point","coordinates":[76.956475504290566,31.020259437490395]}},
{"type":"Feature","properties":{"Id":0,"area":0.0,"category":"Natural","ORIG_FID":2400,"category_1":"Natural"},"geometry":{"type":"Point","coordinates":[76.955609227943242,31.020627991137498]}},
{"type":"Feature","properties":{"Id":0,"area":0.0,"category":"Anthropogenic","ORIG_FID":2401,"category_1":"Anthropogenic"},"geometry":{"type":"Point","coordinates":[76.958387813312072,31.02190690508877]}},
{"type":"Feature","properties":{"Id":0,"area":0.0,"category":"Anthropogenic","ORIG_FID":2402,"category_1":"Anthropogenic"},"geometry":{"type":"Point","coordinates":[76.958793507891357,31.022119742373999]}},
{"type":"Feature","properties":{"Id":0,"area":0.0,"category":"Natural","ORIG_FID":2403,"category_1":"Natural"},"geometry":{"type":"Point","coordinates":[76.954870373566521,31.020536302792106]}},
{"type":"Feature","properties":{"Id":0,"area":0.0,"category":"Natural","ORIG_FID":2404,"category_1":"Natural"},"geometry":{"type":"Point","coordinates":[76.95454699143842,31.019600996448691]}},
{"type":"Feature","properties":{"Id":0,"area":0.0,"category":"Natural","ORIG_FID":2405,"category_1":"Natural"},"geometry":{"type":"Point","coordinates":[76.955040849067473,31.021871283570825]}},
{"type":"Feature","properties":{"Id":0,"area":0.0,"category":"Natural","ORIG_FID":2406,"category_1":"Natural"},"geometry":{"type":"Point","coordinates":[76.956162438544538,31.021093895961592]}},
{"type":"Feature","properties":{"Id":0,"area":0.0,"category":"Natural","ORIG_FID":2407,"category_1":"Natural"},"geometry":{"type":"Point","coordinates":[76.955735513061512,31.019798807181008]}},
{"type":"Feature","properties":{"Id":0,"area":0.0,"category":"Natural","ORIG_FID":2408,"category_1":"Natural"},"geometry":{"type":"Point","coordinates":[76.960202034849686,31.021225850087099]}},
{"type":"Feature","properties":{"Id":0,"area":0.0,"category":"Natural","ORIG_FID":2409,"category_1":"Natural"},"geometry":{"type":"Point","coordinates":[76.960209457212372,31.020710563449207]}},
{"type":"Feature","properties":{"Id":0,"area":0.0,"category":"Anthropogenic","ORIG_FID":2410,"category_1":"Anthropogenic"},"geometry":{"type":"Point","coordinates":[76.958367180929173,31.023742410369259]}},
{"type":"Feature","properties":{"Id":0,"area":0.0,"category":"Anthropogenic","ORIG_FID":2411,"category_1":"Anthropogenic"},"geometry":{"type":"Point","coordinates":[76.95205445876158,31.017624440631653]}},
{"type":"Feature","properties":{"Id":0,"area":0.0,"category":"Anthropogenic","ORIG_FID":2412,"category_1":"Anthropogenic"},"geometry":{"type":"Point","coordinates":[76.953425388824854,31.018820359500069]}},
{"type":"Feature","properties":{"Id":0,"area":0.0,"category":"Natural","ORIG_FID":2413,"category_1":"Natural"},"geometry":{"type":"Point","coordinates":[76.954255558033182,31.018112606240884]}},
{"type":"Feature","properties":{"Id":0,"area":0.0,"category":"Anthropogenic","ORIG_FID":2414,"category_1":"Anthropogenic"},"geometry":{"type":"Point","coordinates":[76.953356629113557,31.018450644715603]}},
{"type":"Feature","properties":{"Id":0,"area":0.0,"category":"Anthropogenic","ORIG_FID":2415,"category_1":"Anthropogenic"},"geometry":{"type":"Point","coordinates":[76.952289829528567,31.017756895154111]}},
{"type":"Feature","properties":{"Id":0,"area":0.0,"category":"Natural","ORIG_FID":2416,"category_1":"Natural"},"geometry":{"type":"Point","coordinates":[76.952708962239043,31.020192201984809]}},
{"type":"Feature","properties":{"Id":0,"area":0.0,"category":"Natural","ORIG_FID":2417,"category_1":"Natural"},"geometry":{"type":"Point","coordinates":[76.953061622211067,31.020607581934627]}},
{"type":"Feature","properties":{"Id":0,"area":0.0,"category":"Natural","ORIG_FID":2418,"category_1":"Natural"},"geometry":{"type":"Point","coordinates":[76.953292081966666,31.02138281687877]}},
{"type":"Feature","properties":{"Id":0,"area":0.0,"category":"Natural","ORIG_FID":2419,"category_1":"Natural"},"geometry":{"type":"Point","coordinates":[76.953513046452485,31.021490359100365]}},
{"type":"Feature","properties":{"Id":0,"area":0.0,"category":"Natural","ORIG_FID":2420,"category_1":"Natural"},"geometry":{"type":"Point","coordinates":[76.95277086862491,31.021801809621842]}},
{"type":"Feature","properties":{"Id":0,"area":0.0,"category":"Anthropogenic","ORIG_FID":2421,"category_1":"Anthropogenic"},"geometry":{"type":"Point","coordinates":[76.955647223159872,31.02342740829166]}},
{"type":"Feature","properties":{"Id":0,"area":0.0,"category":"Natural","ORIG_FID":2422,"category_1":"Natural"},"geometry":{"type":"Point","coordinates":[76.953731657018906,31.02176802564432]}},
{"type":"Feature","properties":{"Id":0,"area":0.0,"category":"Anthropogenic","ORIG_FID":2423,"category_1":"Anthropogenic"},"geometry":{"type":"Point","coordinates":[76.956412572705062,31.024130055112312]}},
{"type":"Feature","properties":{"Id":0,"area":0.0,"category":"Natural","ORIG_FID":2424,"category_1":"Natural"},"geometry":{"type":"Point","coordinates":[76.953977980492283,31.022220537493197]}},
{"type":"Feature","properties":{"Id":0,"area":0.0,"category":"Natural","ORIG_FID":2425,"category_1":"Natural"},"geometry":{"type":"Point","coordinates":[76.954391480657122,31.022683705567562]}},
{"type":"Feature","properties":{"Id":0,"area":0.0,"category":"Natural","ORIG_FID":2426,"category_1":"Natural"},"geometry":{"type":"Point","coordinates":[76.95396576274176,31.022780233689897]}},
{"type":"Feature","properties":{"Id":0,"area":0.0,"category":"Natural","ORIG_FID":2427,"category_1":"Natural"},"geometry":{"type":"Point","coordinates":[76.953212812791634,31.022772817285329]}},
{"type":"Feature","properties":{"Id":0,"area":0.0,"category":"Anthropogenic","ORIG_FID":2428,"category_1":"Anthropogenic"},"geometry":{"type":"Point","coordinates":[76.955035118883558,31.023299585329596]}},
{"type":"Feature","properties":{"Id":0,"area":0.0,"category":"Natural","ORIG_FID":2429,"category_1":"Natural"},"geometry":{"type":"Point","coordinates":[76.953237201963248,31.024769082971105]}},
{"type":"Feature","properties":{"Id":0,"area":0.0,"category":"Natural","ORIG_FID":2430,"category_1":"Natural"},"geometry":{"type":"Point","coordinates":[76.95376430554812,31.024839555088789]}},
{"type":"Feature","properties":{"Id":0,"area":0.0,"category":"Anthropogenic","ORIG_FID":2431,"category_1":"Anthropogenic"},"geometry":{"type":"Point","coordinates":[76.954097465757869,31.024210943127013]}},
{"type":"Feature","properties":{"Id":0,"area":0.0,"category":"Natural","ORIG_FID":2432,"category_1":"Natural"},"geometry":{"type":"Point","coordinates":[76.953115677230201,31.024019494699658]}},
{"type":"Feature","properties":{"Id":0,"area":0.0,"category":"Natural","ORIG_FID":2433,"category_1":"Natural"},"geometry":{"type":"Point","coordinates":[76.952949794450461,31.023497092131791]}},
{"type":"Feature","properties":{"Id":0,"area":0.0,"category":"Natural","ORIG_FID":2434,"category_1":"Natural"},"geometry":{"type":"Point","coordinates":[76.953102328671662,31.023734923049648]}},
{"type":"Feature","properties":{"Id":0,"area":0.0,"category":"Natural","ORIG_FID":2435,"category_1":"Natural"},"geometry":{"type":"Point","coordinates":[76.95337797224019,31.023827492444852]}},
{"type":"Feature","properties":{"Id":0,"area":0.0,"category":"Natural","ORIG_FID":2436,"category_1":"Natural"},"geometry":{"type":"Point","coordinates":[76.953602579972383,31.024084039126148]}},
{"type":"Feature","properties":{"Id":0,"area":0.0,"category":"Natural","ORIG_FID":2437,"category_1":"Natural"},"geometry":{"type":"Point","coordinates":[76.962097022962922,31.011961273895793]}},
{"type":"Feature","properties":{"Id":0,"area":0.0,"category":"Natural","ORIG_FID":2438,"category_1":"Natural"},"geometry":{"type":"Point","coordinates":[76.961958899965879,31.012303380286433]}},
{"type":"Feature","properties":{"Id":0,"area":0.0,"category":"Anthropogenic","ORIG_FID":2439,"category_1":"Anthropogenic"},"geometry":{"type":"Point","coordinates":[76.960188952099287,31.0137054419876]}},
{"type":"Feature","properties":{"Id":0,"area":0.0,"category":"Anthropogenic","ORIG_FID":2440,"category_1":"Anthropogenic"},"geometry":{"type":"Point","coordinates":[76.965943333328681,31.017867117907048]}},
{"type":"Feature","properties":{"Id":0,"area":0.0,"category":"Anthropogenic","ORIG_FID":2441,"category_1":"Anthropogenic"},"geometry":{"type":"Point","coordinates":[76.966804159057318,31.017460308829481]}},
{"type":"Feature","properties":{"Id":0,"area":0.0,"category":"Anthropogenic","ORIG_FID":2442,"category_1":"Anthropogenic"},"geometry":{"type":"Point","coordinates":[76.967043132310351,31.034426819346226]}},
{"type":"Feature","properties":{"Id":0,"area":0.0,"category":"Natural","ORIG_FID":2443,"category_1":"Natural"},"geometry":{"type":"Point","coordinates":[76.966402358638291,31.038209882478057]}},
{"type":"Feature","properties":{"Id":0,"area":0.0,"category":"Anthropogenic","ORIG_FID":2444,"category_1":"Anthropogenic"},"geometry":{"type":"Point","coordinates":[76.972607979292803,31.045266135715615]}},
{"type":"Feature","properties":{"Id":0,"area":0.0,"category":"Natural","ORIG_FID":2445,"category_1":"Natural"},"geometry":{"type":"Point","coordinates":[76.972161914755645,31.044055969982029]}},
{"type":"Feature","properties":{"Id":0,"area":0.0,"category":"Natural","ORIG_FID":2446,"category_1":"Natural"},"geometry":{"type":"Point","coordinates":[76.972918758625013,31.043854797421673]}},
{"type":"Feature","properties":{"Id":0,"area":0.0,"category":"Natural","ORIG_FID":2447,"category_1":"Natural"},"geometry":{"type":"Point","coordinates":[76.973668478773945,31.044496668885159]}},
{"type":"Feature","properties":{"Id":0,"area":0.0,"category":"Natural","ORIG_FID":2448,"category_1":"Natural"},"geometry":{"type":"Point","coordinates":[76.971861145476154,31.045007118125547]}},
{"type":"Feature","properties":{"Id":0,"area":0.0,"category":"Anthropogenic","ORIG_FID":2449,"category_1":"Anthropogenic"},"geometry":{"type":"Point","coordinates":[76.974477042311776,31.043388272242012]}},
{"type":"Feature","properties":{"Id":0,"area":0.0,"category":"Anthropogenic","ORIG_FID":2450,"category_1":"Anthropogenic"},"geometry":{"type":"Point","coordinates":[76.974410558928795,31.045344818323802]}},
{"type":"Feature","properties":{"Id":0,"area":0.0,"category":"Anthropogenic","ORIG_FID":2451,"category_1":"Anthropogenic"},"geometry":{"type":"Point","coordinates":[76.973097441007511,31.044888936776054]}},
{"type":"Feature","properties":{"Id":0,"area":0.0,"category":"Natural","ORIG_FID":2452,"category_1":"Natural"},"geometry":{"type":"Point","coordinates":[76.974540051781631,31.044780331717028]}},
{"type":"Feature","properties":{"Id":0,"area":0.0,"category":"Anthropogenic","ORIG_FID":2453,"category_1":"Anthropogenic"},"geometry":{"type":"Point","coordinates":[76.974950341693287,31.04621725243457]}},
{"type":"Feature","properties":{"Id":0,"area":0.0,"category":"Anthropogenic","ORIG_FID":2454,"category_1":"Anthropogenic"},"geometry":{"type":"Point","coordinates":[76.975530991433459,31.046694338400918]}},
{"type":"Feature","properties":{"Id":0,"area":0.0,"category":"Anthropogenic","ORIG_FID":2455,"category_1":"Anthropogenic"},"geometry":{"type":"Point","coordinates":[76.975415928896098,31.046410858041288]}},
{"type":"Feature","properties":{"Id":0,"area":0.0,"category":"Natural","ORIG_FID":2456,"category_1":"Natural"},"geometry":{"type":"Point","coordinates":[76.974127358366559,31.044268500156811]}},
{"type":"Feature","properties":{"Id":0,"area":0.0,"category":"Natural","ORIG_FID":2457,"category_1":"Natural"},"geometry":{"type":"Point","coordinates":[76.974404296966441,31.044189219625679]}},
{"type":"Feature","properties":{"Id":0,"area":0.0,"category":"Natural","ORIG_FID":2458,"category_1":"Natural"},"geometry":{"type":"Point","coordinates":[77.002578122367481,30.977382504566958]}},
{"type":"Feature","properties":{"Id":0,"area":0.0,"category":"Natural","ORIG_FID":2459,"category_1":"Natural"},"geometry":{"type":"Point","coordinates":[77.002126004716658,30.979484746640843]}},
{"type":"Feature","properties":{"Id":0,"area":0.0,"category":"Anthropogenic","ORIG_FID":2460,"category_1":"Anthropogenic"},"geometry":{"type":"Point","coordinates":[77.001800538487586,30.981408752226859]}},
{"type":"Feature","properties":{"Id":0,"area":0.0,"category":"Natural","ORIG_FID":2461,"category_1":"Natural"},"geometry":{"type":"Point","coordinates":[77.00301991040098,30.980650324986012]}},
{"type":"Feature","properties":{"Id":0,"area":0.0,"category":"Anthropogenic","ORIG_FID":2462,"category_1":"Anthropogenic"},"geometry":{"type":"Point","coordinates":[77.001748872210371,30.979158911243857]}},
{"type":"Feature","properties":{"Id":0,"area":0.0,"category":"Natural","ORIG_FID":2463,"category_1":"Natural"},"geometry":{"type":"Point","coordinates":[77.002903875948817,30.978766665103301]}},
{"type":"Feature","properties":{"Id":0,"area":0.0,"category":"Anthropogenic","ORIG_FID":2464,"category_1":"Anthropogenic"},"geometry":{"type":"Point","coordinates":[76.999110262472925,30.980220495140298]}},
{"type":"Feature","properties":{"Id":0,"area":0.0,"category":"Natural","ORIG_FID":2465,"category_1":"Natural"},"geometry":{"type":"Point","coordinates":[77.005297775264211,30.984251978936896]}},
{"type":"Feature","properties":{"Id":0,"area":0.0,"category":"Natural","ORIG_FID":2466,"category_1":"Natural"},"geometry":{"type":"Point","coordinates":[77.006480905198458,30.984067306867352]}},
{"type":"Feature","properties":{"Id":0,"area":0.0,"category":"Natural","ORIG_FID":2467,"category_1":"Natural"},"geometry":{"type":"Point","coordinates":[77.006441671850268,30.988535671398861]}},
{"type":"Feature","properties":{"Id":0,"area":0.0,"category":"Anthropogenic","ORIG_FID":2468,"category_1":"Anthropogenic"},"geometry":{"type":"Point","coordinates":[77.00308053717373,30.988591576914818]}},
{"type":"Feature","properties":{"Id":0,"area":0.0,"category":"Natural","ORIG_FID":2469,"category_1":"Natural"},"geometry":{"type":"Point","coordinates":[77.00149312719212,30.991418794073276]}},
{"type":"Feature","properties":{"Id":0,"area":0.0,"category":"Natural","ORIG_FID":2470,"category_1":"Natural"},"geometry":{"type":"Point","coordinates":[77.002043634591857,30.991391565891423]}},
{"type":"Feature","properties":{"Id":0,"area":0.0,"category":"Natural","ORIG_FID":2471,"category_1":"Natural"},"geometry":{"type":"Point","coordinates":[77.002179687869727,30.991532653950738]}},
{"type":"Feature","properties":{"Id":0,"area":0.0,"category":"Natural","ORIG_FID":2472,"category_1":"Natural"},"geometry":{"type":"Point","coordinates":[77.002354735277663,30.991430729547535]}},
{"type":"Feature","properties":{"Id":0,"area":0.0,"category":"Natural","ORIG_FID":2473,"category_1":"Natural"},"geometry":{"type":"Point","coordinates":[77.002181153305855,30.992644547828498]}},
{"type":"Feature","properties":{"Id":0,"area":0.0,"category":"Natural","ORIG_FID":2474,"category_1":"Natural"},"geometry":{"type":"Point","coordinates":[77.00424630159462,31.007337922185865]}},
{"type":"Feature","properties":{"Id":0,"area":0.0,"category":"Natural","ORIG_FID":2475,"category_1":"Natural"},"geometry":{"type":"Point","coordinates":[77.004565131773262,31.008020547454489]}},
{"type":"Feature","properties":{"Id":0,"area":0.0,"category":"Natural","ORIG_FID":2476,"category_1":"Natural"},"geometry":{"type":"Point","coordinates":[76.992210576292138,31.012793544677951]}},
{"type":"Feature","properties":{"Id":0,"area":0.0,"category":"Natural","ORIG_FID":2477,"category_1":"Natural"},"geometry":{"type":"Point","coordinates":[76.992332075007482,31.011482589099547]}},
{"type":"Feature","properties":{"Id":0,"area":0.0,"category":"Natural","ORIG_FID":2478,"category_1":"Natural"},"geometry":{"type":"Point","coordinates":[76.992581925831075,31.012052496183134]}},
{"type":"Feature","properties":{"Id":0,"area":0.0,"category":"Anthropogenic","ORIG_FID":2479,"category_1":"Anthropogenic"},"geometry":{"type":"Point","coordinates":[77.005416746970425,31.015642152994069]}},
{"type":"Feature","properties":{"Id":0,"area":0.0,"category":"Anthropogenic","ORIG_FID":2480,"category_1":"Anthropogenic"},"geometry":{"type":"Point","coordinates":[77.007739244631395,31.018033195106202]}},
{"type":"Feature","properties":{"Id":0,"area":0.0,"category":"Natural","ORIG_FID":2481,"category_1":"Natural"},"geometry":{"type":"Point","coordinates":[77.0020725148499,31.019202431719407]}},
{"type":"Feature","properties":{"Id":0,"area":0.0,"category":"Natural","ORIG_FID":2482,"category_1":"Natural"},"geometry":{"type":"Point","coordinates":[77.001139738957875,31.019004803926414]}},
{"type":"Feature","properties":{"Id":0,"area":0.0,"category":"Natural","ORIG_FID":2483,"category_1":"Natural"},"geometry":{"type":"Point","coordinates":[77.001809545407582,31.017941432793361]}},
{"type":"Feature","properties":{"Id":0,"area":0.0,"category":"Natural","ORIG_FID":2484,"category_1":"Natural"},"geometry":{"type":"Point","coordinates":[77.001857371854186,31.018227084518927]}},
{"type":"Feature","properties":{"Id":0,"area":0.0,"category":"Natural","ORIG_FID":2485,"category_1":"Natural"},"geometry":{"type":"Point","coordinates":[77.002309591774846,31.018461468884095]}},
{"type":"Feature","properties":{"Id":0,"area":0.0,"category":"Natural","ORIG_FID":2486,"category_1":"Natural"},"geometry":{"type":"Point","coordinates":[77.000869206392068,31.018812602557936]}},
{"type":"Feature","properties":{"Id":0,"area":0.0,"category":"Anthropogenic","ORIG_FID":2487,"category_1":"Anthropogenic"},"geometry":{"type":"Point","coordinates":[77.000622745216177,31.018864434323351]}},
{"type":"Feature","properties":{"Id":0,"area":0.0,"category":"Natural","ORIG_FID":2488,"category_1":"Natural"},"geometry":{"type":"Point","coordinates":[77.003890496528385,31.020230413802082]}},
{"type":"Feature","properties":{"Id":0,"area":0.0,"category":"Natural","ORIG_FID":2489,"category_1":"Natural"},"geometry":{"type":"Point","coordinates":[77.003112439871259,31.020519096794345]}},
{"type":"Feature","properties":{"Id":0,"area":0.0,"category":"Natural","ORIG_FID":2490,"category_1":"Natural"},"geometry":{"type":"Point","coordinates":[77.003441525070954,31.0208345612035]}},
{"type":"Feature","properties":{"Id":0,"area":0.0,"category":"Natural","ORIG_FID":2491,"category_1":"Natural"},"geometry":{"type":"Point","coordinates":[77.003419394587226,31.021127929340778]}},
{"type":"Feature","properties":{"Id":0,"area":0.0,"category":"Natural","ORIG_FID":2492,"category_1":"Natural"},"geometry":{"type":"Point","coordinates":[77.003889052382419,31.021205073615857]}},
{"type":"Feature","properties":{"Id":0,"area":0.0,"category":"Natural","ORIG_FID":2493,"category_1":"Natural"},"geometry":{"type":"Point","coordinates":[77.004309842720971,31.020461802044018]}},
{"type":"Feature","properties":{"Id":0,"area":0.0,"category":"Anthropogenic","ORIG_FID":2494,"category_1":"Anthropogenic"},"geometry":{"type":"Point","coordinates":[77.001662172020929,31.021515541965961]}},
{"type":"Feature","properties":{"Id":0,"area":0.0,"category":"Natural","ORIG_FID":2495,"category_1":"Natural"},"geometry":{"type":"Point","coordinates":[77.002272051771726,31.021008796259512]}},
{"type":"Feature","properties":{"Id":0,"area":0.0,"category":"Natural","ORIG_FID":2496,"category_1":"Natural"},"geometry":{"type":"Point","coordinates":[77.002217482196244,31.020102824395277]}},
{"type":"Feature","properties":{"Id":0,"area":0.0,"category":"Natural","ORIG_FID":2497,"category_1":"Natural"},"geometry":{"type":"Point","coordinates":[77.002230115589853,31.020419205499806]}},
{"type":"Feature","properties":{"Id":0,"area":0.0,"category":"Natural","ORIG_FID":2498,"category_1":"Natural"},"geometry":{"type":"Point","coordinates":[77.001401833051531,31.021087613615283]}},
{"type":"Feature","properties":{"Id":0,"area":0.0,"category":"Anthropogenic","ORIG_FID":2499,"category_1":"Anthropogenic"},"geometry":{"type":"Point","coordinates":[77.001959271472145,31.021665928150185]}},
{"type":"Feature","properties":{"Id":0,"area":0.0,"category":"Natural","ORIG_FID":2500,"category_1":"Natural"},"geometry":{"type":"Point","coordinates":[77.001790377329542,31.02092930700621]}},
{"type":"Feature","properties":{"Id":0,"area":0.0,"category":"Natural","ORIG_FID":2501,"category_1":"Natural"},"geometry":{"type":"Point","coordinates":[77.001960060271159,31.02122989264782]}},
{"type":"Feature","properties":{"Id":0,"area":0.0,"category":"Natural","ORIG_FID":2502,"category_1":"Natural"},"geometry":{"type":"Point","coordinates":[77.00186618430115,31.020675658568205]}},
{"type":"Feature","properties":{"Id":0,"area":0.0,"category":"Natural","ORIG_FID":2503,"category_1":"Natural"},"geometry":{"type":"Point","coordinates":[77.001320765131638,31.019915270436833]}},
{"type":"Feature","properties":{"Id":0,"area":0.0,"category":"Natural","ORIG_FID":2504,"category_1":"Natural"},"geometry":{"type":"Point","coordinates":[77.000872904043817,31.019925649404637]}},
{"type":"Feature","properties":{"Id":0,"area":0.0,"category":"Natural","ORIG_FID":2505,"category_1":"Natural"},"geometry":{"type":"Point","coordinates":[76.999703455058935,31.019818346495388]}},
{"type":"Feature","properties":{"Id":0,"area":0.0,"category":"Natural","ORIG_FID":2506,"category_1":"Natural"},"geometry":{"type":"Point","coordinates":[76.999878843394143,31.019539907008202]}},
{"type":"Feature","properties":{"Id":0,"area":0.0,"category":"Natural","ORIG_FID":2507,"category_1":"Natural"},"geometry":{"type":"Point","coordinates":[77.000155347729617,31.020242034174363]}},
{"type":"Feature","properties":{"Id":0,"area":0.0,"category":"Natural","ORIG_FID":2508,"category_1":"Natural"},"geometry":{"type":"Point","coordinates":[77.000028956268523,31.020049788047626]}},
{"type":"Feature","properties":{"Id":0,"area":0.0,"category":"Anthropogenic","ORIG_FID":2509,"category_1":"Anthropogenic"},"geometry":{"type":"Point","coordinates":[76.999876480025094,31.020946231794802]}},
{"type":"Feature","properties":{"Id":0,"area":0.0,"category":"Natural","ORIG_FID":2510,"category_1":"Natural"},"geometry":{"type":"Point","coordinates":[77.001549640038874,31.020230828416988]}},
{"type":"Feature","properties":{"Id":0,"area":0.0,"category":"Natural","ORIG_FID":2511,"category_1":"Natural"},"geometry":{"type":"Point","coordinates":[76.998589595490955,31.020488314532443]}},
{"type":"Feature","properties":{"Id":0,"area":0.0,"category":"Natural","ORIG_FID":2512,"category_1":"Natural"},"geometry":{"type":"Point","coordinates":[76.998849563301647,31.019050000983579]}},
{"type":"Feature","properties":{"Id":0,"area":0.0,"category":"Natural","ORIG_FID":2513,"category_1":"Natural"},"geometry":{"type":"Point","coordinates":[76.998602336046005,31.020742700511711]}},
{"type":"Feature","properties":{"Id":0,"area":0.0,"category":"Natural","ORIG_FID":2514,"category_1":"Natural"},"geometry":{"type":"Point","coordinates":[76.998879535529397,31.020848744146704]}},
{"type":"Feature","properties":{"Id":0,"area":0.0,"category":"Anthropogenic","ORIG_FID":2515,"category_1":"Anthropogenic"},"geometry":{"type":"Point","coordinates":[77.002732884990436,31.02211070712568]}},
{"type":"Feature","properties":{"Id":0,"area":0.0,"category":"Natural","ORIG_FID":2516,"category_1":"Natural"},"geometry":{"type":"Point","coordinates":[77.007645786665009,31.024229832037019]}},
{"type":"Feature","properties":{"Id":0,"area":0.0,"category":"Natural","ORIG_FID":2517,"category_1":"Natural"},"geometry":{"type":"Point","coordinates":[77.008472736745674,31.025713623028437]}},
{"type":"Feature","properties":{"Id":0,"area":0.0,"category":"Natural","ORIG_FID":2518,"category_1":"Natural"},"geometry":{"type":"Point","coordinates":[77.00799062118648,31.023855649293672]}},
{"type":"Feature","properties":{"Id":0,"area":0.0,"category":"Natural","ORIG_FID":2519,"category_1":"Natural"},"geometry":{"type":"Point","coordinates":[77.010960149117778,31.025585709590803]}},
{"type":"Feature","properties":{"Id":0,"area":0.0,"category":"Natural","ORIG_FID":2520,"category_1":"Natural"},"geometry":{"type":"Point","coordinates":[77.011262985677575,31.02536354584219]}},
{"type":"Feature","properties":{"Id":0,"area":0.0,"category":"Natural","ORIG_FID":2521,"category_1":"Natural"},"geometry":{"type":"Point","coordinates":[77.011314866690384,31.025020089947638]}},
{"type":"Feature","properties":{"Id":0,"area":0.0,"category":"Anthropogenic","ORIG_FID":2522,"category_1":"Anthropogenic"},"geometry":{"type":"Point","coordinates":[77.012751372756185,31.025618252242207]}},
{"type":"Feature","properties":{"Id":0,"area":0.0,"category":"Natural","ORIG_FID":2523,"category_1":"Natural"},"geometry":{"type":"Point","coordinates":[77.013519613817124,31.026966133228683]}},
{"type":"Feature","properties":{"Id":0,"area":0.0,"category":"Natural","ORIG_FID":2524,"category_1":"Natural"},"geometry":{"type":"Point","coordinates":[77.012447860125377,31.02684158666861]}},
{"type":"Feature","properties":{"Id":0,"area":0.0,"category":"Natural","ORIG_FID":2525,"category_1":"Natural"},"geometry":{"type":"Point","coordinates":[77.012011474612592,31.027300171441688]}},
{"type":"Feature","properties":{"Id":0,"area":0.0,"category":"Natural","ORIG_FID":2526,"category_1":"Natural"},"geometry":{"type":"Point","coordinates":[77.012520791192728,31.028760194797268]}},
{"type":"Feature","properties":{"Id":0,"area":0.0,"category":"Natural","ORIG_FID":2527,"category_1":"Natural"},"geometry":{"type":"Point","coordinates":[77.012902372238358,31.027834129156393]}},
{"type":"Feature","properties":{"Id":0,"area":0.0,"category":"Natural","ORIG_FID":2528,"category_1":"Natural"},"geometry":{"type":"Point","coordinates":[77.012991310008786,31.028157667790996]}},
{"type":"Feature","properties":{"Id":0,"area":0.0,"category":"Natural","ORIG_FID":2529,"category_1":"Natural"},"geometry":{"type":"Point","coordinates":[77.015381837449183,31.027455225283038]}},
{"type":"Feature","properties":{"Id":0,"area":0.0,"category":"Natural","ORIG_FID":2530,"category_1":"Natural"},"geometry":{"type":"Point","coordinates":[77.015509140388716,31.026815931774401]}},
{"type":"Feature","properties":{"Id":0,"area":0.0,"category":"Natural","ORIG_FID":2531,"category_1":"Natural"},"geometry":{"type":"Point","coordinates":[77.016278088451855,31.026895388182002]}},
{"type":"Feature","properties":{"Id":0,"area":0.0,"category":"Natural","ORIG_FID":2532,"category_1":"Natural"},"geometry":{"type":"Point","coordinates":[77.015757889299351,31.027602955199182]}},
{"type":"Feature","properties":{"Id":0,"area":0.0,"category":"Natural","ORIG_FID":2533,"category_1":"Natural"},"geometry":{"type":"Point","coordinates":[77.016448142378934,31.027390988653643]}},
{"type":"Feature","properties":{"Id":0,"area":0.0,"category":"Anthropogenic","ORIG_FID":2534,"category_1":"Anthropogenic"},"geometry":{"type":"Point","coordinates":[77.01100880553723,31.030374962791853]}},
{"type":"Feature","properties":{"Id":0,"area":0.0,"category":"Natural","ORIG_FID":2535,"category_1":"Natural"},"geometry":{"type":"Point","coordinates":[77.011284801031167,31.030580749556609]}},
{"type":"Feature","properties":{"Id":0,"area":0.0,"category":"Natural","ORIG_FID":2536,"category_1":"Natural"},"geometry":{"type":"Point","coordinates":[77.012802162818261,31.030551747732829]}},
{"type":"Feature","properties":{"Id":0,"area":0.0,"category":"Natural","ORIG_FID":2537,"category_1":"Natural"},"geometry":{"type":"Point","coordinates":[77.015428956208922,31.030256493259547]}},
{"type":"Feature","properties":{"Id":0,"area":0.0,"category":"Natural","ORIG_FID":2538,"category_1":"Natural"},"geometry":{"type":"Point","coordinates":[77.016516607309768,31.02979087755779]}},
{"type":"Feature","properties":{"Id":0,"area":0.0,"category":"Natural","ORIG_FID":2539,"category_1":"Natural"},"geometry":{"type":"Point","coordinates":[77.015895130833556,31.029576642252586]}},
{"type":"Feature","properties":{"Id":0,"area":0.0,"category":"Natural","ORIG_FID":2540,"category_1":"Natural"},"geometry":{"type":"Point","coordinates":[77.017505213109587,31.028013717342642]}},
{"type":"Feature","properties":{"Id":0,"area":0.0,"category":"Anthropogenic","ORIG_FID":2541,"category_1":"Anthropogenic"},"geometry":{"type":"Point","coordinates":[77.017802955485365,31.028063948835676]}},
{"type":"Feature","properties":{"Id":0,"area":0.0,"category":"Anthropogenic","ORIG_FID":2542,"category_1":"Anthropogenic"},"geometry":{"type":"Point","coordinates":[77.017954579244758,31.02834623306472]}},
{"type":"Feature","properties":{"Id":0,"area":0.0,"category":"Anthropogenic","ORIG_FID":2543,"category_1":"Anthropogenic"},"geometry":{"type":"Point","coordinates":[77.018053600752225,31.028596468604416]}},
{"type":"Feature","properties":{"Id":0,"area":0.0,"category":"Natural","ORIG_FID":2544,"category_1":"Natural"},"geometry":{"type":"Point","coordinates":[77.019205515123474,31.027018450526423]}},
{"type":"Feature","properties":{"Id":0,"area":0.0,"category":"Anthropogenic","ORIG_FID":2545,"category_1":"Anthropogenic"},"geometry":{"type":"Point","coordinates":[77.018715488657364,31.025659012092081]}},
{"type":"Feature","properties":{"Id":0,"area":0.0,"category":"Natural","ORIG_FID":2546,"category_1":"Natural"},"geometry":{"type":"Point","coordinates":[77.015529530815144,31.030694264622099]}},
{"type":"Feature","properties":{"Id":0,"area":0.0,"category":"Natural","ORIG_FID":2547,"category_1":"Natural"},"geometry":{"type":"Point","coordinates":[77.018776878083102,31.030270939610727]}},
{"type":"Feature","properties":{"Id":0,"area":0.0,"category":"Natural","ORIG_FID":2548,"category_1":"Natural"},"geometry":{"type":"Point","coordinates":[77.018639374014811,31.029973898472829]}},
{"type":"Feature","properties":{"Id":0,"area":0.0,"category":"Natural","ORIG_FID":2549,"category_1":"Natural"},"geometry":{"type":"Point","coordinates":[77.155441822218236,31.088862802566204]}},
{"type":"Feature","properties":{"Id":0,"area":0.0,"category":"Anthropogenic","ORIG_FID":2550,"category_1":"Anthropogenic"},"geometry":{"type":"Point","coordinates":[77.154652617986031,31.088009808619685]}},
{"type":"Feature","properties":{"Id":0,"area":0.0,"category":"Anthropogenic","ORIG_FID":2551,"category_1":"Anthropogenic"},"geometry":{"type":"Point","coordinates":[77.165731479591187,31.085222880680472]}},
{"type":"Feature","properties":{"Id":0,"area":0.0,"category":"Natural","ORIG_FID":2552,"category_1":"Natural"},"geometry":{"type":"Point","coordinates":[77.162577808382707,31.046375354466797]}},
{"type":"Feature","properties":{"Id":0,"area":0.0,"category":"Natural","ORIG_FID":2553,"category_1":"Natural"},"geometry":{"type":"Point","coordinates":[77.16010502316594,31.048195927470573]}},
{"type":"Feature","properties":{"Id":0,"area":0.0,"category":"Natural","ORIG_FID":2554,"category_1":"Natural"},"geometry":{"type":"Point","coordinates":[77.168656675623922,31.05444597570202]}},
{"type":"Feature","properties":{"Id":0,"area":0.0,"category":"Natural","ORIG_FID":2555,"category_1":"Natural"},"geometry":{"type":"Point","coordinates":[77.164247648002757,31.057071073718195]}},
{"type":"Feature","properties":{"Id":0,"area":0.0,"category":"Natural","ORIG_FID":2556,"category_1":"Natural"},"geometry":{"type":"Point","coordinates":[77.164008481075854,31.056613790464628]}},
{"type":"Feature","properties":{"Id":0,"area":0.0,"category":"Natural","ORIG_FID":2557,"category_1":"Natural"},"geometry":{"type":"Point","coordinates":[77.16467060628591,31.057251613423432]}},
{"type":"Feature","properties":{"Id":0,"area":0.0,"category":"Natural","ORIG_FID":2558,"category_1":"Natural"},"geometry":{"type":"Point","coordinates":[77.161559727567166,31.06011794504446]}},
{"type":"Feature","properties":{"Id":0,"area":0.0,"category":"Natural","ORIG_FID":2559,"category_1":"Natural"},"geometry":{"type":"Point","coordinates":[77.155384704747135,31.084160382081013]}},
{"type":"Feature","properties":{"Id":0,"area":0.0,"category":"Anthropogenic","ORIG_FID":2560,"category_1":"Anthropogenic"},"geometry":{"type":"Point","coordinates":[77.154386090330348,31.085865487109885]}},
{"type":"Feature","properties":{"Id":0,"area":0.0,"category":"Natural","ORIG_FID":2561,"category_1":"Natural"},"geometry":{"type":"Point","coordinates":[77.025867537508717,31.003915172445264]}},
{"type":"Feature","properties":{"Id":0,"area":0.0,"category":"Natural","ORIG_FID":2562,"category_1":"Natural"},"geometry":{"type":"Point","coordinates":[76.991745145197356,31.004810618913332]}},
{"type":"Feature","properties":{"Id":0,"area":0.0,"category":"Natural","ORIG_FID":2563,"category_1":"Natural"},"geometry":{"type":"Point","coordinates":[76.993818574564031,31.004201486894356]}},
{"type":"Feature","properties":{"Id":0,"area":0.0,"category":"Natural","ORIG_FID":2564,"category_1":"Natural"},"geometry":{"type":"Point","coordinates":[76.986009104843077,31.005847639214942]}},
{"type":"Feature","properties":{"Id":0,"area":0.0,"category":"Natural","ORIG_FID":2565,"category_1":"Natural"},"geometry":{"type":"Point","coordinates":[76.986125231504232,31.006127043094171]}},
{"type":"Feature","properties":{"Id":0,"area":0.0,"category":"Natural","ORIG_FID":2566,"category_1":"Natural"},"geometry":{"type":"Point","coordinates":[76.983324927303144,31.007643615846057]}},
{"type":"Feature","properties":{"Id":0,"area":0.0,"category":"Natural","ORIG_FID":2567,"category_1":"Natural"},"geometry":{"type":"Point","coordinates":[76.983025875673576,31.008287947387032]}},
{"type":"Feature","properties":{"Id":0,"area":0.0,"category":"Natural","ORIG_FID":2568,"category_1":"Natural"},"geometry":{"type":"Point","coordinates":[76.984910635254352,31.008195392679649]}},
{"type":"Feature","properties":{"Id":0,"area":0.0,"category":"Natural","ORIG_FID":2569,"category_1":"Natural"},"geometry":{"type":"Point","coordinates":[76.977249142935065,31.012210386638166]}},
{"type":"Feature","properties":{"Id":0,"area":0.0,"category":"Anthropogenic","ORIG_FID":2570,"category_1":"Anthropogenic"},"geometry":{"type":"Point","coordinates":[76.97892901601486,31.013150290037562]}},
{"type":"Feature","properties":{"Id":0,"area":0.0,"category":"Anthropogenic","ORIG_FID":2571,"category_1":"Anthropogenic"},"geometry":{"type":"Point","coordinates":[76.979281001457394,31.013020461129628]}},
{"type":"Feature","properties":{"Id":0,"area":0.0,"category":"Anthropogenic","ORIG_FID":2572,"category_1":"Anthropogenic"},"geometry":{"type":"Point","coordinates":[76.982119140066487,31.010467964829164]}},
{"type":"Feature","properties":{"Id":0,"area":0.0,"category":"Natural","ORIG_FID":2573,"category_1":"Natural"},"geometry":{"type":"Point","coordinates":[76.975742218312604,31.010023162346535]}},
{"type":"Feature","properties":{"Id":0,"area":0.0,"category":"Natural","ORIG_FID":2574,"category_1":"Natural"},"geometry":{"type":"Point","coordinates":[76.973365401735251,31.011255941093356]}},
{"type":"Feature","properties":{"Id":0,"area":0.0,"category":"Natural","ORIG_FID":2575,"category_1":"Natural"},"geometry":{"type":"Point","coordinates":[76.973396928234635,31.01166298455535]}},
{"type":"Feature","properties":{"Id":0,"area":0.0,"category":"Natural","ORIG_FID":2576,"category_1":"Natural"},"geometry":{"type":"Point","coordinates":[76.981007732894625,31.006312121691327]}},
{"type":"Feature","properties":{"Id":0,"area":0.0,"category":"Natural","ORIG_FID":2577,"category_1":"Natural"},"geometry":{"type":"Point","coordinates":[76.980861472553116,31.00661823878988]}},
{"type":"Feature","properties":{"Id":0,"area":0.0,"category":"Natural","ORIG_FID":2578,"category_1":"Natural"},"geometry":{"type":"Point","coordinates":[76.983957564015,31.00322811835764]}},
{"type":"Feature","properties":{"Id":0,"area":0.0,"category":"Natural","ORIG_FID":2579,"category_1":"Natural"},"geometry":{"type":"Point","coordinates":[76.984071529031624,31.003380973391579]}},
{"type":"Feature","properties":{"Id":0,"area":0.0,"category":"Natural","ORIG_FID":2580,"category_1":"Natural"},"geometry":{"type":"Point","coordinates":[76.974588519848581,31.01439622727796]}},
{"type":"Feature","properties":{"Id":0,"area":0.0,"category":"Natural","ORIG_FID":2581,"category_1":"Natural"},"geometry":{"type":"Point","coordinates":[76.975270780072677,31.013932421073132]}},
{"type":"Feature","properties":{"Id":0,"area":0.0,"category":"Anthropogenic","ORIG_FID":2582,"category_1":"Anthropogenic"},"geometry":{"type":"Point","coordinates":[76.974266673607218,31.013835685121386]}},
{"type":"Feature","properties":{"Id":0,"area":0.0,"category":"Anthropogenic","ORIG_FID":2583,"category_1":"Anthropogenic"},"geometry":{"type":"Point","coordinates":[76.974258109102735,31.01418869380403]}},
{"type":"Feature","properties":{"Id":0,"area":0.0,"category":"Anthropogenic","ORIG_FID":2584,"category_1":"Anthropogenic"},"geometry":{"type":"Point","coordinates":[76.973988720083526,31.015826081874557]}},
{"type":"Feature","properties":{"Id":0,"area":0.0,"category":"Anthropogenic","ORIG_FID":2585,"category_1":"Anthropogenic"},"geometry":{"type":"Point","coordinates":[76.970739638259786,31.012053892258542]}},
{"type":"Feature","properties":{"Id":0,"area":0.0,"category":"Anthropogenic","ORIG_FID":2586,"category_1":"Anthropogenic"},"geometry":{"type":"Point","coordinates":[76.971700417517724,31.013629580526587]}},
{"type":"Feature","properties":{"Id":0,"area":0.0,"category":"Natural","ORIG_FID":2587,"category_1":"Natural"},"geometry":{"type":"Point","coordinates":[76.968755281545114,31.007257330787787]}},
{"type":"Feature","properties":{"Id":0,"area":0.0,"category":"Natural","ORIG_FID":2588,"category_1":"Natural"},"geometry":{"type":"Point","coordinates":[76.968311382554248,31.007226552997118]}},
{"type":"Feature","properties":{"Id":0,"area":0.0,"category":"Natural","ORIG_FID":2589,"category_1":"Natural"},"geometry":{"type":"Point","coordinates":[76.966829598175892,31.007143369717561]}},
{"type":"Feature","properties":{"Id":0,"area":0.0,"category":"Anthropogenic","ORIG_FID":2590,"category_1":"Anthropogenic"},"geometry":{"type":"Point","coordinates":[76.970787188927105,31.004840577490665]}},
{"type":"Feature","properties":{"Id":0,"area":0.0,"category":"Natural","ORIG_FID":2591,"category_1":"Natural"},"geometry":{"type":"Point","coordinates":[76.970503392462135,31.00503209423923]}},
{"type":"Feature","properties":{"Id":0,"area":0.0,"category":"Natural","ORIG_FID":2592,"category_1":"Natural"},"geometry":{"type":"Point","coordinates":[76.9698426169698,31.005755974256513]}},
{"type":"Feature","properties":{"Id":0,"area":0.0,"category":"Natural","ORIG_FID":2593,"category_1":"Natural"},"geometry":{"type":"Point","coordinates":[76.969360464158697,31.005160948692378]}},
{"type":"Feature","properties":{"Id":0,"area":0.0,"category":"Natural","ORIG_FID":2594,"category_1":"Natural"},"geometry":{"type":"Point","coordinates":[76.968703411862876,31.005620643512756]}},
{"type":"Feature","properties":{"Id":0,"area":0.0,"category":"Anthropogenic","ORIG_FID":2595,"category_1":"Anthropogenic"},"geometry":{"type":"Point","coordinates":[76.971285192296207,31.004329129634034]}},
{"type":"Feature","properties":{"Id":0,"area":0.0,"category":"Anthropogenic","ORIG_FID":2596,"category_1":"Anthropogenic"},"geometry":{"type":"Point","coordinates":[76.967673988762741,31.005597484912958]}},
{"type":"Feature","properties":{"Id":0,"area":0.0,"category":"Anthropogenic","ORIG_FID":2597,"category_1":"Anthropogenic"},"geometry":{"type":"Point","coordinates":[76.968224432692452,31.006046129703766]}},
{"type":"Feature","properties":{"Id":0,"area":0.0,"category":"Natural","ORIG_FID":2598,"category_1":"Natural"},"geometry":{"type":"Point","coordinates":[76.98206089644485,31.015354887820063]}},
{"type":"Feature","properties":{"Id":0,"area":0.0,"category":"Anthropogenic","ORIG_FID":2599,"category_1":"Anthropogenic"},"geometry":{"type":"Point","coordinates":[76.97574385539518,31.014958354245177]}},
{"type":"Feature","properties":{"Id":0,"area":0.0,"category":"Natural","ORIG_FID":2600,"category_1":"Natural"},"geometry":{"type":"Point","coordinates":[76.99108079503354,31.019205993683126]}},
{"type":"Feature","properties":{"Id":0,"area":0.0,"category":"Natural","ORIG_FID":2601,"category_1":"Natural"},"geometry":{"type":"Point","coordinates":[76.99059948198763,31.018469758987653]}},
{"type":"Feature","properties":{"Id":0,"area":0.0,"category":"Anthropogenic","ORIG_FID":2602,"category_1":"Anthropogenic"},"geometry":{"type":"Point","coordinates":[76.982232789265353,31.019700613109833]}},
{"type":"Feature","properties":{"Id":0,"area":0.0,"category":"Anthropogenic","ORIG_FID":2603,"category_1":"Anthropogenic"},"geometry":{"type":"Point","coordinates":[76.983778845459184,31.019575324548981]}},
{"type":"Feature","properties":{"Id":0,"area":0.0,"category":"Anthropogenic","ORIG_FID":2604,"category_1":"Anthropogenic"},"geometry":{"type":"Point","coordinates":[76.983664851133113,31.019370190320831]}},
{"type":"Feature","properties":{"Id":0,"area":0.0,"category":"Anthropogenic","ORIG_FID":2605,"category_1":"Anthropogenic"},"geometry":{"type":"Point","coordinates":[76.983506377751766,31.019247078424709]}},
{"type":"Feature","properties":{"Id":0,"area":0.0,"category":"Anthropogenic","ORIG_FID":2606,"category_1":"Anthropogenic"},"geometry":{"type":"Point","coordinates":[76.982607722904987,31.019934046208952]}},
{"type":"Feature","properties":{"Id":0,"area":0.0,"category":"Natural","ORIG_FID":2607,"category_1":"Natural"},"geometry":{"type":"Point","coordinates":[76.986535358495701,31.022791936630018]}},
{"type":"Feature","properties":{"Id":0,"area":0.0,"category":"Natural","ORIG_FID":2608,"category_1":"Natural"},"geometry":{"type":"Point","coordinates":[76.988480498663478,31.022885506980955]}},
{"type":"Feature","properties":{"Id":0,"area":0.0,"category":"Natural","ORIG_FID":2609,"category_1":"Natural"},"geometry":{"type":"Point","coordinates":[76.989417845634932,31.023601049765038]}},
{"type":"Feature","properties":{"Id":0,"area":0.0,"category":"Natural","ORIG_FID":2610,"category_1":"Natural"},"geometry":{"type":"Point","coordinates":[76.989862863457191,31.023407048693578]}},
{"type":"Feature","properties":{"Id":0,"area":0.0,"category":"Natural","ORIG_FID":2611,"category_1":"Natural"},"geometry":{"type":"Point","coordinates":[76.988459166690873,31.023476400612243]}},
{"type":"Feature","properties":{"Id":0,"area":0.0,"category":"Natural","ORIG_FID":2612,"category_1":"Natural"},"geometry":{"type":"Point","coordinates":[76.988706959729043,31.02358677135803]}},
{"type":"Feature","properties":{"Id":0,"area":0.0,"category":"Natural","ORIG_FID":2613,"category_1":"Natural"},"geometry":{"type":"Point","coordinates":[76.988976902518104,31.023678312841596]}},
{"type":"Feature","properties":{"Id":0,"area":0.0,"category":"Natural","ORIG_FID":2614,"category_1":"Natural"},"geometry":{"type":"Point","coordinates":[76.985617669273566,31.02501186007953]}},
{"type":"Feature","properties":{"Id":0,"area":0.0,"category":"Natural","ORIG_FID":2615,"category_1":"Natural"},"geometry":{"type":"Point","coordinates":[76.98697675105079,31.026258501118104]}},
{"type":"Feature","properties":{"Id":0,"area":0.0,"category":"Natural","ORIG_FID":2616,"category_1":"Natural"},"geometry":{"type":"Point","coordinates":[76.987208586879163,31.026515774025139]}},
{"type":"Feature","properties":{"Id":0,"area":0.0,"category":"Natural","ORIG_FID":2617,"category_1":"Natural"},"geometry":{"type":"Point","coordinates":[76.986157028138763,31.025310534612096]}},
{"type":"Feature","properties":{"Id":0,"area":0.0,"category":"Natural","ORIG_FID":2618,"category_1":"Natural"},"geometry":{"type":"Point","coordinates":[76.988187609638757,31.025630244257936]}},
{"type":"Feature","properties":{"Id":0,"area":0.0,"category":"Natural","ORIG_FID":2619,"category_1":"Natural"},"geometry":{"type":"Point","coordinates":[76.988209185685676,31.026835427302455]}},
{"type":"Feature","properties":{"Id":0,"area":0.0,"category":"Natural","ORIG_FID":2620,"category_1":"Natural"},"geometry":{"type":"Point","coordinates":[76.989774314649523,31.026983060579163]}},
{"type":"Feature","properties":{"Id":0,"area":0.0,"category":"Anthropogenic","ORIG_FID":2621,"category_1":"Anthropogenic"},"geometry":{"type":"Point","coordinates":[76.988935551353265,31.027567785602123]}},
{"type":"Feature","properties":{"Id":0,"area":0.0,"category":"Anthropogenic","ORIG_FID":2622,"category_1":"Anthropogenic"},"geometry":{"type":"Point","coordinates":[76.98918285352741,31.027592807164556]}},
{"type":"Feature","properties":{"Id":0,"area":0.0,"category":"Natural","ORIG_FID":2623,"category_1":"Natural"},"geometry":{"type":"Point","coordinates":[76.985941403245121,31.027632662277725]}},
{"type":"Feature","properties":{"Id":0,"area":0.0,"category":"Natural","ORIG_FID":2624,"category_1":"Natural"},"geometry":{"type":"Point","coordinates":[76.985358259100508,31.029128770616641]}},
{"type":"Feature","properties":{"Id":0,"area":0.0,"category":"Natural","ORIG_FID":2625,"category_1":"Natural"},"geometry":{"type":"Point","coordinates":[76.985803729499693,31.029619351316175]}},
{"type":"Feature","properties":{"Id":0,"area":0.0,"category":"Natural","ORIG_FID":2626,"category_1":"Natural"},"geometry":{"type":"Point","coordinates":[76.986273261809586,31.029684413825347]}},
{"type":"Feature","properties":{"Id":0,"area":0.0,"category":"Natural","ORIG_FID":2627,"category_1":"Natural"},"geometry":{"type":"Point","coordinates":[76.986376467714464,31.029982740888894]}},
{"type":"Feature","properties":{"Id":0,"area":0.0,"category":"Natural","ORIG_FID":2628,"category_1":"Natural"},"geometry":{"type":"Point","coordinates":[76.987750053916599,31.03118700329874]}},
{"type":"Feature","properties":{"Id":0,"area":0.0,"category":"Natural","ORIG_FID":2629,"category_1":"Natural"},"geometry":{"type":"Point","coordinates":[76.985792688497881,31.030127105606116]}},
{"type":"Feature","properties":{"Id":0,"area":0.0,"category":"Natural","ORIG_FID":2630,"category_1":"Natural"},"geometry":{"type":"Point","coordinates":[76.986061657180443,31.030468764448205]}},
{"type":"Feature","properties":{"Id":0,"area":0.0,"category":"Natural","ORIG_FID":2631,"category_1":"Natural"},"geometry":{"type":"Point","coordinates":[76.986225029968466,31.030731627054319]}},
{"type":"Feature","properties":{"Id":0,"area":0.0,"category":"Natural","ORIG_FID":2632,"category_1":"Natural"},"geometry":{"type":"Point","coordinates":[76.986776457710633,31.030235305768723]}},
{"type":"Feature","properties":{"Id":0,"area":0.0,"category":"Natural","ORIG_FID":2633,"category_1":"Natural"},"geometry":{"type":"Point","coordinates":[76.986539499285158,31.030269228742153]}},
{"type":"Feature","properties":{"Id":0,"area":0.0,"category":"Natural","ORIG_FID":2634,"category_1":"Natural"},"geometry":{"type":"Point","coordinates":[76.984224474174724,31.032322041397165]}},
{"type":"Feature","properties":{"Id":0,"area":0.0,"category":"Natural","ORIG_FID":2635,"category_1":"Natural"},"geometry":{"type":"Point","coordinates":[76.984233101235318,31.03308450349429]}},
{"type":"Feature","properties":{"Id":0,"area":0.0,"category":"Natural","ORIG_FID":2636,"category_1":"Natural"},"geometry":{"type":"Point","coordinates":[76.985713462175937,31.032810549550245]}},
{"type":"Feature","properties":{"Id":0,"area":0.0,"category":"Natural","ORIG_FID":2637,"category_1":"Natural"},"geometry":{"type":"Point","coordinates":[76.985368707599548,31.034014674382568]}},
{"type":"Feature","properties":{"Id":0,"area":0.0,"category":"Natural","ORIG_FID":2638,"category_1":"Natural"},"geometry":{"type":"Point","coordinates":[76.985679891222034,31.033427934338572]}},
{"type":"Feature","properties":{"Id":0,"area":0.0,"category":"Natural","ORIG_FID":2639,"category_1":"Natural"},"geometry":{"type":"Point","coordinates":[76.986639305404935,31.033679820271523]}},
{"type":"Feature","properties":{"Id":0,"area":0.0,"category":"Natural","ORIG_FID":2640,"category_1":"Natural"},"geometry":{"type":"Point","coordinates":[76.988614135033899,31.033923821712524]}},
{"type":"Feature","properties":{"Id":0,"area":0.0,"category":"Natural","ORIG_FID":2641,"category_1":"Natural"},"geometry":{"type":"Point","coordinates":[76.985184946739111,31.035395071707526]}},
{"type":"Feature","properties":{"Id":0,"area":0.0,"category":"Natural","ORIG_FID":2642,"category_1":"Natural"},"geometry":{"type":"Point","coordinates":[76.987232590587993,31.033847792286423]}},
{"type":"Feature","properties":{"Id":0,"area":0.0,"category":"Natural","ORIG_FID":2643,"category_1":"Natural"},"geometry":{"type":"Point","coordinates":[76.987774508696845,31.034311371742692]}},
{"type":"Feature","properties":{"Id":0,"area":0.0,"category":"Natural","ORIG_FID":2644,"category_1":"Natural"},"geometry":{"type":"Point","coordinates":[76.988047218204642,31.034340554800465]}},
{"type":"Feature","properties":{"Id":0,"area":0.0,"category":"Natural","ORIG_FID":2645,"category_1":"Natural"},"geometry":{"type":"Point","coordinates":[76.987339175145436,31.034307076762133]}},
{"type":"Feature","properties":{"Id":0,"area":0.0,"category":"Anthropogenic","ORIG_FID":2646,"category_1":"Anthropogenic"},"geometry":{"type":"Point","coordinates":[76.987778622465044,31.035704359603976]}},
{"type":"Feature","properties":{"Id":0,"area":0.0,"category":"Natural","ORIG_FID":2647,"category_1":"Natural"},"geometry":{"type":"Point","coordinates":[76.980026262416857,31.071670404397778]}},
{"type":"Feature","properties":{"Id":0,"area":0.0,"category":"Anthropogenic","ORIG_FID":2648,"category_1":"Anthropogenic"},"geometry":{"type":"Point","coordinates":[76.975931838214265,31.071270180787931]}},
{"type":"Feature","properties":{"Id":0,"area":0.0,"category":"Anthropogenic","ORIG_FID":2649,"category_1":"Anthropogenic"},"geometry":{"type":"Point","coordinates":[76.977079474589729,31.072621667878046]}},
{"type":"Feature","properties":{"Id":0,"area":0.0,"category":"Anthropogenic","ORIG_FID":2650,"category_1":"Anthropogenic"},"geometry":{"type":"Point","coordinates":[76.976683383177061,31.071780597196859]}},
{"type":"Feature","properties":{"Id":0,"area":0.0,"category":"Anthropogenic","ORIG_FID":2651,"category_1":"Anthropogenic"},"geometry":{"type":"Point","coordinates":[76.977496339689282,31.072837816867828]}},
{"type":"Feature","properties":{"Id":0,"area":0.0,"category":"Natural","ORIG_FID":2652,"category_1":"Natural"},"geometry":{"type":"Point","coordinates":[76.97369213490434,31.069018274210784]}},
{"type":"Feature","properties":{"Id":0,"area":0.0,"category":"Natural","ORIG_FID":2653,"category_1":"Natural"},"geometry":{"type":"Point","coordinates":[76.974707733151604,31.069744067718716]}},
{"type":"Feature","properties":{"Id":0,"area":0.0,"category":"Natural","ORIG_FID":2654,"category_1":"Natural"},"geometry":{"type":"Point","coordinates":[76.974473124913132,31.069542382301822]}},
{"type":"Feature","properties":{"Id":0,"area":0.0,"category":"Natural","ORIG_FID":2655,"category_1":"Natural"},"geometry":{"type":"Point","coordinates":[76.985501908955925,31.085596512256959]}},
{"type":"Feature","properties":{"Id":0,"area":0.0,"category":"Anthropogenic","ORIG_FID":2656,"category_1":"Anthropogenic"},"geometry":{"type":"Point","coordinates":[76.968546422635583,31.088755256067952]}},
{"type":"Feature","properties":{"Id":0,"area":0.0,"category":"Anthropogenic","ORIG_FID":2657,"category_1":"Anthropogenic"},"geometry":{"type":"Point","coordinates":[76.968846579413764,31.088846292293628]}},
{"type":"Feature","properties":{"Id":0,"area":0.0,"category":"Natural","ORIG_FID":2658,"category_1":"Natural"},"geometry":{"type":"Point","coordinates":[76.973908485886511,31.100885024490086]}},
{"type":"Feature","properties":{"Id":0,"area":0.0,"category":"Natural","ORIG_FID":2659,"category_1":"Natural"},"geometry":{"type":"Point","coordinates":[76.975114223664363,31.100895529645655]}},
{"type":"Feature","properties":{"Id":0,"area":0.0,"category":"Natural","ORIG_FID":2660,"category_1":"Natural"},"geometry":{"type":"Point","coordinates":[76.978560533214207,31.099301384969564]}},
{"type":"Feature","properties":{"Id":0,"area":0.0,"category":"Natural","ORIG_FID":2661,"category_1":"Natural"},"geometry":{"type":"Point","coordinates":[76.975282645538215,31.100725061845178]}},
{"type":"Feature","properties":{"Id":0,"area":0.0,"category":"Anthropogenic","ORIG_FID":2662,"category_1":"Anthropogenic"},"geometry":{"type":"Point","coordinates":[76.973738897771455,31.105971270009064]}},
{"type":"Feature","properties":{"Id":0,"area":0.0,"category":"Anthropogenic","ORIG_FID":2663,"category_1":"Anthropogenic"},"geometry":{"type":"Point","coordinates":[76.974359949329468,31.106069816358826]}},
{"type":"Feature","properties":{"Id":0,"area":0.0,"category":"Natural","ORIG_FID":2664,"category_1":"Natural"},"geometry":{"type":"Point","coordinates":[76.974198097914055,31.10448648473184]}},
{"type":"Feature","properties":{"Id":0,"area":0.0,"category":"Natural","ORIG_FID":2665,"category_1":"Natural"},"geometry":{"type":"Point","coordinates":[76.974521303594813,31.104891787997531]}},
{"type":"Feature","properties":{"Id":0,"area":0.0,"category":"Natural","ORIG_FID":2666,"category_1":"Natural"},"geometry":{"type":"Point","coordinates":[76.978438528968923,31.110795750473486]}},
{"type":"Feature","properties":{"Id":0,"area":0.0,"category":"Anthropogenic","ORIG_FID":2667,"category_1":"Anthropogenic"},"geometry":{"type":"Point","coordinates":[76.977824507949407,31.111039149806185]}},
{"type":"Feature","properties":{"Id":0,"area":0.0,"category":"Anthropogenic","ORIG_FID":2668,"category_1":"Anthropogenic"},"geometry":{"type":"Point","coordinates":[76.990852613949727,31.11630803090387]}},
{"type":"Feature","properties":{"Id":0,"area":0.0,"category":"Natural","ORIG_FID":2669,"category_1":"Natural"},"geometry":{"type":"Point","coordinates":[76.993159557718741,31.113979859577299]}},
{"type":"Feature","properties":{"Id":0,"area":0.0,"category":"Natural","ORIG_FID":2670,"category_1":"Natural"},"geometry":{"type":"Point","coordinates":[76.993747058341398,31.133581745962164]}},
{"type":"Feature","properties":{"Id":0,"area":0.0,"category":"Natural","ORIG_FID":2671,"category_1":"Natural"},"geometry":{"type":"Point","coordinates":[76.994393973167107,31.133479685897044]}},
{"type":"Feature","properties":{"Id":0,"area":0.0,"category":"Anthropogenic","ORIG_FID":2672,"category_1":"Anthropogenic"},"geometry":{"type":"Point","coordinates":[76.994686432643135,31.135668850895797]}},
{"type":"Feature","properties":{"Id":0,"area":0.0,"category":"Natural","ORIG_FID":2673,"category_1":"Natural"},"geometry":{"type":"Point","coordinates":[76.994437908562546,31.134151554393014]}},
{"type":"Feature","properties":{"Id":0,"area":0.0,"category":"Natural","ORIG_FID":2680,"category_1":"Natural"},"geometry":{"type":"Point","coordinates":[76.925367705799104,30.902613396727546]}},
{"type":"Feature","properties":{"Id":0,"area":0.0,"category":"Anthropogenic","ORIG_FID":2681,"category_1":"Anthropogenic"},"geometry":{"type":"Point","coordinates":[76.917849673593608,30.909666570110794]}},
{"type":"Feature","properties":{"Id":0,"area":0.0,"category":"Anthropogenic","ORIG_FID":2682,"category_1":"Anthropogenic"},"geometry":{"type":"Point","coordinates":[76.921374357117841,30.909884080875777]}},
{"type":"Feature","properties":{"Id":0,"area":0.0,"category":"Anthropogenic","ORIG_FID":2683,"category_1":"Anthropogenic"},"geometry":{"type":"Point","coordinates":[76.92203995234685,30.909006069855153]}},
{"type":"Feature","properties":{"Id":0,"area":0.0,"category":"Anthropogenic","ORIG_FID":2684,"category_1":"Anthropogenic"},"geometry":{"type":"Point","coordinates":[76.916013766820384,30.915480924650769]}},
{"type":"Feature","properties":{"Id":0,"area":0.0,"category":"Anthropogenic","ORIG_FID":2685,"category_1":"Anthropogenic"},"geometry":{"type":"Point","coordinates":[76.916016674149134,30.914756335297]}},
{"type":"Feature","properties":{"Id":0,"area":0.0,"category":"Natural","ORIG_FID":2686,"category_1":"Natural"},"geometry":{"type":"Point","coordinates":[76.920913300869628,30.918392741782323]}},
{"type":"Feature","properties":{"Id":0,"area":0.0,"category":"Natural","ORIG_FID":2687,"category_1":"Natural"},"geometry":{"type":"Point","coordinates":[76.921310238616982,30.918525486578549]}},
{"type":"Feature","properties":{"Id":0,"area":0.0,"category":"Natural","ORIG_FID":2688,"category_1":"Natural"},"geometry":{"type":"Point","coordinates":[76.921225974194769,30.919233754414428]}},
{"type":"Feature","properties":{"Id":0,"area":0.0,"category":"Natural","ORIG_FID":2689,"category_1":"Natural"},"geometry":{"type":"Point","coordinates":[76.922858744016438,30.923119751593724]}},
{"type":"Feature","properties":{"Id":0,"area":0.0,"category":"Anthropogenic","ORIG_FID":2690,"category_1":"Anthropogenic"},"geometry":{"type":"Point","coordinates":[76.92083654908437,30.923264707607888]}},
{"type":"Feature","properties":{"Id":0,"area":0.0,"category":"Anthropogenic","ORIG_FID":2691,"category_1":"Anthropogenic"},"geometry":{"type":"Point","coordinates":[76.916149920361192,30.930414264062975]}},
{"type":"Feature","properties":{"Id":0,"area":0.0,"category":"Natural","ORIG_FID":2692,"category_1":"Natural"},"geometry":{"type":"Point","coordinates":[76.912440015828977,30.930724442614778]}},
{"type":"Feature","properties":{"Id":0,"area":0.0,"category":"Natural","ORIG_FID":2693,"category_1":"Natural"},"geometry":{"type":"Point","coordinates":[76.912234496427601,30.93197646381789]}},
{"type":"Feature","properties":{"Id":0,"area":0.0,"category":"Natural","ORIG_FID":2694,"category_1":"Natural"},"geometry":{"type":"Point","coordinates":[76.912554973358809,30.930374713119971]}},
{"type":"Feature","properties":{"Id":0,"area":0.0,"category":"Natural","ORIG_FID":2695,"category_1":"Natural"},"geometry":{"type":"Point","coordinates":[76.90906136948874,30.932711420279659]}},
{"type":"Feature","properties":{"Id":0,"area":0.0,"category":"Anthropogenic","ORIG_FID":2696,"category_1":"Anthropogenic"},"geometry":{"type":"Point","coordinates":[76.926445748955572,30.927866963562064]}},
{"type":"Feature","properties":{"Id":0,"area":0.0,"category":"Anthropogenic","ORIG_FID":2697,"category_1":"Anthropogenic"},"geometry":{"type":"Point","coordinates":[76.92686339198319,30.927599115438671]}},
{"type":"Feature","properties":{"Id":0,"area":0.0,"category":"Anthropogenic","ORIG_FID":2698,"category_1":"Anthropogenic"},"geometry":{"type":"Point","coordinates":[76.921754412314726,30.93642746182207]}},
{"type":"Feature","properties":{"Id":0,"area":0.0,"category":"Natural","ORIG_FID":2699,"category_1":"Natural"},"geometry":{"type":"Point","coordinates":[76.914652275512438,30.946710920225225]}},
{"type":"Feature","properties":{"Id":0,"area":0.0,"category":"Natural","ORIG_FID":2700,"category_1":"Natural"},"geometry":{"type":"Point","coordinates":[76.913140774872332,30.946938068637216]}},
{"type":"Feature","properties":{"Id":0,"area":0.0,"category":"Natural","ORIG_FID":2701,"category_1":"Natural"},"geometry":{"type":"Point","coordinates":[76.912348108394042,30.946590294534946]}},
{"type":"Feature","properties":{"Id":0,"area":0.0,"category":"Anthropogenic","ORIG_FID":2702,"category_1":"Anthropogenic"},"geometry":{"type":"Point","coordinates":[76.914432487459067,30.960147841580753]}},
{"type":"Feature","properties":{"Id":0,"area":0.0,"category":"Natural","ORIG_FID":2703,"category_1":"Natural"},"geometry":{"type":"Point","coordinates":[76.928252886311171,30.973254820304088]}},
{"type":"Feature","properties":{"Id":0,"area":0.0,"category":"Anthropogenic","ORIG_FID":2704,"category_1":"Anthropogenic"},"geometry":{"type":"Point","coordinates":[76.920232158298404,30.97953977917286]}},
{"type":"Feature","properties":{"Id":0,"area":0.0,"category":"Natural","ORIG_FID":2705,"category_1":"Natural"},"geometry":{"type":"Point","coordinates":[76.926374190857217,30.981418374609326]}},
{"type":"Feature","properties":{"Id":0,"area":0.0,"category":"Natural","ORIG_FID":2706,"category_1":"Natural"},"geometry":{"type":"Point","coordinates":[76.926950462169117,30.982120878983618]}},
{"type":"Feature","properties":{"Id":0,"area":0.0,"category":"Anthropogenic","ORIG_FID":2707,"category_1":"Anthropogenic"},"geometry":{"type":"Point","coordinates":[76.929712283825594,30.979761694101192]}},
{"type":"Feature","properties":{"Id":0,"area":0.0,"category":"Natural","ORIG_FID":2708,"category_1":"Natural"},"geometry":{"type":"Point","coordinates":[76.927758777982433,30.985061933744706]}},
{"type":"Feature","properties":{"Id":0,"area":0.0,"category":"Natural","ORIG_FID":2709,"category_1":"Natural"},"geometry":{"type":"Point","coordinates":[76.928150493464102,30.985509065632051]}},
{"type":"Feature","properties":{"Id":0,"area":0.0,"category":"Anthropogenic","ORIG_FID":2710,"category_1":"Anthropogenic"},"geometry":{"type":"Point","coordinates":[76.925140561691876,30.991818227967496]}},
{"type":"Feature","properties":{"Id":0,"area":0.0,"category":"Natural","ORIG_FID":2711,"category_1":"Natural"},"geometry":{"type":"Point","coordinates":[76.929812836045571,30.990752468828347]}},
{"type":"Feature","properties":{"Id":0,"area":0.0,"category":"Natural","ORIG_FID":2712,"category_1":"Natural"},"geometry":{"type":"Point","coordinates":[76.932404769930528,30.993379310573793]}},
{"type":"Feature","properties":{"Id":0,"area":0.0,"category":"Natural","ORIG_FID":2713,"category_1":"Natural"},"geometry":{"type":"Point","coordinates":[76.935006583913037,30.994440166518277]}},
{"type":"Feature","properties":{"Id":0,"area":0.0,"category":"Anthropogenic","ORIG_FID":2714,"category_1":"Anthropogenic"},"geometry":{"type":"Point","coordinates":[76.940419632566446,30.993914309610915]}},
{"type":"Feature","properties":{"Id":0,"area":0.0,"category":"Natural","ORIG_FID":2715,"category_1":"Natural"},"geometry":{"type":"Point","coordinates":[76.93214225937767,30.990942271681096]}},
{"type":"Feature","properties":{"Id":0,"area":0.0,"category":"Anthropogenic","ORIG_FID":2716,"category_1":"Anthropogenic"},"geometry":{"type":"Point","coordinates":[76.944328793818656,30.997856336244077]}},
{"type":"Feature","properties":{"Id":0,"area":0.0,"category":"Anthropogenic","ORIG_FID":2717,"category_1":"Anthropogenic"},"geometry":{"type":"Point","coordinates":[76.925653137387158,31.003225074526874]}},
{"type":"Feature","properties":{"Id":0,"area":0.0,"category":"Anthropogenic","ORIG_FID":2718,"category_1":"Anthropogenic"},"geometry":{"type":"Point","coordinates":[76.927519060672239,31.012882634114071]}},
{"type":"Feature","properties":{"Id":0,"area":0.0,"category":"Anthropogenic","ORIG_FID":2719,"category_1":"Anthropogenic"},"geometry":{"type":"Point","coordinates":[76.929343784960523,31.014183571135675]}},
{"type":"Feature","properties":{"Id":0,"area":0.0,"category":"Anthropogenic","ORIG_FID":2720,"category_1":"Anthropogenic"},"geometry":{"type":"Point","coordinates":[76.926951542503659,31.013615776035515]}},
{"type":"Feature","properties":{"Id":0,"area":0.0,"category":"Anthropogenic","ORIG_FID":2721,"category_1":"Anthropogenic"},"geometry":{"type":"Point","coordinates":[76.927459028370933,31.015615746930571]}},
{"type":"Feature","properties":{"Id":0,"area":0.0,"category":"Natural","ORIG_FID":2722,"category_1":"Natural"},"geometry":{"type":"Point","coordinates":[76.946401223933321,31.017424389361192]}},
{"type":"Feature","properties":{"Id":0,"area":0.0,"category":"Natural","ORIG_FID":2723,"category_1":"Natural"},"geometry":{"type":"Point","coordinates":[76.940840997533428,31.017711757134748]}},
{"type":"Feature","properties":{"Id":0,"area":0.0,"category":"Anthropogenic","ORIG_FID":2724,"category_1":"Anthropogenic"},"geometry":{"type":"Point","coordinates":[76.942217663012514,31.019476540207997]}},
{"type":"Feature","properties":{"Id":0,"area":0.0,"category":"Natural","ORIG_FID":2725,"category_1":"Natural"},"geometry":{"type":"Point","coordinates":[76.949965977594033,31.022847020915712]}},
{"type":"Feature","properties":{"Id":0,"area":0.0,"category":"Natural","ORIG_FID":2726,"category_1":"Natural"},"geometry":{"type":"Point","coordinates":[76.950372877468439,31.023079540841742]}},
{"type":"Feature","properties":{"Id":0,"area":0.0,"category":"Natural","ORIG_FID":2727,"category_1":"Natural"},"geometry":{"type":"Point","coordinates":[76.952408043443143,31.023318164602351]}},
{"type":"Feature","properties":{"Id":0,"area":0.0,"category":"Natural","ORIG_FID":2728,"category_1":"Natural"},"geometry":{"type":"Point","coordinates":[76.951735140122636,31.023295875659162]}},
{"type":"Feature","properties":{"Id":0,"area":0.0,"category":"Natural","ORIG_FID":2729,"category_1":"Natural"},"geometry":{"type":"Point","coordinates":[76.950763122216983,31.023289484551366]}},
{"type":"Feature","properties":{"Id":0,"area":0.0,"category":"Natural","ORIG_FID":2730,"category_1":"Natural"},"geometry":{"type":"Point","coordinates":[76.951764251818716,31.023851898798522]}},
{"type":"Feature","properties":{"Id":0,"area":0.0,"category":"Anthropogenic","ORIG_FID":2731,"category_1":"Anthropogenic"},"geometry":{"type":"Point","coordinates":[76.948560695469823,31.022996890302146]}},
{"type":"Feature","properties":{"Id":0,"area":0.0,"category":"Natural","ORIG_FID":2732,"category_1":"Natural"},"geometry":{"type":"Point","coordinates":[76.94787732608394,31.022770392403455]}},
{"type":"Feature","properties":{"Id":0,"area":0.0,"category":"Anthropogenic","ORIG_FID":2733,"category_1":"Anthropogenic"},"geometry":{"type":"Point","coordinates":[76.947036527721608,31.022469890808956]}},
{"type":"Feature","properties":{"Id":0,"area":0.0,"category":"Natural","ORIG_FID":2734,"category_1":"Natural"},"geometry":{"type":"Point","coordinates":[76.947459353177265,31.02263110843138]}},
{"type":"Feature","properties":{"Id":0,"area":0.0,"category":"Anthropogenic","ORIG_FID":2735,"category_1":"Anthropogenic"},"geometry":{"type":"Point","coordinates":[76.958047242318131,31.023343360037408]}},
{"type":"Feature","properties":{"Id":0,"area":0.0,"category":"Anthropogenic","ORIG_FID":2736,"category_1":"Anthropogenic"},"geometry":{"type":"Point","coordinates":[76.958472438889032,31.023366409323565]}},
{"type":"Feature","properties":{"Id":0,"area":0.0,"category":"Anthropogenic","ORIG_FID":2737,"category_1":"Anthropogenic"},"geometry":{"type":"Point","coordinates":[76.95829575652931,31.023345725959633]}},
{"type":"Feature","properties":{"Id":0,"area":0.0,"category":"Natural","ORIG_FID":2738,"category_1":"Natural"},"geometry":{"type":"Point","coordinates":[76.948079400262174,31.028072664757495]}},
{"type":"Feature","properties":{"Id":0,"area":0.0,"category":"Natural","ORIG_FID":2739,"category_1":"Natural"},"geometry":{"type":"Point","coordinates":[76.948060590266252,31.0300799366962]}},
{"type":"Feature","properties":{"Id":0,"area":0.0,"category":"Natural","ORIG_FID":2740,"category_1":"Natural"},"geometry":{"type":"Point","coordinates":[76.92890753701721,31.028962839185933]}},
{"type":"Feature","properties":{"Id":0,"area":0.0,"category":"Anthropogenic","ORIG_FID":2741,"category_1":"Anthropogenic"},"geometry":{"type":"Point","coordinates":[76.92920599294203,31.029663436074976]}},
{"type":"Feature","properties":{"Id":0,"area":0.0,"category":"Natural","ORIG_FID":2742,"category_1":"Natural"},"geometry":{"type":"Point","coordinates":[76.944734632355477,31.035022707699849]}},
{"type":"Feature","properties":{"Id":0,"area":0.0,"category":"Natural","ORIG_FID":2743,"category_1":"Natural"},"geometry":{"type":"Point","coordinates":[76.942620008935776,31.0350515457901]}},
{"type":"Feature","properties":{"Id":0,"area":0.0,"category":"Natural","ORIG_FID":2744,"category_1":"Natural"},"geometry":{"type":"Point","coordinates":[76.942963730221464,31.034855612691757]}},
{"type":"Feature","properties":{"Id":0,"area":0.0,"category":"Natural","ORIG_FID":2745,"category_1":"Natural"},"geometry":{"type":"Point","coordinates":[76.944098511771969,31.03437465191119]}},
{"type":"Feature","properties":{"Id":0,"area":0.0,"category":"Natural","ORIG_FID":2746,"category_1":"Natural"},"geometry":{"type":"Point","coordinates":[76.946337893361132,31.034562111317907]}},
{"type":"Feature","properties":{"Id":0,"area":0.0,"category":"Natural","ORIG_FID":2747,"category_1":"Natural"},"geometry":{"type":"Point","coordinates":[76.946733025970929,31.034648497725879]}},
{"type":"Feature","properties":{"Id":0,"area":0.0,"category":"Natural","ORIG_FID":2748,"category_1":"Natural"},"geometry":{"type":"Point","coordinates":[76.946741848140221,31.035036885792607]}},
{"type":"Feature","properties":{"Id":0,"area":0.0,"category":"Natural","ORIG_FID":2749,"category_1":"Natural"},"geometry":{"type":"Point","coordinates":[76.947842545267761,31.035927772206175]}},
{"type":"Feature","properties":{"Id":0,"area":0.0,"category":"Anthropogenic","ORIG_FID":2750,"category_1":"Anthropogenic"},"geometry":{"type":"Point","coordinates":[76.942112885684537,31.035746138148113]}},
{"type":"Feature","properties":{"Id":0,"area":0.0,"category":"Anthropogenic","ORIG_FID":2751,"category_1":"Anthropogenic"},"geometry":{"type":"Point","coordinates":[76.941507109175603,31.035018624787721]}},
{"type":"Feature","properties":{"Id":0,"area":0.0,"category":"Natural","ORIG_FID":2752,"category_1":"Natural"},"geometry":{"type":"Point","coordinates":[76.938832296020777,31.03392719911573]}},
{"type":"Feature","properties":{"Id":0,"area":0.0,"category":"Natural","ORIG_FID":2753,"category_1":"Natural"},"geometry":{"type":"Point","coordinates":[76.93913654971908,31.033845577454198]}},
{"type":"Feature","properties":{"Id":0,"area":0.0,"category":"Anthropogenic","ORIG_FID":2754,"category_1":"Anthropogenic"},"geometry":{"type":"Point","coordinates":[76.941196647516477,31.03377268906473]}},
{"type":"Feature","properties":{"Id":0,"area":0.0,"category":"Natural","ORIG_FID":2755,"category_1":"Natural"},"geometry":{"type":"Point","coordinates":[76.943999789063483,31.033431769829395]}},
{"type":"Feature","properties":{"Id":0,"area":0.0,"category":"Natural","ORIG_FID":2756,"category_1":"Natural"},"geometry":{"type":"Point","coordinates":[76.943753589344141,31.033067596155544]}},
{"type":"Feature","properties":{"Id":0,"area":0.0,"category":"Anthropogenic","ORIG_FID":2757,"category_1":"Anthropogenic"},"geometry":{"type":"Point","coordinates":[76.943270079803128,31.037668357613541]}},
{"type":"Feature","properties":{"Id":0,"area":0.0,"category":"Natural","ORIG_FID":2758,"category_1":"Natural"},"geometry":{"type":"Point","coordinates":[76.945502219052358,31.036320521606406]}},
{"type":"Feature","properties":{"Id":0,"area":0.0,"category":"Natural","ORIG_FID":2759,"category_1":"Natural"},"geometry":{"type":"Point","coordinates":[76.944938506822183,31.037136291626499]}},
{"type":"Feature","properties":{"Id":0,"area":0.0,"category":"Natural","ORIG_FID":2760,"category_1":"Natural"},"geometry":{"type":"Point","coordinates":[76.945594973172589,31.042583106674773]}},
{"type":"Feature","properties":{"Id":0,"area":0.0,"category":"Anthropogenic","ORIG_FID":2761,"category_1":"Anthropogenic"},"geometry":{"type":"Point","coordinates":[76.946076638963433,31.041270381820773]}},
{"type":"Feature","properties":{"Id":0,"area":0.0,"category":"Anthropogenic","ORIG_FID":2762,"category_1":"Anthropogenic"},"geometry":{"type":"Point","coordinates":[76.945990836231275,31.041498351360275]}},
{"type":"Feature","properties":{"Id":0,"area":0.0,"category":"Anthropogenic","ORIG_FID":2763,"category_1":"Anthropogenic"},"geometry":{"type":"Point","coordinates":[76.946891693174422,31.04005637603456]}},
{"type":"Feature","properties":{"Id":0,"area":0.0,"category":"Anthropogenic","ORIG_FID":2764,"category_1":"Anthropogenic"},"geometry":{"type":"Point","coordinates":[76.946043289397906,31.040301680364543]}},
{"type":"Feature","properties":{"Id":0,"area":0.0,"category":"Anthropogenic","ORIG_FID":2765,"category_1":"Anthropogenic"},"geometry":{"type":"Point","coordinates":[76.946455632978996,31.040676562921128]}},
{"type":"Feature","properties":{"Id":0,"area":0.0,"category":"Anthropogenic","ORIG_FID":2766,"category_1":"Anthropogenic"},"geometry":{"type":"Point","coordinates":[76.945515869675376,31.040709727378232]}},
{"type":"Feature","properties":{"Id":0,"area":0.0,"category":"Anthropogenic","ORIG_FID":2767,"category_1":"Anthropogenic"},"geometry":{"type":"Point","coordinates":[76.943653528843001,31.03951053617612]}},
{"type":"Feature","properties":{"Id":0,"area":0.0,"category":"Natural","ORIG_FID":2768,"category_1":"Natural"},"geometry":{"type":"Point","coordinates":[76.945184713817241,31.044566907635442]}},
{"type":"Feature","properties":{"Id":0,"area":0.0,"category":"Natural","ORIG_FID":2769,"category_1":"Natural"},"geometry":{"type":"Point","coordinates":[76.944796913615775,31.044004019152652]}},
{"type":"Feature","properties":{"Id":0,"area":0.0,"category":"Anthropogenic","ORIG_FID":2770,"category_1":"Anthropogenic"},"geometry":{"type":"Point","coordinates":[76.945636180205028,31.046537344604815]}},
{"type":"Feature","properties":{"Id":0,"area":0.0,"category":"Anthropogenic","ORIG_FID":2771,"category_1":"Anthropogenic"},"geometry":{"type":"Point","coordinates":[76.947788829593676,31.043945515912061]}},
{"type":"Feature","properties":{"Id":0,"area":0.0,"category":"Natural","ORIG_FID":2772,"category_1":"Natural"},"geometry":{"type":"Point","coordinates":[76.952199519784813,31.042383159548447]}},
{"type":"Feature","properties":{"Id":0,"area":0.0,"category":"Natural","ORIG_FID":2773,"category_1":"Natural"},"geometry":{"type":"Point","coordinates":[76.951713230267146,31.041196331659933]}},
{"type":"Feature","properties":{"Id":0,"area":0.0,"category":"Anthropogenic","ORIG_FID":2774,"category_1":"Anthropogenic"},"geometry":{"type":"Point","coordinates":[76.951203406448585,31.041094257947716]}},
{"type":"Feature","properties":{"Id":0,"area":0.0,"category":"Natural","ORIG_FID":2775,"category_1":"Natural"},"geometry":{"type":"Point","coordinates":[76.953055229720434,31.040995725599011]}},
{"type":"Feature","properties":{"Id":0,"area":0.0,"category":"Natural","ORIG_FID":2776,"category_1":"Natural"},"geometry":{"type":"Point","coordinates":[76.952461234737385,31.040779201295013]}},
{"type":"Feature","properties":{"Id":0,"area":0.0,"category":"Natural","ORIG_FID":2777,"category_1":"Natural"},"geometry":{"type":"Point","coordinates":[76.952950756210257,31.041394179410922]}},
{"type":"Feature","properties":{"Id":0,"area":0.0,"category":"Natural","ORIG_FID":2778,"category_1":"Natural"},"geometry":{"type":"Point","coordinates":[76.953684782811806,31.041557298818294]}},
{"type":"Feature","properties":{"Id":0,"area":0.0,"category":"Natural","ORIG_FID":2779,"category_1":"Natural"},"geometry":{"type":"Point","coordinates":[76.951329907090752,31.040531522263919]}},
{"type":"Feature","properties":{"Id":0,"area":0.0,"category":"Anthropogenic","ORIG_FID":2780,"category_1":"Anthropogenic"},"geometry":{"type":"Point","coordinates":[76.950652652993597,31.043773403140602]}},
{"type":"Feature","properties":{"Id":0,"area":0.0,"category":"Anthropogenic","ORIG_FID":2781,"category_1":"Anthropogenic"},"geometry":{"type":"Point","coordinates":[76.952265855061725,31.047466803353561]}},
{"type":"Feature","properties":{"Id":0,"area":0.0,"category":"Anthropogenic","ORIG_FID":2782,"category_1":"Anthropogenic"},"geometry":{"type":"Point","coordinates":[76.952713963731696,31.048261713490895]}},
{"type":"Feature","properties":{"Id":0,"area":0.0,"category":"Anthropogenic","ORIG_FID":2783,"category_1":"Anthropogenic"},"geometry":{"type":"Point","coordinates":[76.952766192388012,31.046545768796101]}},
{"type":"Feature","properties":{"Id":0,"area":0.0,"category":"Natural","ORIG_FID":2784,"category_1":"Natural"},"geometry":{"type":"Point","coordinates":[76.940976874614648,31.051220357854739]}},
{"type":"Feature","properties":{"Id":0,"area":0.0,"category":"Natural","ORIG_FID":2785,"category_1":"Natural"},"geometry":{"type":"Point","coordinates":[76.947682004669744,31.052286249458945]}},
{"type":"Feature","properties":{"Id":0,"area":0.0,"category":"Anthropogenic","ORIG_FID":2786,"category_1":"Anthropogenic"},"geometry":{"type":"Point","coordinates":[76.949721890971432,31.05288755967112]}},
{"type":"Feature","properties":{"Id":0,"area":0.0,"category":"Anthropogenic","ORIG_FID":2787,"category_1":"Anthropogenic"},"geometry":{"type":"Point","coordinates":[76.950537971345128,31.053664366633893]}},
{"type":"Feature","properties":{"Id":0,"area":0.0,"category":"Natural","ORIG_FID":2788,"category_1":"Natural"},"geometry":{"type":"Point","coordinates":[76.947247264491878,31.054280815530262]}},
{"type":"Feature","properties":{"Id":0,"area":0.0,"category":"Natural","ORIG_FID":2789,"category_1":"Natural"},"geometry":{"type":"Point","coordinates":[76.947484207327449,31.054313547121964]}},
{"type":"Feature","properties":{"Id":0,"area":0.0,"category":"Anthropogenic","ORIG_FID":2790,"category_1":"Anthropogenic"},"geometry":{"type":"Point","coordinates":[76.947339930723956,31.052825818793437]}},
{"type":"Feature","properties":{"Id":0,"area":0.0,"category":"Anthropogenic","ORIG_FID":2791,"category_1":"Anthropogenic"},"geometry":{"type":"Point","coordinates":[76.947189611598674,31.053059401028836]}},
{"type":"Feature","properties":{"Id":0,"area":0.0,"category":"Natural","ORIG_FID":2792,"category_1":"Natural"},"geometry":{"type":"Point","coordinates":[76.944961866770129,31.054983054570449]}},
{"type":"Feature","properties":{"Id":0,"area":0.0,"category":"Natural","ORIG_FID":2793,"category_1":"Natural"},"geometry":{"type":"Point","coordinates":[76.946045985858888,31.055614775265514]}},
{"type":"Feature","properties":{"Id":0,"area":0.0,"category":"Natural","ORIG_FID":2794,"category_1":"Natural"},"geometry":{"type":"Point","coordinates":[76.946742258628802,31.056005900766323]}},
{"type":"Feature","properties":{"Id":0,"area":0.0,"category":"Natural","ORIG_FID":2795,"category_1":"Natural"},"geometry":{"type":"Point","coordinates":[76.947215869030558,31.055815339909206]}},
{"type":"Feature","properties":{"Id":0,"area":0.0,"category":"Natural","ORIG_FID":2796,"category_1":"Natural"},"geometry":{"type":"Point","coordinates":[76.947131201810947,31.05629554611453]}},
{"type":"Feature","properties":{"Id":0,"area":0.0,"category":"Natural","ORIG_FID":2797,"category_1":"Natural"},"geometry":{"type":"Point","coordinates":[76.947038623340319,31.055285750462847]}},
{"type":"Feature","properties":{"Id":0,"area":0.0,"category":"Natural","ORIG_FID":2798,"category_1":"Natural"},"geometry":{"type":"Point","coordinates":[76.944923119943326,31.058033062043741]}},
{"type":"Feature","properties":{"Id":0,"area":0.0,"category":"Natural","ORIG_FID":2799,"category_1":"Natural"},"geometry":{"type":"Point","coordinates":[76.947566296319977,31.057078978684068]}},
{"type":"Feature","properties":{"Id":0,"area":0.0,"category":"Natural","ORIG_FID":2800,"category_1":"Natural"},"geometry":{"type":"Point","coordinates":[76.947635219083637,31.057316904109022]}},
{"type":"Feature","properties":{"Id":0,"area":0.0,"category":"Natural","ORIG_FID":2801,"category_1":"Natural"},"geometry":{"type":"Point","coordinates":[76.946444451275497,31.05690761903724]}},
{"type":"Feature","properties":{"Id":0,"area":0.0,"category":"Natural","ORIG_FID":2802,"category_1":"Natural"},"geometry":{"type":"Point","coordinates":[76.946853803202373,31.057705438529656]}},
{"type":"Feature","properties":{"Id":0,"area":0.0,"category":"Natural","ORIG_FID":2803,"category_1":"Natural"},"geometry":{"type":"Point","coordinates":[76.947316856704376,31.057034759536798]}},
{"type":"Feature","properties":{"Id":0,"area":0.0,"category":"Natural","ORIG_FID":2804,"category_1":"Natural"},"geometry":{"type":"Point","coordinates":[76.947322673818093,31.0567791915947]}},
{"type":"Feature","properties":{"Id":0,"area":0.0,"category":"Natural","ORIG_FID":2805,"category_1":"Natural"},"geometry":{"type":"Point","coordinates":[76.942780640107642,31.057056875542383]}},
{"type":"Feature","properties":{"Id":0,"area":0.0,"category":"Anthropogenic","ORIG_FID":2806,"category_1":"Anthropogenic"},"geometry":{"type":"Point","coordinates":[76.941031643124504,31.057118400434888]}},
{"type":"Feature","properties":{"Id":0,"area":0.0,"category":"Anthropogenic","ORIG_FID":2807,"category_1":"Anthropogenic"},"geometry":{"type":"Point","coordinates":[76.943566083716831,31.076418094450684]}},
{"type":"Feature","properties":{"Id":0,"area":0.0,"category":"Natural","ORIG_FID":2808,"category_1":"Natural"},"geometry":{"type":"Point","coordinates":[76.944918249026415,31.078640011652496]}},
{"type":"Feature","properties":{"Id":0,"area":0.0,"category":"Anthropogenic","ORIG_FID":2809,"category_1":"Anthropogenic"},"geometry":{"type":"Point","coordinates":[76.944932894389339,31.078899653160242]}},
{"type":"Feature","properties":{"Id":0,"area":0.0,"category":"Anthropogenic","ORIG_FID":2810,"category_1":"Anthropogenic"},"geometry":{"type":"Point","coordinates":[76.945013237647984,31.079218490773563]}},
{"type":"Feature","properties":{"Id":0,"area":0.0,"category":"Natural","ORIG_FID":2811,"category_1":"Natural"},"geometry":{"type":"Point","coordinates":[76.944449925152625,31.078682905156459]}},
{"type":"Feature","properties":{"Id":0,"area":0.0,"category":"Anthropogenic","ORIG_FID":2812,"category_1":"Anthropogenic"},"geometry":{"type":"Point","coordinates":[76.94630872246195,31.071876275823843]}},
{"type":"Feature","properties":{"Id":0,"area":0.0,"category":"Natural","ORIG_FID":2813,"category_1":"Natural"},"geometry":{"type":"Point","coordinates":[76.948276725916912,31.074559082717741]}},
{"type":"Feature","properties":{"Id":0,"area":0.0,"category":"Natural","ORIG_FID":2814,"category_1":"Natural"},"geometry":{"type":"Point","coordinates":[76.935888512279845,31.071562219158533]}},
{"type":"Feature","properties":{"Id":0,"area":0.0,"category":"Natural","ORIG_FID":2815,"category_1":"Natural"},"geometry":{"type":"Point","coordinates":[76.937637955974282,31.078235056727038]}},
{"type":"Feature","properties":{"Id":0,"area":0.0,"category":"Anthropogenic","ORIG_FID":2816,"category_1":"Anthropogenic"},"geometry":{"type":"Point","coordinates":[76.93854551029365,31.079001784854132]}},
{"type":"Feature","properties":{"Id":0,"area":0.0,"category":"Anthropogenic","ORIG_FID":2817,"category_1":"Anthropogenic"},"geometry":{"type":"Point","coordinates":[76.93859330275842,31.079299267217834]}},
{"type":"Feature","properties":{"Id":0,"area":0.0,"category":"Natural","ORIG_FID":2818,"category_1":"Natural"},"geometry":{"type":"Point","coordinates":[76.937666605478555,31.077718209747623]}},
{"type":"Feature","properties":{"Id":0,"area":0.0,"category":"Natural","ORIG_FID":2819,"category_1":"Natural"},"geometry":{"type":"Point","coordinates":[76.938403239290494,31.076742476613269]}},
{"type":"Feature","properties":{"Id":0,"area":0.0,"category":"Anthropogenic","ORIG_FID":2820,"category_1":"Anthropogenic"},"geometry":{"type":"Point","coordinates":[76.943515327680799,31.077097760882623]}},
{"type":"Feature","properties":{"Id":0,"area":0.0,"category":"Anthropogenic","ORIG_FID":2821,"category_1":"Anthropogenic"},"geometry":{"type":"Point","coordinates":[76.942666320570254,31.07720242789042]}},
{"type":"Feature","properties":{"Id":0,"area":0.0,"category":"Anthropogenic","ORIG_FID":2822,"category_1":"Anthropogenic"},"geometry":{"type":"Point","coordinates":[76.942785635425011,31.076988321080243]}},
{"type":"Feature","properties":{"Id":0,"area":0.0,"category":"Anthropogenic","ORIG_FID":2823,"category_1":"Anthropogenic"},"geometry":{"type":"Point","coordinates":[76.944759047180156,31.074040346416744]}},
{"type":"Feature","properties":{"Id":0,"area":0.0,"category":"Anthropogenic","ORIG_FID":2824,"category_1":"Anthropogenic"},"geometry":{"type":"Point","coordinates":[76.944501241872715,31.074194220675118]}},
{"type":"Feature","properties":{"Id":0,"area":0.0,"category":"Anthropogenic","ORIG_FID":2825,"category_1":"Anthropogenic"},"geometry":{"type":"Point","coordinates":[76.944313010770244,31.075374684719012]}},
{"type":"Feature","properties":{"Id":0,"area":0.0,"category":"Natural","ORIG_FID":2826,"category_1":"Natural"},"geometry":{"type":"Point","coordinates":[76.945339464075118,31.076063234880483]}},
{"type":"Feature","properties":{"Id":0,"area":0.0,"category":"Natural","ORIG_FID":2827,"category_1":"Natural"},"geometry":{"type":"Point","coordinates":[76.944473089945546,31.076616615598034]}},
{"type":"Feature","properties":{"Id":0,"area":0.0,"category":"Natural","ORIG_FID":2828,"category_1":"Natural"},"geometry":{"type":"Point","coordinates":[76.946515409062542,31.075935999162304]}},
{"type":"Feature","properties":{"Id":0,"area":0.0,"category":"Natural","ORIG_FID":2829,"category_1":"Natural"},"geometry":{"type":"Point","coordinates":[76.945703518709053,31.07620715628099]}},
{"type":"Feature","properties":{"Id":0,"area":0.0,"category":"Anthropogenic","ORIG_FID":2830,"category_1":"Anthropogenic"},"geometry":{"type":"Point","coordinates":[76.939013835530943,31.078688551407513]}},
{"type":"Feature","properties":{"Id":0,"area":0.0,"category":"Natural","ORIG_FID":2831,"category_1":"Natural"},"geometry":{"type":"Point","coordinates":[76.946041857634228,31.077889314693969]}},
{"type":"Feature","properties":{"Id":0,"area":0.0,"category":"Natural","ORIG_FID":2832,"category_1":"Natural"},"geometry":{"type":"Point","coordinates":[76.946578505891765,31.078175642725316]}},
{"type":"Feature","properties":{"Id":0,"area":0.0,"category":"Natural","ORIG_FID":2833,"category_1":"Natural"},"geometry":{"type":"Point","coordinates":[76.945692463083105,31.0781776189021]}},
{"type":"Feature","properties":{"Id":0,"area":0.0,"category":"Natural","ORIG_FID":2834,"category_1":"Natural"},"geometry":{"type":"Point","coordinates":[76.94538515473883,31.078324358417955]}},
{"type":"Feature","properties":{"Id":0,"area":0.0,"category":"Natural","ORIG_FID":2835,"category_1":"Natural"},"geometry":{"type":"Point","coordinates":[76.948517558383884,31.08219370158006]}},
{"type":"Feature","properties":{"Id":0,"area":0.0,"category":"Natural","ORIG_FID":2836,"category_1":"Natural"},"geometry":{"type":"Point","coordinates":[76.947165882245542,31.082278507817296]}},
{"type":"Feature","properties":{"Id":0,"area":0.0,"category":"Natural","ORIG_FID":2837,"category_1":"Natural"},"geometry":{"type":"Point","coordinates":[76.946890681518298,31.082307808767908]}},
{"type":"Feature","properties":{"Id":0,"area":0.0,"category":"Natural","ORIG_FID":2838,"category_1":"Natural"},"geometry":{"type":"Point","coordinates":[76.947683665335717,31.080509609522412]}},
{"type":"Feature","properties":{"Id":0,"area":0.0,"category":"Natural","ORIG_FID":2839,"category_1":"Natural"},"geometry":{"type":"Point","coordinates":[76.947908796613106,31.080578451869076]}},
{"type":"Feature","properties":{"Id":0,"area":0.0,"category":"Anthropogenic","ORIG_FID":2840,"category_1":"Anthropogenic"},"geometry":{"type":"Point","coordinates":[76.945994623671481,31.081050297664753]}},
{"type":"Feature","properties":{"Id":0,"area":0.0,"category":"Natural","ORIG_FID":2841,"category_1":"Natural"},"geometry":{"type":"Point","coordinates":[76.955133459648991,31.085375104985587]}},
{"type":"Feature","properties":{"Id":0,"area":0.0,"category":"Natural","ORIG_FID":2842,"category_1":"Natural"},"geometry":{"type":"Point","coordinates":[76.954958006685828,31.089690915794115]}},
{"type":"Feature","properties":{"Id":0,"area":0.0,"category":"Anthropogenic","ORIG_FID":2843,"category_1":"Anthropogenic"},"geometry":{"type":"Point","coordinates":[76.950737376550293,31.089610433421186]}},
{"type":"Feature","properties":{"Id":0,"area":0.0,"category":"Anthropogenic","ORIG_FID":2844,"category_1":"Anthropogenic"},"geometry":{"type":"Point","coordinates":[76.951898460202429,31.089140206426208]}},
{"type":"Feature","properties":{"Id":0,"area":0.0,"category":"Anthropogenic","ORIG_FID":2845,"category_1":"Anthropogenic"},"geometry":{"type":"Point","coordinates":[76.950699892140534,31.089218820753096]}},
{"type":"Feature","properties":{"Id":0,"area":0.0,"category":"Anthropogenic","ORIG_FID":2846,"category_1":"Anthropogenic"},"geometry":{"type":"Point","coordinates":[76.954725366393646,31.086358030801517]}},
{"type":"Feature","properties":{"Id":0,"area":0.0,"category":"Anthropogenic","ORIG_FID":2847,"category_1":"Anthropogenic"},"geometry":{"type":"Point","coordinates":[76.953983161984922,31.089721025891603]}},
{"type":"Feature","properties":{"Id":0,"area":0.0,"category":"Natural","ORIG_FID":2848,"category_1":"Natural"},"geometry":{"type":"Point","coordinates":[76.95354687397095,31.089137247371195]}},
{"type":"Feature","properties":{"Id":0,"area":0.0,"category":"Natural","ORIG_FID":2849,"category_1":"Natural"},"geometry":{"type":"Point","coordinates":[76.958069482553128,31.092004787910724]}},
{"type":"Feature","properties":{"Id":0,"area":0.0,"category":"Natural","ORIG_FID":2850,"category_1":"Natural"},"geometry":{"type":"Point","coordinates":[76.958062725248041,31.092517263991819]}},
{"type":"Feature","properties":{"Id":0,"area":0.0,"category":"Anthropogenic","ORIG_FID":2851,"category_1":"Anthropogenic"},"geometry":{"type":"Point","coordinates":[76.961609450925323,31.089620615330652]}},
{"type":"Feature","properties":{"Id":0,"area":0.0,"category":"Natural","ORIG_FID":2852,"category_1":"Natural"},"geometry":{"type":"Point","coordinates":[76.958096271632641,31.094619720764772]}},
{"type":"Feature","properties":{"Id":0,"area":0.0,"category":"Natural","ORIG_FID":2853,"category_1":"Natural"},"geometry":{"type":"Point","coordinates":[76.958957759224702,31.090738481515146]}},
{"type":"Feature","properties":{"Id":0,"area":0.0,"category":"Anthropogenic","ORIG_FID":2854,"category_1":"Anthropogenic"},"geometry":{"type":"Point","coordinates":[76.961104272646864,31.091353453673353]}},
{"type":"Feature","properties":{"Id":0,"area":0.0,"category":"Natural","ORIG_FID":2855,"category_1":"Natural"},"geometry":{"type":"Point","coordinates":[76.957046725723771,31.089404074174425]}},
{"type":"Feature","properties":{"Id":0,"area":0.0,"category":"Anthropogenic","ORIG_FID":2856,"category_1":"Anthropogenic"},"geometry":{"type":"Point","coordinates":[76.968130275157662,31.091759898488583]}},
{"type":"Feature","properties":{"Id":0,"area":0.0,"category":"Natural","ORIG_FID":2857,"category_1":"Natural"},"geometry":{"type":"Point","coordinates":[76.965764343257646,31.091549272049882]}},
{"type":"Feature","properties":{"Id":0,"area":0.0,"category":"Natural","ORIG_FID":2858,"category_1":"Natural"},"geometry":{"type":"Point","coordinates":[76.966710623158221,31.091595346854231]}},
{"type":"Feature","properties":{"Id":0,"area":0.0,"category":"Anthropogenic","ORIG_FID":2859,"category_1":"Anthropogenic"},"geometry":{"type":"Point","coordinates":[76.961011956754078,31.0930748130063]}},
{"type":"Feature","properties":{"Id":0,"area":0.0,"category":"Anthropogenic","ORIG_FID":2860,"category_1":"Anthropogenic"},"geometry":{"type":"Point","coordinates":[76.966766121494061,31.092724336077733]}},
{"type":"Feature","properties":{"Id":0,"area":0.0,"category":"Natural","ORIG_FID":2861,"category_1":"Natural"},"geometry":{"type":"Point","coordinates":[76.960709335197848,31.095165930313229]}},
{"type":"Feature","properties":{"Id":0,"area":0.0,"category":"Natural","ORIG_FID":2862,"category_1":"Natural"},"geometry":{"type":"Point","coordinates":[76.960766270649785,31.095976929007904]}},
{"type":"Feature","properties":{"Id":0,"area":0.0,"category":"Natural","ORIG_FID":2863,"category_1":"Natural"},"geometry":{"type":"Point","coordinates":[76.962804135582132,31.100406815864108]}},
{"type":"Feature","properties":{"Id":0,"area":0.0,"category":"Natural","ORIG_FID":2864,"category_1":"Natural"},"geometry":{"type":"Point","coordinates":[76.963290369294782,31.101378571802332]}},
{"type":"Feature","properties":{"Id":0,"area":0.0,"category":"Natural","ORIG_FID":2865,"category_1":"Natural"},"geometry":{"type":"Point","coordinates":[76.964183739996713,31.101770216986353]}},
{"type":"Feature","properties":{"Id":0,"area":0.0,"category":"Natural","ORIG_FID":2866,"category_1":"Natural"},"geometry":{"type":"Point","coordinates":[76.965883739746303,31.105052754977361]}},
{"type":"Feature","properties":{"Id":0,"area":0.0,"category":"Natural","ORIG_FID":2867,"category_1":"Natural"},"geometry":{"type":"Point","coordinates":[76.965948833066065,31.104476883703359]}},
{"type":"Feature","properties":{"Id":0,"area":0.0,"category":"Anthropogenic","ORIG_FID":2868,"category_1":"Anthropogenic"},"geometry":{"type":"Point","coordinates":[76.966192545176341,31.103790099937022]}},
{"type":"Feature","properties":{"Id":0,"area":0.0,"category":"Natural","ORIG_FID":2869,"category_1":"Natural"},"geometry":{"type":"Point","coordinates":[76.962013060254449,31.099811189560572]}},
{"type":"Feature","properties":{"Id":0,"area":0.0,"category":"Anthropogenic","ORIG_FID":2870,"category_1":"Anthropogenic"},"geometry":{"type":"Point","coordinates":[76.960639528027741,31.098495103224344]}},
{"type":"Feature","properties":{"Id":0,"area":0.0,"category":"Natural","ORIG_FID":2871,"category_1":"Natural"},"geometry":{"type":"Point","coordinates":[76.942071590941396,31.099418583198776]}},
{"type":"Feature","properties":{"Id":0,"area":0.0,"category":"Natural","ORIG_FID":2872,"category_1":"Natural"},"geometry":{"type":"Point","coordinates":[76.940027287098715,31.099396367557762]}},
{"type":"Feature","properties":{"Id":0,"area":0.0,"category":"Natural","ORIG_FID":2873,"category_1":"Natural"},"geometry":{"type":"Point","coordinates":[76.940257770037149,31.097268084127808]}},
{"type":"Feature","properties":{"Id":0,"area":0.0,"category":"Anthropogenic","ORIG_FID":2874,"category_1":"Anthropogenic"},"geometry":{"type":"Point","coordinates":[76.94038588816305,31.098330098014866]}},
{"type":"Feature","properties":{"Id":0,"area":0.0,"category":"Anthropogenic","ORIG_FID":2875,"category_1":"Anthropogenic"},"geometry":{"type":"Point","coordinates":[76.940205735687215,31.098150576888258]}},
{"type":"Feature","properties":{"Id":0,"area":0.0,"category":"Anthropogenic","ORIG_FID":2876,"category_1":"Anthropogenic"},"geometry":{"type":"Point","coordinates":[76.943145296819395,31.098835384383886]}},
{"type":"Feature","properties":{"Id":0,"area":0.0,"category":"Natural","ORIG_FID":2877,"category_1":"Natural"},"geometry":{"type":"Point","coordinates":[76.940814254322504,31.096607912970828]}},
{"type":"Feature","properties":{"Id":0,"area":0.0,"category":"Natural","ORIG_FID":2878,"category_1":"Natural"},"geometry":{"type":"Point","coordinates":[76.9431754558818,31.095256505308615]}},
{"type":"Feature","properties":{"Id":0,"area":0.0,"category":"Natural","ORIG_FID":2879,"category_1":"Natural"},"geometry":{"type":"Point","coordinates":[76.9414451503919,31.093888497521476]}},
{"type":"Feature","properties":{"Id":0,"area":0.0,"category":"Natural","ORIG_FID":2880,"category_1":"Natural"},"geometry":{"type":"Point","coordinates":[76.940933032897917,31.09467126050415]}},
{"type":"Feature","properties":{"Id":0,"area":0.0,"category":"Natural","ORIG_FID":2881,"category_1":"Natural"},"geometry":{"type":"Point","coordinates":[76.943440660834298,31.093935940783521]}},
{"type":"Feature","properties":{"Id":0,"area":0.0,"category":"Natural","ORIG_FID":2882,"category_1":"Natural"},"geometry":{"type":"Point","coordinates":[76.941763369890978,31.091264076135907]}},
{"type":"Feature","properties":{"Id":0,"area":0.0,"category":"Natural","ORIG_FID":2883,"category_1":"Natural"},"geometry":{"type":"Point","coordinates":[76.942439692637919,31.090284820055668]}},
{"type":"Feature","properties":{"Id":0,"area":0.0,"category":"Natural","ORIG_FID":2884,"category_1":"Natural"},"geometry":{"type":"Point","coordinates":[76.940980863888356,31.089402165670268]}},
{"type":"Feature","properties":{"Id":0,"area":0.0,"category":"Anthropogenic","ORIG_FID":2885,"category_1":"Anthropogenic"},"geometry":{"type":"Point","coordinates":[76.944495248707199,31.086180008705671]}},
{"type":"Feature","properties":{"Id":0,"area":0.0,"category":"Anthropogenic","ORIG_FID":2886,"category_1":"Anthropogenic"},"geometry":{"type":"Point","coordinates":[76.945245456867752,31.085958057017578]}},
{"type":"Feature","properties":{"Id":0,"area":0.0,"category":"Anthropogenic","ORIG_FID":2887,"category_1":"Anthropogenic"},"geometry":{"type":"Point","coordinates":[76.944237368555477,31.086840673669705]}},
{"type":"Feature","properties":{"Id":0,"area":0.0,"category":"Anthropogenic","ORIG_FID":2888,"category_1":"Anthropogenic"},"geometry":{"type":"Point","coordinates":[76.946326669820294,31.08665308333018]}},
{"type":"Feature","properties":{"Id":0,"area":0.0,"category":"Natural","ORIG_FID":2889,"category_1":"Natural"},"geometry":{"type":"Point","coordinates":[76.938891116168676,31.086591130417506]}},
{"type":"Feature","properties":{"Id":0,"area":0.0,"category":"Natural","ORIG_FID":2890,"category_1":"Natural"},"geometry":{"type":"Point","coordinates":[76.938888035873802,31.085174058429526]}},
{"type":"Feature","properties":{"Id":0,"area":0.0,"category":"Natural","ORIG_FID":2891,"category_1":"Natural"},"geometry":{"type":"Point","coordinates":[76.940226272714852,31.087253054117639]}},
{"type":"Feature","properties":{"Id":0,"area":0.0,"category":"Natural","ORIG_FID":2892,"category_1":"Natural"},"geometry":{"type":"Point","coordinates":[76.938742283316827,31.085703117799635]}},
{"type":"Feature","properties":{"Id":0,"area":0.0,"category":"Anthropogenic","ORIG_FID":2893,"category_1":"Anthropogenic"},"geometry":{"type":"Point","coordinates":[76.937832066833778,31.083697760615767]}},
{"type":"Feature","properties":{"Id":0,"area":0.0,"category":"Anthropogenic","ORIG_FID":2894,"category_1":"Anthropogenic"},"geometry":{"type":"Point","coordinates":[76.939809134138443,31.08904038208788]}},
{"type":"Feature","properties":{"Id":0,"area":0.0,"category":"Natural","ORIG_FID":2895,"category_1":"Natural"},"geometry":{"type":"Point","coordinates":[76.960172236634506,31.064297094310987]}},
{"type":"Feature","properties":{"Id":0,"area":0.0,"category":"Natural","ORIG_FID":2896,"category_1":"Natural"},"geometry":{"type":"Point","coordinates":[76.95922348570511,31.064366347468049]}},
{"type":"Feature","properties":{"Id":0,"area":0.0,"category":"Natural","ORIG_FID":2897,"category_1":"Natural"},"geometry":{"type":"Point","coordinates":[76.958818681528825,31.06420932775687]}},
{"type":"Feature","properties":{"Id":0,"area":0.0,"category":"Anthropogenic","ORIG_FID":2898,"category_1":"Anthropogenic"},"geometry":{"type":"Point","coordinates":[76.962255174537944,31.065909139536977]}},
{"type":"Feature","properties":{"Id":0,"area":0.0,"category":"Anthropogenic","ORIG_FID":2899,"category_1":"Anthropogenic"},"geometry":{"type":"Point","coordinates":[76.964406903632394,31.065648015797134]}},
{"type":"Feature","properties":{"Id":0,"area":0.0,"category":"Natural","ORIG_FID":2900,"category_1":"Natural"},"geometry":{"type":"Point","coordinates":[76.965745838744965,31.065623894301982]}},
{"type":"Feature","properties":{"Id":0,"area":0.0,"category":"Anthropogenic","ORIG_FID":2901,"category_1":"Anthropogenic"},"geometry":{"type":"Point","coordinates":[76.96087146467822,31.066285115257081]}},
{"type":"Feature","properties":{"Id":0,"area":0.0,"category":"Anthropogenic","ORIG_FID":2902,"category_1":"Anthropogenic"},"geometry":{"type":"Point","coordinates":[76.96146628642397,31.066472771262859]}},
{"type":"Feature","properties":{"Id":0,"area":0.0,"category":"Anthropogenic","ORIG_FID":2903,"category_1":"Anthropogenic"},"geometry":{"type":"Point","coordinates":[76.958424932418112,31.062209630146821]}},
{"type":"Feature","properties":{"Id":0,"area":0.0,"category":"Anthropogenic","ORIG_FID":2904,"category_1":"Anthropogenic"},"geometry":{"type":"Point","coordinates":[76.95888357894097,31.062338988084843]}},
{"type":"Feature","properties":{"Id":0,"area":0.0,"category":"Anthropogenic","ORIG_FID":2905,"category_1":"Anthropogenic"},"geometry":{"type":"Point","coordinates":[76.958484990748445,31.061791049562608]}},
{"type":"Feature","properties":{"Id":0,"area":0.0,"category":"Anthropogenic","ORIG_FID":2906,"category_1":"Anthropogenic"},"geometry":{"type":"Point","coordinates":[76.959324185456666,31.062458389390812]}},
{"type":"Feature","properties":{"Id":0,"area":0.0,"category":"Anthropogenic","ORIG_FID":2907,"category_1":"Anthropogenic"},"geometry":{"type":"Point","coordinates":[76.960426550129043,31.066683802937774]}},
{"type":"Feature","properties":{"Id":0,"area":0.0,"category":"Natural","ORIG_FID":2908,"category_1":"Natural"},"geometry":{"type":"Point","coordinates":[76.979335730218097,31.066992720319217]}},
{"type":"Feature","properties":{"Id":0,"area":0.0,"category":"Natural","ORIG_FID":2909,"category_1":"Natural"},"geometry":{"type":"Point","coordinates":[76.974170282158482,31.066423709220444]}},
{"type":"Feature","properties":{"Id":0,"area":0.0,"category":"Natural","ORIG_FID":2910,"category_1":"Natural"},"geometry":{"type":"Point","coordinates":[76.979483370951954,31.038160437437455]}},
{"type":"Feature","properties":{"Id":0,"area":0.0,"category":"Natural","ORIG_FID":2911,"category_1":"Natural"},"geometry":{"type":"Point","coordinates":[76.981669569047128,31.036814036621138]}},
{"type":"Feature","properties":{"Id":0,"area":0.0,"category":"Natural","ORIG_FID":2912,"category_1":"Natural"},"geometry":{"type":"Point","coordinates":[76.981942352852741,31.036646119399727]}},
{"type":"Feature","properties":{"Id":0,"area":0.0,"category":"Natural","ORIG_FID":2913,"category_1":"Natural"},"geometry":{"type":"Point","coordinates":[76.983933366820878,31.036422794613177]}},
{"type":"Feature","properties":{"Id":0,"area":0.0,"category":"Natural","ORIG_FID":2914,"category_1":"Natural"},"geometry":{"type":"Point","coordinates":[76.98270146736543,31.036734233305673]}},
{"type":"Feature","properties":{"Id":0,"area":0.0,"category":"Natural","ORIG_FID":2915,"category_1":"Natural"},"geometry":{"type":"Point","coordinates":[76.983262098578493,31.036265740537154]}},
{"type":"Feature","properties":{"Id":0,"area":0.0,"category":"Natural","ORIG_FID":2916,"category_1":"Natural"},"geometry":{"type":"Point","coordinates":[76.983491922750673,31.036813415787726]}},
{"type":"Feature","properties":{"Id":0,"area":0.0,"category":"Natural","ORIG_FID":2917,"category_1":"Natural"},"geometry":{"type":"Point","coordinates":[76.982572863932887,31.036556312331538]}},
{"type":"Feature","properties":{"Id":0,"area":0.0,"category":"Natural","ORIG_FID":2918,"category_1":"Natural"},"geometry":{"type":"Point","coordinates":[76.982291409437508,31.038032720382468]}},
{"type":"Feature","properties":{"Id":0,"area":0.0,"category":"Natural","ORIG_FID":2919,"category_1":"Natural"},"geometry":{"type":"Point","coordinates":[76.979973703447726,31.03842807124807]}},
{"type":"Feature","properties":{"Id":0,"area":0.0,"category":"Natural","ORIG_FID":2920,"category_1":"Natural"},"geometry":{"type":"Point","coordinates":[76.979600744586392,31.040323306354903]}},
{"type":"Feature","properties":{"Id":0,"area":0.0,"category":"Natural","ORIG_FID":2921,"category_1":"Natural"},"geometry":{"type":"Point","coordinates":[76.982686692580728,31.041041254007002]}},
{"type":"Feature","properties":{"Id":0,"area":0.0,"category":"Natural","ORIG_FID":2922,"category_1":"Natural"},"geometry":{"type":"Point","coordinates":[76.982543032105553,31.040113084290365]}},
{"type":"Feature","properties":{"Id":0,"area":0.0,"category":"Natural","ORIG_FID":2923,"category_1":"Natural"},"geometry":{"type":"Point","coordinates":[76.980675286461462,31.042032707805806]}},
{"type":"Feature","properties":{"Id":0,"area":0.0,"category":"Natural","ORIG_FID":2924,"category_1":"Natural"},"geometry":{"type":"Point","coordinates":[76.979416656589123,31.042775486588265]}},
{"type":"Feature","properties":{"Id":0,"area":0.0,"category":"Natural","ORIG_FID":2925,"category_1":"Natural"},"geometry":{"type":"Point","coordinates":[76.981205261288949,31.03699805260193]}},
{"type":"Feature","properties":{"Id":0,"area":0.0,"category":"Natural","ORIG_FID":2926,"category_1":"Natural"},"geometry":{"type":"Point","coordinates":[76.981576680589839,31.038058364187158]}},
{"type":"Feature","properties":{"Id":0,"area":0.0,"category":"Natural","ORIG_FID":2927,"category_1":"Natural"},"geometry":{"type":"Point","coordinates":[76.982083853287875,31.038335102592765]}},
{"type":"Feature","properties":{"Id":0,"area":0.0,"category":"Natural","ORIG_FID":2928,"category_1":"Natural"},"geometry":{"type":"Point","coordinates":[76.98286614167364,31.038412676666599]}},
{"type":"Feature","properties":{"Id":0,"area":0.0,"category":"Natural","ORIG_FID":2929,"category_1":"Natural"},"geometry":{"type":"Point","coordinates":[76.979924665951046,31.039667296404495]}},
{"type":"Feature","properties":{"Id":0,"area":0.0,"category":"Natural","ORIG_FID":2930,"category_1":"Natural"},"geometry":{"type":"Point","coordinates":[76.980637525932551,31.040394348552951]}},
{"type":"Feature","properties":{"Id":0,"area":0.0,"category":"Natural","ORIG_FID":2931,"category_1":"Natural"},"geometry":{"type":"Point","coordinates":[76.980668028008637,31.040043262509354]}},
{"type":"Feature","properties":{"Id":0,"area":0.0,"category":"Natural","ORIG_FID":2932,"category_1":"Natural"},"geometry":{"type":"Point","coordinates":[76.980651754953271,31.039753803706059]}},
{"type":"Feature","properties":{"Id":0,"area":0.0,"category":"Natural","ORIG_FID":2933,"category_1":"Natural"},"geometry":{"type":"Point","coordinates":[76.981086826046635,31.039815880890504]}},
{"type":"Feature","properties":{"Id":0,"area":0.0,"category":"Natural","ORIG_FID":2934,"category_1":"Natural"},"geometry":{"type":"Point","coordinates":[76.981366978440079,31.04027100704938]}},
{"type":"Feature","properties":{"Id":0,"area":0.0,"category":"Natural","ORIG_FID":2935,"category_1":"Natural"},"geometry":{"type":"Point","coordinates":[76.981662591029618,31.040610286375806]}},
{"type":"Feature","properties":{"Id":0,"area":0.0,"category":"Natural","ORIG_FID":2936,"category_1":"Natural"},"geometry":{"type":"Point","coordinates":[76.983312375539356,31.038325091118569]}},
{"type":"Feature","properties":{"Id":0,"area":0.0,"category":"Natural","ORIG_FID":2937,"category_1":"Natural"},"geometry":{"type":"Point","coordinates":[76.982772333092939,31.038766657145558]}},
{"type":"Feature","properties":{"Id":0,"area":0.0,"category":"Natural","ORIG_FID":2938,"category_1":"Natural"},"geometry":{"type":"Point","coordinates":[76.980733939122786,31.038620959819699]}},
{"type":"Feature","properties":{"Id":0,"area":0.0,"category":"Natural","ORIG_FID":2939,"category_1":"Natural"},"geometry":{"type":"Point","coordinates":[76.983705795618519,31.038309351958492]}},
{"type":"Feature","properties":{"Id":0,"area":0.0,"category":"Anthropogenic","ORIG_FID":2940,"category_1":"Anthropogenic"},"geometry":{"type":"Point","coordinates":[76.979541013441363,31.044908884630022]}},
{"type":"Feature","properties":{"Id":0,"area":0.0,"category":"Natural","ORIG_FID":2941,"category_1":"Natural"},"geometry":{"type":"Point","coordinates":[76.979824000720811,31.043443675975432]}},
{"type":"Feature","properties":{"Id":0,"area":0.0,"category":"Natural","ORIG_FID":2942,"category_1":"Natural"},"geometry":{"type":"Point","coordinates":[76.980210132731273,31.043572965404188]}},
{"type":"Feature","properties":{"Id":0,"area":0.0,"category":"Anthropogenic","ORIG_FID":2943,"category_1":"Anthropogenic"},"geometry":{"type":"Point","coordinates":[76.984715813658212,31.043798996149754]}},
{"type":"Feature","properties":{"Id":0,"area":0.0,"category":"Anthropogenic","ORIG_FID":2944,"category_1":"Anthropogenic"},"geometry":{"type":"Point","coordinates":[76.974631525701369,31.052009541740446]}},
{"type":"Feature","properties":{"Id":0,"area":0.0,"category":"Natural","ORIG_FID":2945,"category_1":"Natural"},"geometry":{"type":"Point","coordinates":[76.985232879472107,31.045491205195663]}},
{"type":"Feature","properties":{"Id":0,"area":0.0,"category":"Natural","ORIG_FID":2946,"category_1":"Natural"},"geometry":{"type":"Point","coordinates":[76.985170616903432,31.045765455774536]}},
{"type":"Feature","properties":{"Id":0,"area":0.0,"category":"Natural","ORIG_FID":2947,"category_1":"Natural"},"geometry":{"type":"Point","coordinates":[76.98425084195091,31.045844502812542]}},
{"type":"Feature","properties":{"Id":0,"area":0.0,"category":"Natural","ORIG_FID":2948,"category_1":"Natural"},"geometry":{"type":"Point","coordinates":[76.979114717513212,31.04793260406354]}},
{"type":"Feature","properties":{"Id":0,"area":0.0,"category":"Natural","ORIG_FID":2949,"category_1":"Natural"},"geometry":{"type":"Point","coordinates":[76.978869564579398,31.047661963342627]}},
{"type":"Feature","properties":{"Id":0,"area":0.0,"category":"Natural","ORIG_FID":2950,"category_1":"Natural"},"geometry":{"type":"Point","coordinates":[76.978845514074777,31.04891129865274]}},
{"type":"Feature","properties":{"Id":0,"area":0.0,"category":"Natural","ORIG_FID":2951,"category_1":"Natural"},"geometry":{"type":"Point","coordinates":[76.980251031446073,31.049334632021857]}},
{"type":"Feature","properties":{"Id":0,"area":0.0,"category":"Anthropogenic","ORIG_FID":2952,"category_1":"Anthropogenic"},"geometry":{"type":"Point","coordinates":[76.97771971903596,31.050152408708151]}},
{"type":"Feature","properties":{"Id":0,"area":0.0,"category":"Natural","ORIG_FID":2953,"category_1":"Natural"},"geometry":{"type":"Point","coordinates":[76.981109505748165,31.048071618090265]}},
{"type":"Feature","properties":{"Id":0,"area":0.0,"category":"Natural","ORIG_FID":2954,"category_1":"Natural"},"geometry":{"type":"Point","coordinates":[76.980855216717103,31.047804466884507]}},
{"type":"Feature","properties":{"Id":0,"area":0.0,"category":"Natural","ORIG_FID":2955,"category_1":"Natural"},"geometry":{"type":"Point","coordinates":[76.981252136606003,31.048567052183575]}},
{"type":"Feature","properties":{"Id":0,"area":0.0,"category":"Natural","ORIG_FID":2956,"category_1":"Natural"},"geometry":{"type":"Point","coordinates":[76.979801738914006,31.048834404145804]}},
{"type":"Feature","properties":{"Id":0,"area":0.0,"category":"Natural","ORIG_FID":2957,"category_1":"Natural"},"geometry":{"type":"Point","coordinates":[76.98130246636407,31.049323706111043]}},
{"type":"Feature","properties":{"Id":0,"area":0.0,"category":"Natural","ORIG_FID":2958,"category_1":"Natural"},"geometry":{"type":"Point","coordinates":[76.980466008402544,31.049602814927184]}},
{"type":"Feature","properties":{"Id":0,"area":0.0,"category":"Natural","ORIG_FID":2959,"category_1":"Natural"},"geometry":{"type":"Point","coordinates":[76.980655582181896,31.049742232298797]}},
{"type":"Feature","properties":{"Id":0,"area":0.0,"category":"Natural","ORIG_FID":2960,"category_1":"Natural"},"geometry":{"type":"Point","coordinates":[76.978696825893493,31.050763786148462]}},
{"type":"Feature","properties":{"Id":0,"area":0.0,"category":"Natural","ORIG_FID":2961,"category_1":"Natural"},"geometry":{"type":"Point","coordinates":[76.980524805188452,31.050705978012509]}},
{"type":"Feature","properties":{"Id":0,"area":0.0,"category":"Natural","ORIG_FID":2962,"category_1":"Natural"},"geometry":{"type":"Point","coordinates":[76.980823250955183,31.050763040772452]}},
{"type":"Feature","properties":{"Id":0,"area":0.0,"category":"Natural","ORIG_FID":2963,"category_1":"Natural"},"geometry":{"type":"Point","coordinates":[76.979129164291749,31.051263897555504]}},
{"type":"Feature","properties":{"Id":0,"area":0.0,"category":"Natural","ORIG_FID":2964,"category_1":"Natural"},"geometry":{"type":"Point","coordinates":[76.981716332318484,31.050888716740239]}},
{"type":"Feature","properties":{"Id":0,"area":0.0,"category":"Natural","ORIG_FID":2965,"category_1":"Natural"},"geometry":{"type":"Point","coordinates":[76.978199450025897,31.049729989316482]}},
{"type":"Feature","properties":{"Id":0,"area":0.0,"category":"Natural","ORIG_FID":2966,"category_1":"Natural"},"geometry":{"type":"Point","coordinates":[76.981165200532772,31.050317841640048]}},
{"type":"Feature","properties":{"Id":0,"area":0.0,"category":"Natural","ORIG_FID":2967,"category_1":"Natural"},"geometry":{"type":"Point","coordinates":[76.98150855961805,31.050566387863093]}},
{"type":"Feature","properties":{"Id":0,"area":0.0,"category":"Natural","ORIG_FID":2968,"category_1":"Natural"},"geometry":{"type":"Point","coordinates":[76.98268984020504,31.0504733824482]}},
{"type":"Feature","properties":{"Id":0,"area":0.0,"category":"Anthropogenic","ORIG_FID":2969,"category_1":"Anthropogenic"},"geometry":{"type":"Point","coordinates":[76.983856230102035,31.051215115279597]}},
{"type":"Feature","properties":{"Id":0,"area":0.0,"category":"Natural","ORIG_FID":2970,"category_1":"Natural"},"geometry":{"type":"Point","coordinates":[76.977551730042165,31.051486063963182]}},
{"type":"Feature","properties":{"Id":0,"area":0.0,"category":"Anthropogenic","ORIG_FID":2971,"category_1":"Anthropogenic"},"geometry":{"type":"Point","coordinates":[76.977598211089116,31.051811085829769]}},
{"type":"Feature","properties":{"Id":0,"area":0.0,"category":"Natural","ORIG_FID":2972,"category_1":"Natural"},"geometry":{"type":"Point","coordinates":[76.977350256717671,31.051098781981032]}},
{"type":"Feature","properties":{"Id":0,"area":0.0,"category":"Natural","ORIG_FID":2973,"category_1":"Natural"},"geometry":{"type":"Point","coordinates":[76.976747619430938,31.051473044511315]}},
{"type":"Feature","properties":{"Id":0,"area":0.0,"category":"Anthropogenic","ORIG_FID":2974,"category_1":"Anthropogenic"},"geometry":{"type":"Point","coordinates":[76.979476854833024,31.053050907574981]}},
{"type":"Feature","properties":{"Id":0,"area":0.0,"category":"Anthropogenic","ORIG_FID":2975,"category_1":"Anthropogenic"},"geometry":{"type":"Point","coordinates":[76.978562162232478,31.052601830910884]}},
{"type":"Feature","properties":{"Id":0,"area":0.0,"category":"Natural","ORIG_FID":2976,"category_1":"Natural"},"geometry":{"type":"Point","coordinates":[76.985630248147601,31.049294568801834]}},
{"type":"Feature","properties":{"Id":0,"area":0.0,"category":"Natural","ORIG_FID":2977,"category_1":"Natural"},"geometry":{"type":"Point","coordinates":[76.985225741680395,31.049126609792026]}},
{"type":"Feature","properties":{"Id":0,"area":0.0,"category":"Natural","ORIG_FID":2978,"category_1":"Natural"},"geometry":{"type":"Point","coordinates":[76.98321256490928,31.048668013334726]}},
{"type":"Feature","properties":{"Id":0,"area":0.0,"category":"Anthropogenic","ORIG_FID":2979,"category_1":"Anthropogenic"},"geometry":{"type":"Point","coordinates":[76.980059860450069,31.053395120414788]}},
{"type":"Feature","properties":{"Id":0,"area":0.0,"category":"Natural","ORIG_FID":2980,"category_1":"Natural"},"geometry":{"type":"Point","coordinates":[76.975262655265922,31.058823037662798]}},
{"type":"Feature","properties":{"Id":0,"area":0.0,"category":"Natural","ORIG_FID":2981,"category_1":"Natural"},"geometry":{"type":"Point","coordinates":[76.977573341257667,31.058614158267549]}},
{"type":"Feature","properties":{"Id":0,"area":0.0,"category":"Natural","ORIG_FID":2982,"category_1":"Natural"},"geometry":{"type":"Point","coordinates":[76.978558286845498,31.059679841656038]}},
{"type":"Feature","properties":{"Id":0,"area":0.0,"category":"Natural","ORIG_FID":2983,"category_1":"Natural"},"geometry":{"type":"Point","coordinates":[76.979658782116687,31.059706877034763]}},
{"type":"Feature","properties":{"Id":0,"area":0.0,"category":"Natural","ORIG_FID":2984,"category_1":"Natural"},"geometry":{"type":"Point","coordinates":[76.97785503997099,31.060349830350891]}},
{"type":"Feature","properties":{"Id":0,"area":0.0,"category":"Natural","ORIG_FID":2985,"category_1":"Natural"},"geometry":{"type":"Point","coordinates":[76.978930765639831,31.062568389072837]}},
{"type":"Feature","properties":{"Id":0,"area":0.0,"category":"Natural","ORIG_FID":2986,"category_1":"Natural"},"geometry":{"type":"Point","coordinates":[76.979463739282636,31.062442744432591]}},
{"type":"Feature","properties":{"Id":0,"area":0.0,"category":"Anthropogenic","ORIG_FID":2987,"category_1":"Anthropogenic"},"geometry":{"type":"Point","coordinates":[76.977628656670333,31.062814465276908]}},
{"type":"Feature","properties":{"Id":0,"area":0.0,"category":"Natural","ORIG_FID":2988,"category_1":"Natural"},"geometry":{"type":"Point","coordinates":[76.978879108589823,31.059806132294966]}},
{"type":"Feature","properties":{"Id":0,"area":0.0,"category":"Natural","ORIG_FID":2989,"category_1":"Natural"},"geometry":{"type":"Point","coordinates":[76.978261231344888,31.060602717266825]}},
{"type":"Feature","properties":{"Id":0,"area":0.0,"category":"Natural","ORIG_FID":2990,"category_1":"Natural"},"geometry":{"type":"Point","coordinates":[76.978617265476259,31.060692718720006]}},
{"type":"Feature","properties":{"Id":0,"area":0.0,"category":"Natural","ORIG_FID":2991,"category_1":"Natural"},"geometry":{"type":"Point","coordinates":[76.972726957326927,31.05729022425837]}},
{"type":"Feature","properties":{"Id":0,"area":0.0,"category":"Natural","ORIG_FID":2992,"category_1":"Natural"},"geometry":{"type":"Point","coordinates":[76.972879009706617,31.058655909362251]}},
{"type":"Feature","properties":{"Id":0,"area":0.0,"category":"Natural","ORIG_FID":2993,"category_1":"Natural"},"geometry":{"type":"Point","coordinates":[76.972919986639752,31.058904521621933]}},
{"type":"Feature","properties":{"Id":0,"area":0.0,"category":"Natural","ORIG_FID":2994,"category_1":"Natural"},"geometry":{"type":"Point","coordinates":[76.972941226331756,31.059222454992351]}},
{"type":"Feature","properties":{"Id":0,"area":0.0,"category":"Natural","ORIG_FID":2995,"category_1":"Natural"},"geometry":{"type":"Point","coordinates":[76.974549716387642,31.059745446063385]}},
{"type":"Feature","properties":{"Id":0,"area":0.0,"category":"Anthropogenic","ORIG_FID":2996,"category_1":"Anthropogenic"},"geometry":{"type":"Point","coordinates":[76.968580871603749,31.056444035983613]}},
{"type":"Feature","properties":{"Id":0,"area":0.0,"category":"Anthropogenic","ORIG_FID":2997,"category_1":"Anthropogenic"},"geometry":{"type":"Point","coordinates":[76.968894981144715,31.05651201078263]}},
{"type":"Feature","properties":{"Id":0,"area":0.0,"category":"Natural","ORIG_FID":2998,"category_1":"Natural"},"geometry":{"type":"Point","coordinates":[76.969686515742382,31.05706682613426]}},
{"type":"Feature","properties":{"Id":0,"area":0.0,"category":"Anthropogenic","ORIG_FID":2999,"category_1":"Anthropogenic"},"geometry":{"type":"Point","coordinates":[76.971058152180632,31.052181463733163]}},
{"type":"Feature","properties":{"Id":0,"area":0.0,"category":"Natural","ORIG_FID":3000,"category_1":"Natural"},"geometry":{"type":"Point","coordinates":[76.97288032053774,31.050394742024807]}},
{"type":"Feature","properties":{"Id":0,"area":0.0,"category":"Natural","ORIG_FID":3001,"category_1":"Natural"},"geometry":{"type":"Point","coordinates":[76.972960709831383,31.05144782770239]}},
{"type":"Feature","properties":{"Id":0,"area":0.0,"category":"Anthropogenic","ORIG_FID":3002,"category_1":"Anthropogenic"},"geometry":{"type":"Point","coordinates":[76.973407534513342,31.051404900649672]}},
{"type":"Feature","properties":{"Id":0,"area":0.0,"category":"Anthropogenic","ORIG_FID":3003,"category_1":"Anthropogenic"},"geometry":{"type":"Point","coordinates":[76.980335404563746,31.04725603797656]}},
{"type":"Feature","properties":{"Id":0,"area":0.0,"category":"Natural","ORIG_FID":3004,"category_1":"Natural"},"geometry":{"type":"Point","coordinates":[76.984787349436061,31.045848449998974]}},
{"type":"Feature","properties":{"Id":0,"area":0.0,"category":"Natural","ORIG_FID":3005,"category_1":"Natural"},"geometry":{"type":"Point","coordinates":[76.984730564515928,31.045594889988081]}},
{"type":"Feature","properties":{"Id":0,"area":0.0,"category":"Natural","ORIG_FID":3006,"category_1":"Natural"},"geometry":{"type":"Point","coordinates":[76.984877211812702,31.047081340740604]}},
{"type":"Feature","properties":{"Id":0,"area":0.0,"category":"Natural","ORIG_FID":3007,"category_1":"Natural"},"geometry":{"type":"Point","coordinates":[76.984015499065521,31.046539900108115]}},
{"type":"Feature","properties":{"Id":0,"area":0.0,"category":"Natural","ORIG_FID":3008,"category_1":"Natural"},"geometry":{"type":"Point","coordinates":[76.984330615619939,31.046412922591397]}},
{"type":"Feature","properties":{"Id":0,"area":0.0,"category":"Natural","ORIG_FID":3009,"category_1":"Natural"},"geometry":{"type":"Point","coordinates":[76.984247922741432,31.048158948240594]}},
{"type":"Feature","properties":{"Id":0,"area":0.0,"category":"Natural","ORIG_FID":3010,"category_1":"Natural"},"geometry":{"type":"Point","coordinates":[76.983735340712272,31.049143766570435]}},
{"type":"Feature","properties":{"Id":0,"area":0.0,"category":"Natural","ORIG_FID":3011,"category_1":"Natural"},"geometry":{"type":"Point","coordinates":[76.984326347835818,31.048809405267583]}},
{"type":"Feature","properties":{"Id":0,"area":0.0,"category":"Natural","ORIG_FID":3012,"category_1":"Natural"},"geometry":{"type":"Point","coordinates":[76.984076316698619,31.049219835488536]}},
{"type":"Feature","properties":{"Id":0,"area":0.0,"category":"Natural","ORIG_FID":3013,"category_1":"Natural"},"geometry":{"type":"Point","coordinates":[76.982180109561881,31.049180756772401]}},
{"type":"Feature","properties":{"Id":0,"area":0.0,"category":"Natural","ORIG_FID":3014,"category_1":"Natural"},"geometry":{"type":"Point","coordinates":[76.978421761748479,31.045815387920136]}},
{"type":"Feature","properties":{"Id":0,"area":0.0,"category":"Anthropogenic","ORIG_FID":3015,"category_1":"Anthropogenic"},"geometry":{"type":"Point","coordinates":[76.977845578992302,31.049628893208837]}},
{"type":"Feature","properties":{"Id":0,"area":0.0,"category":"Natural","ORIG_FID":3016,"category_1":"Natural"},"geometry":{"type":"Point","coordinates":[76.978433649956941,31.049983086154985]}},
{"type":"Feature","properties":{"Id":0,"area":0.0,"category":"Anthropogenic","ORIG_FID":3017,"category_1":"Anthropogenic"},"geometry":{"type":"Point","coordinates":[76.977891222366935,31.052335181711889]}},
{"type":"Feature","properties":{"Id":0,"area":0.0,"category":"Anthropogenic","ORIG_FID":3018,"category_1":"Anthropogenic"},"geometry":{"type":"Point","coordinates":[76.978320465985121,31.052267341839563]}},
{"type":"Feature","properties":{"Id":0,"area":0.0,"category":"Natural","ORIG_FID":3019,"category_1":"Natural"},"geometry":{"type":"Point","coordinates":[76.978435806470259,31.051827274545875]}},
{"type":"Feature","properties":{"Id":0,"area":0.0,"category":"Natural","ORIG_FID":3020,"category_1":"Natural"},"geometry":{"type":"Point","coordinates":[76.971230758485163,31.058079653764732]}},
{"type":"Feature","properties":{"Id":0,"area":0.0,"category":"Natural","ORIG_FID":3021,"category_1":"Natural"},"geometry":{"type":"Point","coordinates":[76.971679200393567,31.058240172147357]}},
{"type":"Feature","properties":{"Id":0,"area":0.0,"category":"Natural","ORIG_FID":3022,"category_1":"Natural"},"geometry":{"type":"Point","coordinates":[76.978681808644268,31.058093230911659]}},
{"type":"Feature","properties":{"Id":0,"area":0.0,"category":"Anthropogenic","ORIG_FID":3023,"category_1":"Anthropogenic"},"geometry":{"type":"Point","coordinates":[76.980904197210407,31.057285884612284]}},
{"type":"Feature","properties":{"Id":0,"area":0.0,"category":"Anthropogenic","ORIG_FID":3024,"category_1":"Anthropogenic"},"geometry":{"type":"Point","coordinates":[77.001309480699121,31.060639966438643]}},
{"type":"Feature","properties":{"Id":0,"area":0.0,"category":"Anthropogenic","ORIG_FID":3025,"category_1":"Anthropogenic"},"geometry":{"type":"Point","coordinates":[76.977064222724238,31.061906240616921]}},
{"type":"Feature","properties":{"Id":0,"area":0.0,"category":"Natural","ORIG_FID":3026,"category_1":"Natural"},"geometry":{"type":"Point","coordinates":[76.978191785215813,31.062380767369429]}},
{"type":"Feature","properties":{"Id":0,"area":0.0,"category":"Natural","ORIG_FID":3027,"category_1":"Natural"},"geometry":{"type":"Point","coordinates":[76.978622139308911,31.062555233795344]}},
{"type":"Feature","properties":{"Id":0,"area":0.0,"category":"Natural","ORIG_FID":3028,"category_1":"Natural"},"geometry":{"type":"Point","coordinates":[76.977539625511923,31.061025646745659]}},
{"type":"Feature","properties":{"Id":0,"area":0.0,"category":"Anthropogenic","ORIG_FID":3029,"category_1":"Anthropogenic"},"geometry":{"type":"Point","coordinates":[76.976730204183767,31.061470164561111]}},
{"type":"Feature","properties":{"Id":0,"area":0.0,"category":"Natural","ORIG_FID":3030,"category_1":"Natural"},"geometry":{"type":"Point","coordinates":[76.976896118239495,31.061164665215276]}},
{"type":"Feature","properties":{"Id":0,"area":0.0,"category":"Natural","ORIG_FID":3031,"category_1":"Natural"},"geometry":{"type":"Point","coordinates":[76.977640698186747,31.061557391341065]}},
{"type":"Feature","properties":{"Id":0,"area":0.0,"category":"Natural","ORIG_FID":3032,"category_1":"Natural"},"geometry":{"type":"Point","coordinates":[76.977938771227187,31.06113630478934]}},
{"type":"Feature","properties":{"Id":0,"area":0.0,"category":"Anthropogenic","ORIG_FID":3033,"category_1":"Anthropogenic"},"geometry":{"type":"Point","coordinates":[76.980370835119331,31.062761439930586]}},
{"type":"Feature","properties":{"Id":0,"area":0.0,"category":"Natural","ORIG_FID":3034,"category_1":"Natural"},"geometry":{"type":"Point","coordinates":[76.979005718646405,31.060710822967803]}},
{"type":"Feature","properties":{"Id":0,"area":0.0,"category":"Natural","ORIG_FID":3035,"category_1":"Natural"},"geometry":{"type":"Point","coordinates":[76.966455668613577,31.064135137158505]}},
{"type":"Feature","properties":{"Id":0,"area":0.0,"category":"Anthropogenic","ORIG_FID":3036,"category_1":"Anthropogenic"},"geometry":{"type":"Point","coordinates":[76.970416878372518,31.067303349465494]}},
{"type":"Feature","properties":{"Id":0,"area":0.0,"category":"Anthropogenic","ORIG_FID":3037,"category_1":"Anthropogenic"},"geometry":{"type":"Point","coordinates":[76.972391320173216,31.064335181286076]}},
{"type":"Feature","properties":{"Id":0,"area":0.0,"category":"Anthropogenic","ORIG_FID":3038,"category_1":"Anthropogenic"},"geometry":{"type":"Point","coordinates":[76.972646743603406,31.064831808420777]}},
{"type":"Feature","properties":{"Id":0,"area":0.0,"category":"Anthropogenic","ORIG_FID":3039,"category_1":"Anthropogenic"},"geometry":{"type":"Point","coordinates":[76.97280473259201,31.065177529938744]}},
{"type":"Feature","properties":{"Id":0,"area":0.0,"category":"Natural","ORIG_FID":3040,"category_1":"Natural"},"geometry":{"type":"Point","coordinates":[76.965925331509055,31.069174119939142]}},
{"type":"Feature","properties":{"Id":0,"area":0.0,"category":"Natural","ORIG_FID":3041,"category_1":"Natural"},"geometry":{"type":"Point","coordinates":[76.972581352138334,31.067543152436443]}},
{"type":"Feature","properties":{"Id":0,"area":0.0,"category":"Anthropogenic","ORIG_FID":3042,"category_1":"Anthropogenic"},"geometry":{"type":"Point","coordinates":[76.969506208073767,31.063196943697971]}},
{"type":"Feature","properties":{"Id":0,"area":0.0,"category":"Natural","ORIG_FID":3043,"category_1":"Natural"},"geometry":{"type":"Point","coordinates":[76.965882149713892,31.063886851292327]}},
{"type":"Feature","properties":{"Id":0,"area":0.0,"category":"Natural","ORIG_FID":3044,"category_1":"Natural"},"geometry":{"type":"Point","coordinates":[76.962671185968546,31.065213323010852]}},
{"type":"Feature","properties":{"Id":0,"area":0.0,"category":"Anthropogenic","ORIG_FID":3045,"category_1":"Anthropogenic"},"geometry":{"type":"Point","coordinates":[76.959561633708105,31.081488236024491]}},
{"type":"Feature","properties":{"Id":0,"area":0.0,"category":"Natural","ORIG_FID":3046,"category_1":"Natural"},"geometry":{"type":"Point","coordinates":[76.958565849654875,31.08329290543664]}},
{"type":"Feature","properties":{"Id":0,"area":0.0,"category":"Anthropogenic","ORIG_FID":3047,"category_1":"Anthropogenic"},"geometry":{"type":"Point","coordinates":[76.960398884545896,31.082291152986258]}},
{"type":"Feature","properties":{"Id":0,"area":0.0,"category":"Anthropogenic","ORIG_FID":3048,"category_1":"Anthropogenic"},"geometry":{"type":"Point","coordinates":[76.961405957973412,31.08165743361478]}},
{"type":"Feature","properties":{"Id":0,"area":0.0,"category":"Natural","ORIG_FID":3049,"category_1":"Natural"},"geometry":{"type":"Point","coordinates":[76.964722872692221,31.084996868890634]}},
{"type":"Feature","properties":{"Id":0,"area":0.0,"category":"Natural","ORIG_FID":3050,"category_1":"Natural"},"geometry":{"type":"Point","coordinates":[76.995977540615144,31.116462156548362]}},
{"type":"Feature","properties":{"Id":0,"area":0.0,"category":"Anthropogenic","ORIG_FID":3051,"category_1":"Anthropogenic"},"geometry":{"type":"Point","coordinates":[76.996341564470086,31.115578553158649]}},
{"type":"Feature","properties":{"Id":0,"area":0.0,"category":"Anthropogenic","ORIG_FID":3052,"category_1":"Anthropogenic"},"geometry":{"type":"Point","coordinates":[76.988574016051189,31.111165336700889]}},
{"type":"Feature","properties":{"Id":0,"area":0.0,"category":"Anthropogenic","ORIG_FID":3053,"category_1":"Anthropogenic"},"geometry":{"type":"Point","coordinates":[76.988136565765885,31.109900592532277]}},
{"type":"Feature","properties":{"Id":0,"area":0.0,"category":"Anthropogenic","ORIG_FID":3054,"category_1":"Anthropogenic"},"geometry":{"type":"Point","coordinates":[76.989212679604208,31.109561152328048]}},
{"type":"Feature","properties":{"Id":0,"area":0.0,"category":"Anthropogenic","ORIG_FID":3055,"category_1":"Anthropogenic"},"geometry":{"type":"Point","coordinates":[76.994160163179586,31.107602293941095]}},
{"type":"Feature","properties":{"Id":0,"area":0.0,"category":"Anthropogenic","ORIG_FID":3056,"category_1":"Anthropogenic"},"geometry":{"type":"Point","coordinates":[76.989762800876491,31.108130559070585]}},
{"type":"Feature","properties":{"Id":0,"area":0.0,"category":"Anthropogenic","ORIG_FID":3057,"category_1":"Anthropogenic"},"geometry":{"type":"Point","coordinates":[76.989155051104504,31.111441176915775]}},
{"type":"Feature","properties":{"Id":0,"area":0.0,"category":"Natural","ORIG_FID":3058,"category_1":"Natural"},"geometry":{"type":"Point","coordinates":[76.992577192723061,31.11136392914953]}},
{"type":"Feature","properties":{"Id":0,"area":0.0,"category":"Anthropogenic","ORIG_FID":3059,"category_1":"Anthropogenic"},"geometry":{"type":"Point","coordinates":[77.001211507960434,31.114635200239263]}},
{"type":"Feature","properties":{"Id":0,"area":0.0,"category":"Natural","ORIG_FID":3060,"category_1":"Natural"},"geometry":{"type":"Point","coordinates":[76.97687933467013,31.145621650224932]}},
{"type":"Feature","properties":{"Id":0,"area":0.0,"category":"Natural","ORIG_FID":3061,"category_1":"Natural"},"geometry":{"type":"Point","coordinates":[76.978667791061355,31.14290027731802]}},
{"type":"Feature","properties":{"Id":0,"area":0.0,"category":"Anthropogenic","ORIG_FID":3062,"category_1":"Anthropogenic"},"geometry":{"type":"Point","coordinates":[76.975218319854491,31.142904660582204]}},
{"type":"Feature","properties":{"Id":0,"area":0.0,"category":"Anthropogenic","ORIG_FID":3063,"category_1":"Anthropogenic"},"geometry":{"type":"Point","coordinates":[76.972746111199484,31.142975805240226]}},
{"type":"Feature","properties":{"Id":0,"area":0.0,"category":"Anthropogenic","ORIG_FID":3064,"category_1":"Anthropogenic"},"geometry":{"type":"Point","coordinates":[76.971161905983251,31.143184189386577]}},
{"type":"Feature","properties":{"Id":0,"area":0.0,"category":"Natural","ORIG_FID":3065,"category_1":"Natural"},"geometry":{"type":"Point","coordinates":[76.971800127251456,31.143275491672949]}},
{"type":"Feature","properties":{"Id":0,"area":0.0,"category":"Natural","ORIG_FID":3066,"category_1":"Natural"},"geometry":{"type":"Point","coordinates":[76.972195360235716,31.143372504128291]}},
{"type":"Feature","properties":{"Id":0,"area":0.0,"category":"Natural","ORIG_FID":3067,"category_1":"Natural"},"geometry":{"type":"Point","coordinates":[76.977395413044903,31.148843161934284]}},
{"type":"Feature","properties":{"Id":0,"area":0.0,"category":"Natural","ORIG_FID":3068,"category_1":"Natural"},"geometry":{"type":"Point","coordinates":[76.979846958124085,31.148288860608979]}},
{"type":"Feature","properties":{"Id":0,"area":0.0,"category":"Anthropogenic","ORIG_FID":3069,"category_1":"Anthropogenic"},"geometry":{"type":"Point","coordinates":[77.001403608493007,31.141657669132755]}},
{"type":"Feature","properties":{"Id":0,"area":0.0,"category":"Anthropogenic","ORIG_FID":3070,"category_1":"Anthropogenic"},"geometry":{"type":"Point","coordinates":[76.999750954544183,31.140696140464193]}},
{"type":"Feature","properties":{"Id":0,"area":0.0,"category":"Anthropogenic","ORIG_FID":3071,"category_1":"Anthropogenic"},"geometry":{"type":"Point","coordinates":[77.00003921377143,31.141155993345116]}},
{"type":"Feature","properties":{"Id":0,"area":0.0,"category":"Natural","ORIG_FID":3072,"category_1":"Natural"},"geometry":{"type":"Point","coordinates":[76.974182258771862,31.120020178317667]}},
{"type":"Feature","properties":{"Id":0,"area":0.0,"category":"Natural","ORIG_FID":3073,"category_1":"Natural"},"geometry":{"type":"Point","coordinates":[76.974535236149663,31.122036313832744]}},
{"type":"Feature","properties":{"Id":0,"area":0.0,"category":"Natural","ORIG_FID":3074,"category_1":"Natural"},"geometry":{"type":"Point","coordinates":[76.970754259837094,31.124748600307484]}},
{"type":"Feature","properties":{"Id":0,"area":0.0,"category":"Natural","ORIG_FID":3075,"category_1":"Natural"},"geometry":{"type":"Point","coordinates":[76.97513142892106,31.126380980589108]}},
{"type":"Feature","properties":{"Id":0,"area":0.0,"category":"Natural","ORIG_FID":3076,"category_1":"Natural"},"geometry":{"type":"Point","coordinates":[76.976183059625427,31.127433598187281]}},
{"type":"Feature","properties":{"Id":0,"area":0.0,"category":"Anthropogenic","ORIG_FID":3077,"category_1":"Anthropogenic"},"geometry":{"type":"Point","coordinates":[76.973889160611648,31.128006459560613]}},
{"type":"Feature","properties":{"Id":0,"area":0.0,"category":"Natural","ORIG_FID":3078,"category_1":"Natural"},"geometry":{"type":"Point","coordinates":[76.984157928111699,31.129834593513408]}},
{"type":"Feature","properties":{"Id":0,"area":0.0,"category":"Natural","ORIG_FID":3079,"category_1":"Natural"},"geometry":{"type":"Point","coordinates":[76.983804589228725,31.129601618329509]}},
{"type":"Feature","properties":{"Id":0,"area":0.0,"category":"Anthropogenic","ORIG_FID":3080,"category_1":"Anthropogenic"},"geometry":{"type":"Point","coordinates":[76.976547833485697,31.134391720291219]}},
{"type":"Feature","properties":{"Id":0,"area":0.0,"category":"Anthropogenic","ORIG_FID":3081,"category_1":"Anthropogenic"},"geometry":{"type":"Point","coordinates":[77.180069651368072,31.0620826963974]}},
{"type":"Feature","properties":{"Id":0,"area":0.0,"category":"Anthropogenic","ORIG_FID":3082,"category_1":"Anthropogenic"},"geometry":{"type":"Point","coordinates":[77.17584732315278,31.061766520614125]}},
{"type":"Feature","properties":{"Id":0,"area":0.0,"category":"Anthropogenic","ORIG_FID":3083,"category_1":"Anthropogenic"},"geometry":{"type":"Point","coordinates":[77.166637004526038,31.091737928576269]}},
{"type":"Feature","properties":{"Id":0,"area":0.0,"category":"Natural","ORIG_FID":3084,"category_1":"Natural"},"geometry":{"type":"Point","coordinates":[77.164320114144218,31.091051432891192]}},
{"type":"Feature","properties":{"Id":0,"area":0.0,"category":"Natural","ORIG_FID":3085,"category_1":"Natural"},"geometry":{"type":"Point","coordinates":[77.157500619668056,31.090862223492501]}},
{"type":"Feature","properties":{"Id":0,"area":0.0,"category":"Natural","ORIG_FID":3086,"category_1":"Natural"},"geometry":{"type":"Point","coordinates":[77.157165981508001,31.090264961165847]}},
{"type":"Feature","properties":{"Id":0,"area":0.0,"category":"Anthropogenic","ORIG_FID":3087,"category_1":"Anthropogenic"},"geometry":{"type":"Point","coordinates":[77.170558429957268,31.092167725914223]}},
{"type":"Feature","properties":{"Id":0,"area":0.0,"category":"Natural","ORIG_FID":3088,"category_1":"Natural"},"geometry":{"type":"Point","coordinates":[77.164962974955728,31.090761565227179]}},
{"type":"Feature","properties":{"Id":0,"area":0.0,"category":"Anthropogenic","ORIG_FID":3089,"category_1":"Anthropogenic"},"geometry":{"type":"Point","coordinates":[77.161000387402368,31.095185804364053]}},
{"type":"Feature","properties":{"Id":0,"area":0.0,"category":"Anthropogenic","ORIG_FID":3090,"category_1":"Anthropogenic"},"geometry":{"type":"Point","coordinates":[77.154721136214576,31.100929726670973]}},
{"type":"Feature","properties":{"Id":0,"area":0.0,"category":"Natural","ORIG_FID":3091,"category_1":"Natural"},"geometry":{"type":"Point","coordinates":[77.18827373458987,31.095401256407701]}},
{"type":"Feature","properties":{"Id":0,"area":0.0,"category":"Anthropogenic","ORIG_FID":3092,"category_1":"Anthropogenic"},"geometry":{"type":"Point","coordinates":[77.147455537867316,31.088960587951355]}},
{"type":"Feature","properties":{"Id":0,"area":0.0,"category":"Natural","ORIG_FID":3093,"category_1":"Natural"},"geometry":{"type":"Point","coordinates":[77.151346129646129,31.129147167635494]}},
{"type":"Feature","properties":{"Id":0,"area":0.0,"category":"Natural","ORIG_FID":3094,"category_1":"Natural"},"geometry":{"type":"Point","coordinates":[77.150301791371007,31.13719888136044]}},
{"type":"Feature","properties":{"Id":0,"area":0.0,"category":"Anthropogenic","ORIG_FID":3095,"category_1":"Anthropogenic"},"geometry":{"type":"Point","coordinates":[77.152745381741639,31.143804348676113]}},
{"type":"Feature","properties":{"Id":0,"area":0.0,"category":"Anthropogenic","ORIG_FID":3096,"category_1":"Anthropogenic"},"geometry":{"type":"Point","coordinates":[77.151938930739718,31.135674713722032]}},
{"type":"Feature","properties":{"Id":0,"area":0.0,"category":"Anthropogenic","ORIG_FID":3097,"category_1":"Anthropogenic"},"geometry":{"type":"Point","coordinates":[77.146440011236479,31.143301802502229]}},
{"type":"Feature","properties":{"Id":0,"area":0.0,"category":"Anthropogenic","ORIG_FID":3098,"category_1":"Anthropogenic"},"geometry":{"type":"Point","coordinates":[77.193928736089532,31.140951741244965]}},
{"type":"Feature","properties":{"Id":0,"area":0.0,"category":"Anthropogenic","ORIG_FID":3099,"category_1":"Anthropogenic"},"geometry":{"type":"Point","coordinates":[77.19246537644662,31.141464851686838]}},
{"type":"Feature","properties":{"Id":0,"area":0.0,"category":"Natural","ORIG_FID":3100,"category_1":"Natural"},"geometry":{"type":"Point","coordinates":[77.191810521847103,31.140841778365559]}},
{"type":"Feature","properties":{"Id":0,"area":0.0,"category":"Anthropogenic","ORIG_FID":3101,"category_1":"Anthropogenic"},"geometry":{"type":"Point","coordinates":[77.225683255147601,31.092643705035311]}},
{"type":"Feature","properties":{"Id":0,"area":0.0,"category":"Anthropogenic","ORIG_FID":3102,"category_1":"Anthropogenic"},"geometry":{"type":"Point","coordinates":[77.224955315082624,31.092334954583233]}},
{"type":"Feature","properties":{"Id":0,"area":0.0,"category":"Anthropogenic","ORIG_FID":3103,"category_1":"Anthropogenic"},"geometry":{"type":"Point","coordinates":[77.225231957708417,31.092518435949263]}},
{"type":"Feature","properties":{"Id":0,"area":0.0,"category":"Natural","ORIG_FID":3104,"category_1":"Natural"},"geometry":{"type":"Point","coordinates":[77.218590047272912,31.053853468796252]}},
{"type":"Feature","properties":{"Id":0,"area":0.0,"category":"Anthropogenic","ORIG_FID":3105,"category_1":"Anthropogenic"},"geometry":{"type":"Point","coordinates":[77.217491902900719,31.054641994854823]}},
{"type":"Feature","properties":{"Id":0,"area":0.0,"category":"Natural","ORIG_FID":3106,"category_1":"Natural"},"geometry":{"type":"Point","coordinates":[77.215675980089941,31.055255615795669]}},
{"type":"Feature","properties":{"Id":0,"area":0.0,"category":"Anthropogenic","ORIG_FID":3107,"category_1":"Anthropogenic"},"geometry":{"type":"Point","coordinates":[77.199707019785379,31.035310767380228]}},
{"type":"Feature","properties":{"Id":0,"area":0.0,"category":"Anthropogenic","ORIG_FID":3108,"category_1":"Anthropogenic"},"geometry":{"type":"Point","coordinates":[77.195482286922669,31.016415626449348]}},
{"type":"Feature","properties":{"Id":0,"area":0.0,"category":"Anthropogenic","ORIG_FID":3109,"category_1":"Anthropogenic"},"geometry":{"type":"Point","coordinates":[77.193988237044806,31.017794109543466]}},
{"type":"Feature","properties":{"Id":0,"area":0.0,"category":"Natural","ORIG_FID":3110,"category_1":"Natural"},"geometry":{"type":"Point","coordinates":[77.160691420408938,30.999282740382029]}},
{"type":"Feature","properties":{"Id":0,"area":0.0,"category":"Natural","ORIG_FID":3111,"category_1":"Natural"},"geometry":{"type":"Point","coordinates":[77.161822952133633,30.968458847443973]}},
{"type":"Feature","properties":{"Id":0,"area":0.0,"category":"Natural","ORIG_FID":3112,"category_1":"Natural"},"geometry":{"type":"Point","coordinates":[77.161686053206324,30.968766200270025]}},
{"type":"Feature","properties":{"Id":0,"area":0.0,"category":"Natural","ORIG_FID":3113,"category_1":"Natural"},"geometry":{"type":"Point","coordinates":[77.160530618603303,30.932207279175334]}},
{"type":"Feature","properties":{"Id":0,"area":0.0,"category":"Anthropogenic","ORIG_FID":3114,"category_1":"Anthropogenic"},"geometry":{"type":"Point","coordinates":[77.160836733846978,30.932372481583815]}},
{"type":"Feature","properties":{"Id":0,"area":0.0,"category":"Anthropogenic","ORIG_FID":3115,"category_1":"Anthropogenic"},"geometry":{"type":"Point","coordinates":[77.158741750888439,30.924378063253879]}},
{"type":"Feature","properties":{"Id":0,"area":0.0,"category":"Anthropogenic","ORIG_FID":3116,"category_1":"Anthropogenic"},"geometry":{"type":"Point","coordinates":[77.158723338245537,30.923897666427028]}},
{"type":"Feature","properties":{"Id":0,"area":0.0,"category":"Natural","ORIG_FID":3117,"category_1":"Natural"},"geometry":{"type":"Point","coordinates":[77.154059085808797,30.921319780494244]}},
{"type":"Feature","properties":{"Id":0,"area":0.0,"category":"Natural","ORIG_FID":3118,"category_1":"Natural"},"geometry":{"type":"Point","coordinates":[77.153840571333376,30.921790017108911]}},
{"type":"Feature","properties":{"Id":0,"area":0.0,"category":"Natural","ORIG_FID":3119,"category_1":"Natural"},"geometry":{"type":"Point","coordinates":[77.155822436168265,30.91961435532237]}},
{"type":"Feature","properties":{"Id":0,"area":0.0,"category":"Anthropogenic","ORIG_FID":3120,"category_1":"Anthropogenic"},"geometry":{"type":"Point","coordinates":[77.148955330410047,30.922184451027469]}},
{"type":"Feature","properties":{"Id":0,"area":0.0,"category":"Anthropogenic","ORIG_FID":3121,"category_1":"Anthropogenic"},"geometry":{"type":"Point","coordinates":[77.146245205130953,30.922889581293461]}},
{"type":"Feature","properties":{"Id":0,"area":0.0,"category":"Anthropogenic","ORIG_FID":3122,"category_1":"Anthropogenic"},"geometry":{"type":"Point","coordinates":[77.148630564330901,30.921957070816031]}},
{"type":"Feature","properties":{"Id":0,"area":0.0,"category":"Anthropogenic","ORIG_FID":3123,"category_1":"Anthropogenic"},"geometry":{"type":"Point","coordinates":[77.149391253838829,30.920583690046286]}},
{"type":"Feature","properties":{"Id":0,"area":0.0,"category":"Natural","ORIG_FID":3124,"category_1":"Natural"},"geometry":{"type":"Point","coordinates":[77.14999586927064,30.912191001486502]}},
{"type":"Feature","properties":{"Id":0,"area":0.0,"category":"Natural","ORIG_FID":3125,"category_1":"Natural"},"geometry":{"type":"Point","coordinates":[77.145948553665022,30.915899700943214]}},
{"type":"Feature","properties":{"Id":0,"area":0.0,"category":"Natural","ORIG_FID":3126,"category_1":"Natural"},"geometry":{"type":"Point","coordinates":[77.14447908440313,30.915255954540584]}},
{"type":"Feature","properties":{"Id":0,"area":0.0,"category":"Natural","ORIG_FID":3127,"category_1":"Natural"},"geometry":{"type":"Point","coordinates":[77.145189383778231,30.915518815258462]}},
{"type":"Feature","properties":{"Id":0,"area":0.0,"category":"Anthropogenic","ORIG_FID":3128,"category_1":"Anthropogenic"},"geometry":{"type":"Point","coordinates":[77.144279213301047,30.912686837163353]}},
{"type":"Feature","properties":{"Id":0,"area":0.0,"category":"Natural","ORIG_FID":3129,"category_1":"Natural"},"geometry":{"type":"Point","coordinates":[77.145174051971935,30.913805248624314]}},
{"type":"Feature","properties":{"Id":0,"area":0.0,"category":"Natural","ORIG_FID":3130,"category_1":"Natural"},"geometry":{"type":"Point","coordinates":[77.145509265313123,30.914212614797854]}},
{"type":"Feature","properties":{"Id":0,"area":0.0,"category":"Anthropogenic","ORIG_FID":3131,"category_1":"Anthropogenic"},"geometry":{"type":"Point","coordinates":[77.144953184470268,30.913422053886908]}},
{"type":"Feature","properties":{"Id":0,"area":0.0,"category":"Natural","ORIG_FID":3132,"category_1":"Natural"},"geometry":{"type":"Point","coordinates":[77.151778331021006,30.915167317051203]}},
{"type":"Feature","properties":{"Id":0,"area":0.0,"category":"Natural","ORIG_FID":3133,"category_1":"Natural"},"geometry":{"type":"Point","coordinates":[77.150948455801242,30.914597009040182]}},
{"type":"Feature","properties":{"Id":0,"area":0.0,"category":"Anthropogenic","ORIG_FID":3134,"category_1":"Anthropogenic"},"geometry":{"type":"Point","coordinates":[77.150718627687056,30.914737170436517]}},
{"type":"Feature","properties":{"Id":0,"area":0.0,"category":"Anthropogenic","ORIG_FID":3135,"category_1":"Anthropogenic"},"geometry":{"type":"Point","coordinates":[77.152693898215063,30.911194999974679]}},
{"type":"Feature","properties":{"Id":0,"area":0.0,"category":"Natural","ORIG_FID":3136,"category_1":"Natural"},"geometry":{"type":"Point","coordinates":[77.158483223276463,30.907146946757827]}},
{"type":"Feature","properties":{"Id":0,"area":0.0,"category":"Anthropogenic","ORIG_FID":3137,"category_1":"Anthropogenic"},"geometry":{"type":"Point","coordinates":[77.153092980340801,30.910252409237373]}},
{"type":"Feature","properties":{"Id":0,"area":0.0,"category":"Anthropogenic","ORIG_FID":3138,"category_1":"Anthropogenic"},"geometry":{"type":"Point","coordinates":[77.156047462343395,30.89652225691929]}},
{"type":"Feature","properties":{"Id":0,"area":0.0,"category":"Anthropogenic","ORIG_FID":3139,"category_1":"Anthropogenic"},"geometry":{"type":"Point","coordinates":[77.141465283819045,30.900907921590079]}},
{"type":"Feature","properties":{"Id":0,"area":0.0,"category":"Natural","ORIG_FID":3140,"category_1":"Natural"},"geometry":{"type":"Point","coordinates":[77.180699637175266,30.875116324874774]}},
{"type":"Feature","properties":{"Id":0,"area":0.0,"category":"Natural","ORIG_FID":3141,"category_1":"Natural"},"geometry":{"type":"Point","coordinates":[77.180478473507989,30.874896265365347]}},
{"type":"Feature","properties":{"Id":0,"area":0.0,"category":"Anthropogenic","ORIG_FID":3142,"category_1":"Anthropogenic"},"geometry":{"type":"Point","coordinates":[77.107987021487318,30.842492585242084]}},
{"type":"Feature","properties":{"Id":0,"area":0.0,"category":"Anthropogenic","ORIG_FID":3143,"category_1":"Anthropogenic"},"geometry":{"type":"Point","coordinates":[77.059730097037061,31.076337528552365]}},
{"type":"Feature","properties":{"Id":0,"area":0.0,"category":"Anthropogenic","ORIG_FID":3144,"category_1":"Anthropogenic"},"geometry":{"type":"Point","coordinates":[77.060303609194321,31.076780777342734]}},
{"type":"Feature","properties":{"Id":0,"area":0.0,"category":"Anthropogenic","ORIG_FID":3145,"category_1":"Anthropogenic"},"geometry":{"type":"Point","coordinates":[77.060520183288602,31.077021374951826]}},
{"type":"Feature","properties":{"Id":0,"area":0.0,"category":"Anthropogenic","ORIG_FID":3146,"category_1":"Anthropogenic"},"geometry":{"type":"Point","coordinates":[77.060829434019283,31.077181876629965]}},
{"type":"Feature","properties":{"Id":0,"area":0.0,"category":"Anthropogenic","ORIG_FID":3147,"category_1":"Anthropogenic"},"geometry":{"type":"Point","coordinates":[77.0610496312853,31.077479528168489]}},
{"type":"Feature","properties":{"Id":0,"area":0.0,"category":"Anthropogenic","ORIG_FID":3148,"category_1":"Anthropogenic"},"geometry":{"type":"Point","coordinates":[77.06140338512968,31.077641759381027]}},
{"type":"Feature","properties":{"Id":0,"area":0.0,"category":"Anthropogenic","ORIG_FID":3149,"category_1":"Anthropogenic"},"geometry":{"type":"Point","coordinates":[77.059623502519798,31.07560106939734]}},
{"type":"Feature","properties":{"Id":0,"area":0.0,"category":"Natural","ORIG_FID":3150,"category_1":"Natural"},"geometry":{"type":"Point","coordinates":[77.056771874143948,31.077239364964171]}},
{"type":"Feature","properties":{"Id":0,"area":0.0,"category":"Anthropogenic","ORIG_FID":3151,"category_1":"Anthropogenic"},"geometry":{"type":"Point","coordinates":[77.0552463396684,31.078630994056866]}},
{"type":"Feature","properties":{"Id":0,"area":0.0,"category":"Natural","ORIG_FID":3152,"category_1":"Natural"},"geometry":{"type":"Point","coordinates":[77.050901456278439,31.075516598811898]}},
{"type":"Feature","properties":{"Id":0,"area":0.0,"category":"Anthropogenic","ORIG_FID":3153,"category_1":"Anthropogenic"},"geometry":{"type":"Point","coordinates":[77.050810292046449,31.075217202940731]}},
{"type":"Feature","properties":{"Id":0,"area":0.0,"category":"Natural","ORIG_FID":3154,"category_1":"Natural"},"geometry":{"type":"Point","coordinates":[77.051732197314962,31.075191476021985]}},
{"type":"Feature","properties":{"Id":0,"area":0.0,"category":"Anthropogenic","ORIG_FID":3155,"category_1":"Anthropogenic"},"geometry":{"type":"Point","coordinates":[77.05085278004573,31.074696359855462]}},
{"type":"Feature","properties":{"Id":0,"area":0.0,"category":"Anthropogenic","ORIG_FID":3156,"category_1":"Anthropogenic"},"geometry":{"type":"Point","coordinates":[77.050611215711257,31.074223769941778]}},
{"type":"Feature","properties":{"Id":0,"area":0.0,"category":"Anthropogenic","ORIG_FID":3157,"category_1":"Anthropogenic"},"geometry":{"type":"Point","coordinates":[77.065627540086581,31.067763907466873]}},
{"type":"Feature","properties":{"Id":0,"area":0.0,"category":"Natural","ORIG_FID":3158,"category_1":"Natural"},"geometry":{"type":"Point","coordinates":[77.066018947414221,31.068282229335413]}},
{"type":"Feature","properties":{"Id":0,"area":0.0,"category":"Natural","ORIG_FID":3159,"category_1":"Natural"},"geometry":{"type":"Point","coordinates":[77.064295382059314,31.069237982404768]}},
{"type":"Feature","properties":{"Id":0,"area":0.0,"category":"Natural","ORIG_FID":3160,"category_1":"Natural"},"geometry":{"type":"Point","coordinates":[77.066476878854488,31.070264161639315]}},
{"type":"Feature","properties":{"Id":0,"area":0.0,"category":"Natural","ORIG_FID":3161,"category_1":"Natural"},"geometry":{"type":"Point","coordinates":[77.067123091250821,31.066810202147369]}},
{"type":"Feature","properties":{"Id":0,"area":0.0,"category":"Natural","ORIG_FID":3162,"category_1":"Natural"},"geometry":{"type":"Point","coordinates":[77.068903118483036,31.065244461328202]}},
{"type":"Feature","properties":{"Id":0,"area":0.0,"category":"Anthropogenic","ORIG_FID":3163,"category_1":"Anthropogenic"},"geometry":{"type":"Point","coordinates":[77.065047019384949,31.071650755172062]}},
{"type":"Feature","properties":{"Id":0,"area":0.0,"category":"Anthropogenic","ORIG_FID":3164,"category_1":"Anthropogenic"},"geometry":{"type":"Point","coordinates":[77.063426257350159,31.073609354126862]}},
{"type":"Feature","properties":{"Id":0,"area":0.0,"category":"Anthropogenic","ORIG_FID":3165,"category_1":"Anthropogenic"},"geometry":{"type":"Point","coordinates":[77.063558637076099,31.073786210928418]}},
{"type":"Feature","properties":{"Id":0,"area":0.0,"category":"Natural","ORIG_FID":3166,"category_1":"Natural"},"geometry":{"type":"Point","coordinates":[77.062522951498678,31.070406975196065]}},
{"type":"Feature","properties":{"Id":0,"area":0.0,"category":"Natural","ORIG_FID":3167,"category_1":"Natural"},"geometry":{"type":"Point","coordinates":[77.062977540475103,31.072672194103202]}},
{"type":"Feature","properties":{"Id":0,"area":0.0,"category":"Anthropogenic","ORIG_FID":3168,"category_1":"Anthropogenic"},"geometry":{"type":"Point","coordinates":[77.062084648065365,31.072558148384829]}},
{"type":"Feature","properties":{"Id":0,"area":0.0,"category":"Natural","ORIG_FID":3169,"category_1":"Natural"},"geometry":{"type":"Point","coordinates":[77.062382491116949,31.071342986811931]}},
{"type":"Feature","properties":{"Id":0,"area":0.0,"category":"Natural","ORIG_FID":3170,"category_1":"Natural"},"geometry":{"type":"Point","coordinates":[77.064219814089782,31.069937754168215]}},
{"type":"Feature","properties":{"Id":0,"area":0.0,"category":"Natural","ORIG_FID":3171,"category_1":"Natural"},"geometry":{"type":"Point","coordinates":[77.064479745828564,31.069865686609756]}},
{"type":"Feature","properties":{"Id":0,"area":0.0,"category":"Anthropogenic","ORIG_FID":3172,"category_1":"Anthropogenic"},"geometry":{"type":"Point","coordinates":[77.058950936112623,31.083384956819366]}},
{"type":"Feature","properties":{"Id":0,"area":0.0,"category":"Anthropogenic","ORIG_FID":3173,"category_1":"Anthropogenic"},"geometry":{"type":"Point","coordinates":[77.060604897500539,31.082141671276865]}},
{"type":"Feature","properties":{"Id":0,"area":0.0,"category":"Anthropogenic","ORIG_FID":3174,"category_1":"Anthropogenic"},"geometry":{"type":"Point","coordinates":[77.055964638214135,31.084745585736361]}},
{"type":"Feature","properties":{"Id":0,"area":0.0,"category":"Natural","ORIG_FID":3175,"category_1":"Natural"},"geometry":{"type":"Point","coordinates":[77.047227630267443,31.093350318909511]}}
]
}
