latitude,longitude,elevation_m,slope_deg,tri_m,max_daily_rainfall_2023_mm,landslide,rainfall_available,area,category
30.932944310573305,77.04254564298319,1563.535400390625,44.94780731201172,70.4804458618164,124.38549041748047,1,1,432.75,Natural
30.932460230610097,77.04480414616911,1448.4173583984375,33.30449295043945,45.79933547973633,124.38549041748047,1,1,2421.77,Natural
31.00340413709116,77.05884277153208,1136.3568115234375,16.34041404724121,29.937801361083984,124.38549041748047,1,1,1026.78,Natural
30.92441754918293,77.05577261343447,1554.8363037109375,31.88605499267578,43.76007843017578,124.38549041748047,1,1,1347.74,Natural
30.962983949071898,77.12280452829444,1217.0172119140625,48.59721374511719,80.40829467773438,124.38549041748047,1,1,1247.93,Anthropogenic
30.963357380175474,77.12179974635744,1234.572509765625,40.990108489990234,65.2831039428711,124.38549041748047,1,1,737.443,Anthropogenic
30.962931741599128,77.1222568261361,1202.045654296875,56.49227523803711,104.15198516845703,124.38549041748047,1,1,3478.73,Anthropogenic
30.95038334696921,77.05901742841294,1129.5242919921875,30.711477279663086,43.32499694824219,124.38549041748047,1,1,17445.9,Natural
30.951280008937854,77.05749484063662,1108.13330078125,8.696488380432129,17.28135871887207,124.38549041748047,1,1,1087.14,Anthropogenic
30.92024728559331,77.12781751269272,1224.242919921875,29.35356903076172,38.891807556152344,100.44458770751953,1,1,1187.42,Natural
30.922657328264624,77.12831068152316,1280.515869140625,15.316795349121094,22.70215606689453,100.44458770751953,1,1,958.559,Natural
30.9211629697187,77.13090193967813,1181.7208251953125,29.187471389770508,40.117431640625,100.44458770751953,1,1,718.1,Natural
30.921386200100393,77.13252699214985,1204.708251953125,31.484464645385742,42.13548278808594,100.44458770751953,1,1,663.799,Natural
31.031886509498072,77.1817389157661,1280.73291015625,39.85652542114258,59.15949249267578,100.44458770751953,1,1,935.531,Anthropogenic
31.032825640620953,77.1819044041424,1300.906982421875,39.00274658203125,56.93122863769531,100.44458770751953,1,1,2998.05,Anthropogenic
31.03338364014376,77.18292357700257,1265.0645751953125,25.43459701538086,34.04008102416992,100.44458770751953,1,1,2100.99,Natural
31.03416032337468,77.18228022941253,1327.5194091796875,29.42296600341797,43.95599365234375,100.44458770751953,1,1,1065.11,Natural
31.03458371762778,77.1825233363488,1370.572021484375,40.334930419921875,58.53969955444336,100.44458770751953,1,1,1025.27,Anthropogenic
31.03022981232037,77.18061275661088,1291.4571533203125,47.16423797607422,74.9996337890625,100.44458770751953,1,1,697.643,Anthropogenic
30.964974582400465,77.07765588051568,1520.792724609375,34.766563415527344,47.57810592651367,124.38549041748047,1,1,1145.0,Natural
30.88738710784118,76.98862316500026,1320.745361328125,25.685911178588867,32.99745559692383,124.38549041748047,1,1,978.798,Anthropogenic
30.88608172241285,76.98268862964999,1527.290283203125,39.86686706542969,57.193904876708984,124.38549041748047,1,1,561.052,Natural
30.887711007165187,76.98420188925238,1430.467041015625,24.71156883239746,36.4489860534668,124.38549041748047,1,1,1158.29,Anthropogenic
30.92877409261277,76.9440386866463,1311.35302734375,36.34580993652344,51.42559814453125,124.38549041748047,1,1,2009.29,Natural
30.93055340242925,76.94339640323868,1295.2369384765625,37.768863677978516,54.414737701416016,124.38549041748047,1,1,596.122,Natural
30.930000927880574,76.94292166529975,1243.347900390625,34.41875076293945,48.31211471557617,124.38549041748047,1,1,671.721,Anthropogenic
30.92866507313405,76.93958036921569,1071.5281982421875,21.034950256347656,30.028026580810547,124.38549041748047,1,1,1105.87,Natural
30.932318419793475,76.95417014138354,1557.763916015625,37.25564193725586,53.19189453125,124.38549041748047,1,1,833.699,Natural
30.955494757664074,76.9432394466086,1270.5206298828125,31.861408233642578,43.69942855834961,124.38549041748047,1,1,2387.12,Natural
30.955633193718526,76.9416209595632,1239.9649658203125,41.30841827392578,60.52104949951172,124.38549041748047,1,1,2490.76,Natural
30.95608788562524,76.94212368925747,1303.97802734375,43.19353103637695,65.1456527709961,124.38549041748047,1,1,1035.38,Natural
30.96073887977958,76.95283458438016,1261.685791015625,32.09268569946289,43.991416931152344,124.38549041748047,1,1,1637.64,Anthropogenic
30.961942959442755,76.95894170024242,1126.99365234375,37.96916198730469,52.55353546142578,124.38549041748047,1,1,733.167,Natural
30.96263248984745,76.95545178575854,1278.3577880859375,32.79545593261719,46.67775344848633,124.38549041748047,1,1,326.755,Anthropogenic
30.962362540811586,76.96011336264185,1109.058349609375,36.10823059082031,50.63334274291992,124.38549041748047,1,1,886.706,Anthropogenic
30.971299606512723,76.95465739841347,1232.075439453125,33.105247497558594,45.26304626464844,124.38549041748047,1,1,746.834,Anthropogenic
30.983112263757704,77.06560842015877,1069.4298095703125,30.019500732421875,42.62347412109375,124.38549041748047,1,1,801.684,Natural
30.98316142303425,77.06621817599441,1050.2730712890625,35.79703903198242,50.63711929321289,124.38549041748047,1,1,1215.24,Natural
30.983659600780886,77.0660341247382,1075.6181640625,36.170433044433594,50.7543830871582,124.38549041748047,1,1,687.976,Natural
30.983484171044307,77.06491306243258,1081.4090576171875,36.734947204589844,51.97599792480469,124.38549041748047,1,1,611.695,Natural
30.982027084833415,77.06526453634574,1003.7535400390625,7.3294453620910645,22.030263900756836,124.38549041748047,1,1,1624.49,Natural
30.9885419388365,77.06297633983868,1136.7021484375,32.15464782714844,43.453765869140625,124.38549041748047,1,1,533.945,Natural
30.988226856001138,77.05883716502716,1047.4404296875,30.454998016357422,41.062896728515625,124.38549041748047,1,1,426.964,Natural
30.994631703164117,77.0656474476146,1274.8505859375,37.77984619140625,53.17781448364258,124.38549041748047,1,1,1141.55,Natural
30.999419453883288,77.05502772583506,1077.9339599609375,35.32353591918945,51.38559341430664,124.38549041748047,1,1,2218.03,Natural
30.9996755693065,77.05350468762667,1106.044189453125,39.948974609375,59.161380767822266,124.38549041748047,1,1,1552.23,Anthropogenic
30.994428194360506,77.04672742789731,952.7216796875,16.69281005859375,34.69181823730469,124.38549041748047,1,1,5975.12,Anthropogenic
30.997105605300657,77.04972330644442,999.42431640625,15.57573413848877,26.312593460083008,124.38549041748047,1,1,5656.47,Natural
30.998649924552236,77.05008603365515,1015.795166015625,9.275934219360352,33.753211975097656,124.38549041748047,1,1,5163.27,Natural
30.99790505267751,77.04747859897704,1126.171142578125,32.00513458251953,43.73863983154297,124.38549041748047,1,1,679.799,Anthropogenic
30.879962425665067,77.0188958560012,1374.1280517578125,33.47050476074219,45.537391662597656,124.38549041748047,1,1,1274.85,Natural
30.88128225871039,77.01139006860892,1227.568115234375,21.563756942749023,29.201438903808594,124.38549041748047,1,1,866.306,Anthropogenic
30.881748565043488,77.01118484273442,1227.6002197265625,27.736867904663086,36.799468994140625,124.38549041748047,1,1,1345.32,Anthropogenic
30.881883101370736,77.01094659581682,1229.0535888671875,31.475440979003906,42.45328140258789,124.38549041748047,1,1,594.244,Anthropogenic
30.881823158531805,77.00183325943487,1174.10498046875,33.46638107299805,46.6259880065918,124.38549041748047,1,1,499.204,Anthropogenic
30.881647448047236,77.00273486020065,1145.449462890625,10.46400260925293,21.440357208251953,124.38549041748047,1,1,574.032,Anthropogenic
30.936544975813845,77.06971264009559,1294.0950927734375,23.94748306274414,31.63055419921875,124.38549041748047,1,1,2136.22,Natural
30.936883800516537,77.07021512129883,1277.8931884765625,31.452177047729492,41.99013137817383,124.38549041748047,1,1,1436.38,Natural
30.937260559008944,77.07035799546716,1289.0126953125,28.19281768798828,36.70560073852539,124.38549041748047,1,1,1882.95,Natural
30.933779716836497,77.06635797943298,1218.7637939453125,26.5338077545166,34.423709869384766,124.38549041748047,1,1,8418.17,Anthropogenic
30.937817901350854,77.06089500016064,1271.37109375,39.148399353027344,55.18404006958008,124.38549041748047,1,1,2934.51,Natural
30.939077792192535,77.06071685125674,1224.26318359375,36.80511474609375,51.83371353149414,124.38549041748047,1,1,2072.44,Natural
30.939378246116263,77.06110168981286,1205.5946044921875,31.18364906311035,42.312049865722656,124.38549041748047,1,1,1416.89,Natural
30.93601591294065,77.06112076932627,1264.263916015625,17.994850158691406,23.064231872558594,124.38549041748047,1,1,2730.2,Natural
30.935321080353166,77.06112498643007,1278.583984375,19.418954849243164,25.63606071472168,124.38549041748047,1,1,1790.63,Anthropogenic
30.937303462929123,77.06286888437867,1246.252197265625,24.89147186279297,34.72187423706055,124.38549041748047,1,1,2850.05,Anthropogenic
30.93784393433504,77.06336039731725,1211.1177978515625,35.75407791137695,51.39894485473633,124.38549041748047,1,1,568.063,Natural
30.938067296139696,77.06398559351126,1176.1549072265625,19.046476364135742,34.07609176635742,124.38549041748047,1,1,1509.79,Natural
30.93887021698375,77.06381113295285,1195.4302978515625,22.6189022064209,39.50852584838867,124.38549041748047,1,1,1132.87,Natural
30.93846812852086,77.06384453520779,1179.387939453125,35.1346321105957,48.110477447509766,124.38549041748047,1,1,700.894,Natural
30.935539656844828,77.06534402934238,1219.1630859375,36.84803009033203,51.741817474365234,124.38549041748047,1,1,3479.15,Anthropogenic
30.934809798939444,77.06499578219524,1284.7388916015625,33.17500305175781,49.13457489013672,124.38549041748047,1,1,2743.21,Natural
30.941165541559748,77.05552832090228,1239.306884765625,27.928192138671875,38.00185775756836,124.38549041748047,1,1,2195.84,Anthropogenic
30.93889918501333,77.05424305863902,1235.236083984375,11.144025802612305,26.405773162841797,124.38549041748047,1,1,1401.95,Anthropogenic
30.940887132678,77.06105350163324,1173.460693359375,41.41801452636719,60.89181900024414,124.38549041748047,1,1,9023.9,Anthropogenic
30.944547277655534,77.06010749863677,1203.19287109375,37.37324142456055,52.179866790771484,124.38549041748047,1,1,1978.36,Natural
30.941835404747128,77.06130690230704,1191.874755859375,29.768936157226562,40.54247283935547,124.38549041748047,1,1,3757.05,Anthropogenic
30.94590789600525,77.05876225628433,1195.0087890625,42.80101013183594,65.42674255371094,124.38549041748047,1,1,5563.5,Natural
30.946126169209425,77.06096757249797,1162.4248046875,41.5715217590332,60.672306060791016,124.38549041748047,1,1,2403.8,Anthropogenic
30.955322717002648,77.05604580568918,1115.2625732421875,41.454559326171875,59.938270568847656,124.38549041748047,1,1,2077.47,Natural
30.954361805102987,77.05268942615847,1169.5892333984375,19.8048095703125,27.904306411743164,124.38549041748047,1,1,12240.2,Anthropogenic
30.952766777572005,77.05452150868236,1152.079345703125,32.81600570678711,45.59129333496094,124.38549041748047,1,1,3697.21,Natural
30.952372201397594,77.05347739550294,1180.402587890625,20.627269744873047,25.48125457763672,124.38549041748047,1,1,3702.6,Natural
30.956287691152554,77.04898804773669,1249.66064453125,21.814794540405273,29.08473777770996,124.38549041748047,1,1,2053.68,Anthropogenic
30.9674782819834,77.12630718543521,1196.520751953125,35.57256317138672,49.54952621459961,100.44458770751953,1,1,628.626,Natural
30.96775072185799,77.12485016066162,1267.120361328125,16.5831298828125,21.273460388183594,124.38549041748047,1,1,1586.92,Anthropogenic
30.96777349967582,77.12550617939313,1249.406982421875,19.852521896362305,27.714754104614258,100.44458770751953,1,1,2098.45,Anthropogenic
30.961495222902823,77.12876465134971,1194.665283203125,21.119218826293945,28.592071533203125,100.44458770751953,1,1,2814.12,Anthropogenic
30.97243622316682,77.13334492329959,1173.0308837890625,35.63132095336914,51.94121551513672,100.44458770751953,1,1,1566.7,Anthropogenic
30.970586060462487,77.13018963368907,1217.61865234375,18.254756927490234,30.894718170166016,100.44458770751953,1,1,623.998,Natural
30.899495499060784,77.04305781513231,1386.3114013671875,27.69974136352539,35.750404357910156,124.38549041748047,1,1,1179.23,Anthropogenic
30.907132396642027,77.03536783857935,1339.279296875,35.39625549316406,48.42966079711914,124.38549041748047,1,1,1396.49,Anthropogenic
30.945435452149834,77.04465633673584,1311.08544921875,27.061511993408203,41.55305862426758,124.38549041748047,1,1,2621.91,Anthropogenic
30.946230530212066,77.04506771223554,1364.2177734375,41.491485595703125,61.87470626831055,124.38549041748047,1,1,363.311,Anthropogenic
30.947586549404207,77.04917245255264,1234.015869140625,40.78792190551758,59.19647979736328,124.38549041748047,1,1,2588.63,Natural
30.96763639135768,77.05388851598791,1343.470947265625,29.309572219848633,38.60065460205078,124.38549041748047,1,1,2004.75,Anthropogenic
30.932223652941854,77.11046405959763,1667.7708740234375,37.37606430053711,55.03495407104492,124.38549041748047,1,1,902.944,Natural
30.92092084595444,77.11986319066953,1298.93359375,18.982955932617188,25.68720054626465,124.38549041748047,1,1,655.254,Anthropogenic
30.921430779180646,77.12007646864473,1313.455810546875,34.61781311035156,46.82667541503906,124.38549041748047,1,1,953.057,Anthropogenic
30.920718576848394,77.12354796612883,1293.0987548828125,38.66191482543945,55.374080657958984,124.38549041748047,1,1,1149.79,Anthropogenic
30.91794183118754,77.08136757645254,1335.19775390625,25.7596435546875,33.09381103515625,124.38549041748047,1,1,4818.92,Natural
30.928487658379336,77.07279814535957,1278.125732421875,37.14813232421875,52.449867248535156,124.38549041748047,1,1,2058.15,Anthropogenic
30.9284270360284,77.07339210933867,1270.4278564453125,41.8671875,61.384925842285156,124.38549041748047,1,1,2217.92,Anthropogenic
30.927087419305774,77.07579756576513,1353.44580078125,27.986804962158203,37.22929000854492,124.38549041748047,1,1,722.316,Anthropogenic
30.92830389478628,77.06622521705208,1337.4732666015625,28.43985366821289,38.361637115478516,124.38549041748047,1,1,1181.06,Anthropogenic
30.92848332554562,77.06669931442383,1334.8192138671875,30.775962829589844,40.885223388671875,124.38549041748047,1,1,1013.92,Anthropogenic
30.92951116547735,77.06835530691319,1285.2344970703125,26.513029098510742,36.02907180786133,124.38549041748047,1,1,702.852,Anthropogenic
30.92999888807938,77.07625934422506,1336.5205078125,28.614822387695312,39.284202575683594,124.38549041748047,1,1,1733.51,Natural
30.92426876022607,77.06817963874369,1340.40234375,35.034671783447266,47.54661560058594,124.38549041748047,1,1,958.068,Anthropogenic
30.92453405391077,77.06872930452327,1328.4249267578125,37.30430221557617,52.05841827392578,124.38549041748047,1,1,772.556,Anthropogenic
30.924821439542747,77.06920714548696,1330.0625,36.47065353393555,50.649742126464844,124.38549041748047,1,1,481.462,Anthropogenic
30.94353893283278,77.06991614951362,1487.97900390625,38.59633255004883,55.36895751953125,124.38549041748047,1,1,2746.27,Anthropogenic
30.943468288713547,77.07053781381214,1484.73291015625,33.49065399169922,46.735008239746094,124.38549041748047,1,1,860.93,Anthropogenic
30.916264363727027,77.08639563365891,1389.7064208984375,34.906410217285156,48.45706558227539,124.38549041748047,1,1,2354.0,Anthropogenic
30.92270871841806,77.13953191666967,1141.172119140625,10.130870819091797,23.85162925720215,100.44458770751953,1,1,2437.23,Anthropogenic
30.9253333401473,77.1411916375423,1152.372802734375,40.89139938354492,61.685546875,100.44458770751953,1,1,759.88,Natural
30.923665767254747,77.13476650973352,1214.3865966796875,19.292922973632812,26.437870025634766,100.44458770751953,1,1,423.077,Natural
30.924540542588694,77.14066969618978,1138.45458984375,26.7742977142334,41.8992805480957,100.44458770751953,1,1,1697.55,Natural
30.924960443554205,77.14382081049257,1112.942626953125,7.3229875564575195,13.39743423461914,100.44458770751953,1,1,1378.06,Natural
30.96364250176962,77.13700553274538,1391.03369140625,19.295507431030273,24.520397186279297,100.44458770751953,1,1,1085.15,Anthropogenic
30.958187914705327,77.15324966444803,1419.9681396484375,38.370426177978516,54.379425048828125,100.44458770751953,1,1,2460.37,Anthropogenic
31.024202742424567,77.09135519586002,1477.0242919921875,36.668399810791016,52.09808349609375,124.38549041748047,1,1,456.072,Anthropogenic
31.01122952343193,77.16888358960125,1259.972900390625,54.673370361328125,98.05339813232422,100.44458770751953,1,1,2421.38,Anthropogenic
30.922880188133153,77.04563735765464,1815.98486328125,30.161466598510742,40.900726318359375,124.38549041748047,1,1,17822.4,Natural
30.94530333525595,77.13778943453465,1217.7763671875,11.039414405822754,14.20984172821045,100.44458770751953,1,1,5339.05,Natural
30.944871444502887,77.13578167738424,1254.5906982421875,11.320955276489258,14.979917526245117,100.44458770751953,1,1,1604.29,Natural
30.95800468957625,77.12932948230618,1064.1448974609375,8.387545585632324,13.49297046661377,100.44458770751953,1,1,5268.58,Natural
30.971542870063598,77.13389851323856,1134.296630859375,40.01344680786133,58.43550491333008,100.44458770751953,1,1,1142.05,Anthropogenic
30.988069180950653,77.07313824681468,1228.21630859375,33.96923828125,46.66381072998047,124.38549041748047,1,1,329.942,Natural
30.89222331423557,77.10664250351252,1506.833740234375,26.276206970214844,33.974605560302734,124.38549041748047,1,1,1724.51,Anthropogenic
30.887332121422435,77.11225597882878,1420.8758544921875,25.667177200317383,34.62169647216797,124.38549041748047,1,1,879.094,Anthropogenic
30.96121299481492,77.10870535367278,1540.2371826171875,38.41693878173828,55.27886199951172,124.38549041748047,1,1,689.963,Anthropogenic
30.926395803076634,77.14887360257758,1082.02880859375,45.889408111572266,69.95972442626953,100.44458770751953,1,1,1036.86,Anthropogenic
30.9281290240799,77.14997285917983,1131.3936767578125,11.000530242919922,19.480737686157227,100.44458770751953,1,1,1512.11,Anthropogenic
30.928041084677904,77.14722934321497,1081.9305419921875,36.76177978515625,52.1476936340332,100.44458770751953,1,1,566.245,Natural
30.929975279085475,77.14892248396511,1149.39892578125,18.568286895751953,24.92962074279785,100.44458770751953,1,1,1264.97,Anthropogenic
30.915695616562477,77.16187998174941,1123.34326171875,11.94881534576416,16.159879684448242,100.44458770751953,1,1,1235.8,Anthropogenic
30.9170508957482,77.1581683675106,1152.1759033203125,18.569133758544922,24.22875213623047,100.44458770751953,1,1,890.306,Anthropogenic
30.91866274573635,77.16133723740992,1049.895751953125,18.04543113708496,24.184343338012695,100.44458770751953,1,1,397.978,Anthropogenic
30.914291638157813,77.15976020142406,1201.4864501953125,31.94298553466797,43.30512619018555,100.44458770751953,1,1,829.658,Natural
30.91466863303479,77.15950336755087,1189.120361328125,31.309024810791016,41.70098114013672,100.44458770751953,1,1,286.398,Anthropogenic
30.911656317111703,77.14868748629182,1225.0594482421875,46.56177520751953,72.43231964111328,100.44458770751953,1,1,1068.34,Anthropogenic
30.9112198674378,77.14822452769629,1206.3326416015625,44.59036636352539,67.20780944824219,100.44458770751953,1,1,2094.11,Anthropogenic
30.916292338790967,77.15254023731781,1139.756103515625,49.87610626220703,84.07192993164062,100.44458770751953,1,1,1008.28,Natural
30.914945406648194,77.1670831214962,1052.80712890625,32.08755874633789,43.941993713378906,100.44458770751953,1,1,1093.64,Natural
30.917298877252062,77.16799431512278,1023.3143310546875,41.72323989868164,62.08810043334961,100.44458770751953,1,1,515.394,Anthropogenic
30.91763210469394,77.17669861089084,1101.1373291015625,44.29521942138672,67.38554382324219,100.44458770751953,1,1,1931.86,Natural
30.915822246668025,77.17679004241542,1012.0612182617188,34.49254608154297,48.30784606933594,100.44458770751953,1,1,1053.32,Anthropogenic
30.915309762795804,77.1808414665783,1118.7701416015625,41.06952667236328,60.04072952270508,100.44458770751953,1,1,1007.84,Natural
30.866097708638517,77.00179706422085,1051.3914794921875,32.66984176635742,43.53749084472656,,1,0,2662.85,Anthropogenic
30.865981450997722,76.9986551795348,1104.03564453125,27.92441749572754,37.08666229248047,,1,0,1449.94,Anthropogenic
30.869165420596296,76.99909892193956,1111.1461181640625,23.543460845947266,31.71916961669922,,1,0,469.789,Anthropogenic
30.86644355961296,76.99796078261545,1132.89453125,27.301057815551758,37.723602294921875,,1,0,504.324,Anthropogenic
30.86597720292501,76.99775198321862,1114.651611328125,20.39130210876465,29.877811431884766,,1,0,489.316,Anthropogenic
30.864085092974772,77.00359256477722,1007.1929321289062,37.58882141113281,54.029178619384766,,1,0,905.107,Anthropogenic
30.868857895898724,76.99918182331194,1121.702880859375,22.570663452148438,30.603334426879883,,1,0,407.877,Anthropogenic
30.869286558178736,76.99967279368951,1081.6383056640625,35.172603607177734,49.17581558227539,,1,0,1296.8,Anthropogenic
30.863818244794032,77.00293583363207,1041.1351318359375,36.06912612915039,50.17031478881836,,1,0,1278.77,Anthropogenic
30.863314752549815,77.00811458053528,1033.8807373046875,30.6798038482666,40.56756591796875,,1,0,231.346,Anthropogenic
30.864515740237938,77.00738521089545,1047.3626708984375,30.537099838256836,40.778602600097656,,1,0,238.66,Anthropogenic
30.86566616967274,77.0072671460948,1055.3917236328125,29.267074584960938,38.78693389892578,,1,0,172.238,Natural
30.86205888160592,77.00938820992012,958.5875244140625,33.14621353149414,47.16231155395508,,1,0,687.899,Natural
30.86392138380921,77.0106899786153,977.6611938476562,36.29393768310547,50.94520568847656,,1,0,1917.22,Natural
30.863533733902646,77.00993503020703,951.6770629882812,32.243709564208984,43.14673614501953,,1,0,661.141,Natural
30.864145361903248,77.0101244633631,957.8628540039062,20.375226974487305,30.569103240966797,,1,0,440.668,Natural
30.864574781281398,77.0037599032074,999.1345825195312,30.786720275878906,41.449119567871094,,1,0,393.622,Anthropogenic
30.870928793004122,77.01178241320574,1008.82421875,33.392364501953125,46.05782699584961,,1,0,6236.21,Anthropogenic
30.871064388304568,77.00895543970294,1017.0787353515625,30.437471389770508,42.00294494628906,,1,0,826.099,Anthropogenic
30.872084638558572,77.00694719418851,1045.1737060546875,36.90348434448242,52.74037551879883,,1,0,1192.55,Natural
30.872317413295455,77.00590892452315,1019.3607788085938,29.28792381286621,42.93426513671875,,1,0,442.821,Natural
30.873111604634673,77.00521843288132,1041.4935302734375,31.318811416625977,42.82754135131836,,1,0,542.715,Natural
30.87408861866616,77.00491950751345,1077.4478759765625,37.461429595947266,53.22775650024414,,1,0,1760.68,Anthropogenic
30.871857370624422,76.99767801017413,1095.250732421875,9.725347518920898,21.429773330688477,,1,0,603.114,Anthropogenic
30.87556396619481,76.99694595979007,1112.5272216796875,31.0113582611084,43.771297454833984,124.38549041748047,1,1,1122.43,Anthropogenic
30.87300150528341,76.99336612109525,1218.008056640625,15.582341194152832,19.978225708007812,,1,0,1113.85,Anthropogenic
30.87782584467754,76.99833240930403,1272.6920166015625,33.509056091308594,46.19419860839844,124.38549041748047,1,1,650.592,Natural
30.87766048530812,76.99881386102942,1280.3065185546875,37.401695251464844,53.20492172241211,124.38549041748047,1,1,601.818,Natural
30.875479115828433,77.00337929323054,1192.85302734375,30.981821060180664,41.6131477355957,124.38549041748047,1,1,749.696,Anthropogenic
30.876352275945614,77.01475736083383,1190.8587646484375,29.545867919921875,39.30592727661133,124.38549041748047,1,1,2280.07,Natural
30.87710689787613,77.01489752839508,1233.4647216796875,30.811513900756836,42.059837341308594,124.38549041748047,1,1,2232.5,Natural
30.877468095352082,77.01333758164994,1254.7432861328125,32.3101692199707,44.98078918457031,124.38549041748047,1,1,3099.12,Natural
30.878398699687015,77.0116530090641,1204.1591796875,22.317062377929688,31.687532424926758,124.38549041748047,1,1,1309.66,Natural
30.878522828293264,77.01257859003496,1249.666015625,34.23597717285156,47.57881546020508,124.38549041748047,1,1,2470.19,Natural
30.87943273224752,77.01191949030593,1283.7999267578125,31.27313232421875,42.06971740722656,124.38549041748047,1,1,1536.56,Natural
30.879075149025105,77.01230457715684,1271.4908447265625,34.75944519042969,48.80250549316406,124.38549041748047,1,1,1198.35,Natural
30.883634651861875,77.01087103056328,1206.902099609375,30.736425399780273,41.92506408691406,124.38549041748047,1,1,1271.77,Anthropogenic
30.87381815471374,77.00338095614723,1154.5736083984375,27.03480339050293,34.958309173583984,,1,0,532.744,Anthropogenic
30.875018820307126,77.00423959196736,1129.8699951171875,35.275943756103516,49.130794525146484,124.38549041748047,1,1,741.835,Anthropogenic
30.87567653045265,77.00382065695715,1151.3341064453125,34.66410446166992,48.428714752197266,124.38549041748047,1,1,1073.03,Anthropogenic
30.87674062151486,77.00604502766075,1079.166015625,24.604259490966797,32.408966064453125,124.38549041748047,1,1,544.076,Anthropogenic
30.87581450611873,77.00449656822119,1120.8590087890625,35.26884460449219,49.023494720458984,124.38549041748047,1,1,1499.14,Anthropogenic
30.873917207707873,77.00414697522743,1123.68701171875,31.40690803527832,43.06072235107422,,1,0,648.49,Anthropogenic
30.87509379936057,77.00372317999064,1173.9617919921875,38.033226013183594,53.93321228027344,124.38549041748047,1,1,547.626,Anthropogenic
30.880394549325686,76.9957968166038,1219.5543212890625,26.944236755371094,36.905860900878906,124.38549041748047,1,1,932.938,Anthropogenic
30.881936388552848,77.0009235810216,1228.5684814453125,33.85590362548828,48.44843292236328,124.38549041748047,1,1,298.833,Anthropogenic
30.885383601071478,76.99677579652189,1381.22705078125,28.140710830688477,37.56905746459961,124.38549041748047,1,1,819.546,Natural
30.882495192556036,77.00099771206011,1206.509765625,29.05891990661621,45.39484786987305,124.38549041748047,1,1,1878.18,Anthropogenic
30.889460652101576,76.99605954429424,1393.7110595703125,29.881237030029297,40.43061828613281,124.38549041748047,1,1,1055.47,Natural
30.887577167573376,76.99721484129046,1322.181640625,31.997329711914062,45.73566436767578,124.38549041748047,1,1,521.982,Anthropogenic
30.88759515702415,76.99886160663961,1247.8590087890625,11.75157642364502,26.12228775024414,124.38549041748047,1,1,558.05,Natural
30.887280078312237,76.9994096322773,1241.7890625,11.519343376159668,26.532865524291992,124.38549041748047,1,1,1420.55,Natural
30.887416828195686,76.99923105875273,1248.828857421875,19.013002395629883,32.48805236816406,124.38549041748047,1,1,357.341,Natural
30.885826268033252,76.99996405023471,1235.509033203125,21.501840591430664,29.700878143310547,124.38549041748047,1,1,306.324,Anthropogenic
30.88608833259663,76.9994678305721,1267.0916748046875,27.193025588989258,35.968082427978516,124.38549041748047,1,1,1589.58,Anthropogenic
30.886871035216767,76.99962009957316,1235.2947998046875,12.261991500854492,28.751323699951172,124.38549041748047,1,1,496.153,Anthropogenic
30.888115798668178,77.0002454470849,1305.6947021484375,31.380016326904297,42.0069465637207,124.38549041748047,1,1,982.164,Anthropogenic
30.888415415516306,77.00069804731264,1311.77001953125,30.670032501220703,40.24338912963867,124.38549041748047,1,1,2335.73,Anthropogenic
30.887167571844863,77.00323543299898,1330.7794189453125,25.668752670288086,33.97761154174805,124.38549041748047,1,1,1127.93,Anthropogenic
30.889799275451118,76.99804300440547,1293.457763671875,24.284284591674805,33.21271514892578,124.38549041748047,1,1,376.089,Anthropogenic
30.888359846613277,76.99871830344964,1266.7657470703125,19.2298641204834,29.353166580200195,124.38549041748047,1,1,202.96,Anthropogenic
30.89042656727469,76.99779656182233,1306.9365234375,7.915101528167725,24.245397567749023,124.38549041748047,1,1,545.091,Anthropogenic
30.891295462863336,76.99806501911256,1349.72900390625,32.515960693359375,44.202781677246094,124.38549041748047,1,1,1380.35,Anthropogenic
30.89072399695566,76.99780959653971,1307.5947265625,15.827526092529297,30.928720474243164,124.38549041748047,1,1,661.936,Anthropogenic
30.890436147291997,76.99817929842395,1304.6419677734375,22.63625717163086,31.97788429260254,124.38549041748047,1,1,595.544,Anthropogenic
30.8906787876436,76.99987648499216,1355.795654296875,24.525590896606445,34.4522705078125,124.38549041748047,1,1,837.097,Anthropogenic
30.8893762924361,76.99799022222501,1295.1075439453125,22.37007713317871,28.869321823120117,124.38549041748047,1,1,181.902,Anthropogenic
30.891197099745675,76.99498782400349,1465.115966796875,36.47718048095703,51.26472091674805,124.38549041748047,1,1,828.68,Natural
30.89067676025479,76.99874280394022,1329.8995361328125,33.776458740234375,47.133609771728516,124.38549041748047,1,1,994.472,Anthropogenic
30.8910822158449,76.99963201608946,1389.13134765625,32.294212341308594,43.473915100097656,124.38549041748047,1,1,1046.45,Anthropogenic
30.88975270499164,77.00008859985704,1357.2169189453125,27.181758880615234,35.88194274902344,124.38549041748047,1,1,493.28,Anthropogenic
30.889257127010808,77.00151655101686,1358.53076171875,27.91635513305664,37.411048889160156,124.38549041748047,1,1,495.391,Anthropogenic
30.887961623513238,76.99791548093792,1303.3045654296875,34.473995208740234,48.251190185546875,124.38549041748047,1,1,313.069,Anthropogenic
30.888329535177448,77.00372148349084,1401.341796875,32.263301849365234,43.84899139404297,124.38549041748047,1,1,871.929,Anthropogenic
30.888954445298975,77.0022658128422,1382.5509033203125,27.546173095703125,36.095542907714844,124.38549041748047,1,1,355.708,Anthropogenic
30.888628553493536,77.00332459833074,1412.1754150390625,30.99312400817871,41.7011833190918,124.38549041748047,1,1,265.792,Anthropogenic
30.8882754987123,77.00420084177308,1417.0457763671875,33.62009048461914,45.45946502685547,124.38549041748047,1,1,1270.65,Anthropogenic
30.88750495118975,77.004725257276,1381.007568359375,34.8995475769043,48.324893951416016,124.38549041748047,1,1,2753.77,Anthropogenic
30.8868489781708,77.00221245375428,1316.3319091796875,35.458805084228516,48.95224380493164,124.38549041748047,1,1,155.693,Anthropogenic
30.88580506116549,77.00597885260157,1326.5201416015625,34.844215393066406,48.50656509399414,124.38549041748047,1,1,620.32,Anthropogenic
30.886783352021244,77.00505648672407,1367.06298828125,28.72897720336914,37.94940948486328,124.38549041748047,1,1,651.849,Anthropogenic
30.888252792460257,77.00581601370189,1385.076904296875,24.383148193359375,32.472286224365234,124.38549041748047,1,1,601.568,Anthropogenic
30.888623108752387,77.00654943499069,1344.1153564453125,30.159435272216797,40.091636657714844,124.38549041748047,1,1,333.891,Anthropogenic
30.888334454899624,77.00726867433151,1307.8121337890625,25.898944854736328,37.261104583740234,124.38549041748047,1,1,213.594,Anthropogenic
30.89227052889732,77.00799856910749,1275.994873046875,10.829238891601562,25.4498291015625,124.38549041748047,1,1,452.155,Anthropogenic
30.893700198669887,77.00657871545145,1305.969482421875,15.38721752166748,22.864652633666992,124.38549041748047,1,1,589.898,Natural
30.89292883784842,77.00252092481695,1450.302978515625,36.60309600830078,50.95812225341797,124.38549041748047,1,1,1225.72,Anthropogenic
30.89339846204508,77.0028606611213,1421.094482421875,27.452972412109375,37.421356201171875,124.38549041748047,1,1,871.613,Anthropogenic
30.89484502438208,77.00177814559943,1487.5426025390625,35.94639587402344,51.61727523803711,124.38549041748047,1,1,792.731,Anthropogenic
30.894622539350454,77.00275914986695,1434.6767578125,26.325157165527344,34.80514907836914,124.38549041748047,1,1,325.477,Anthropogenic
30.897553165682037,77.00460454276414,1390.8489990234375,22.63751220703125,30.508132934570312,124.38549041748047,1,1,1463.88,Anthropogenic
30.898043907037156,77.00466379395962,1389.5714111328125,9.206001281738281,22.15559959411621,124.38549041748047,1,1,402.505,Anthropogenic
30.895745571586897,77.00797874720097,1442.9979248046875,28.624887466430664,37.653968811035156,124.38549041748047,1,1,552.382,Anthropogenic
30.89536694911815,77.00791432782091,1405.7525634765625,30.112232208251953,40.135536193847656,124.38549041748047,1,1,693.621,Anthropogenic
30.894963647122434,77.00788874851716,1385.21923828125,27.758596420288086,37.311370849609375,124.38549041748047,1,1,203.353,Natural
30.899355609243415,77.01002305603802,1536.6307373046875,30.917043685913086,41.62101364135742,124.38549041748047,1,1,347.33,Anthropogenic
30.898515666562062,77.00203666730702,1480.24365234375,32.700347900390625,43.91205978393555,124.38549041748047,1,1,471.029,Anthropogenic
30.898959570804244,77.00253533616497,1448.0546875,24.224428176879883,31.273181915283203,124.38549041748047,1,1,221.739,Natural
30.899981214586052,77.00384337368895,1458.172607421875,32.532806396484375,43.92438888549805,124.38549041748047,1,1,611.195,Anthropogenic
30.895592221714633,77.00542672389308,1336.5823974609375,6.639418125152588,21.980762481689453,124.38549041748047,1,1,548.832,Anthropogenic
30.902063854556744,77.00754131965233,1560.5201416015625,22.35262107849121,28.65346908569336,124.38549041748047,1,1,2756.47,Anthropogenic
30.904947510434575,77.00914379840357,1508.1231689453125,29.87699317932129,40.32229232788086,124.38549041748047,1,1,678.55,Anthropogenic
30.90177512362003,77.01072679470944,1582.704345703125,31.71964454650879,43.32062530517578,124.38549041748047,1,1,400.617,Natural
30.904892445468036,77.01436922923477,1421.8043212890625,19.804973602294922,26.150714874267578,124.38549041748047,1,1,1703.7,Anthropogenic
30.909830847889125,77.00340715622312,1546.1378173828125,31.04225730895996,42.56260299682617,124.38549041748047,1,1,2182.19,Natural
30.910182382554616,77.00368567596176,1522.1397705078125,31.34864616394043,42.52074432373047,124.38549041748047,1,1,1068.87,Natural
30.906976013557706,77.01696158859752,1405.554931640625,35.99329376220703,50.92518615722656,124.38549041748047,1,1,1194.52,Natural
30.895508410000474,77.01239722150005,1363.94677734375,18.870174407958984,24.983327865600586,124.38549041748047,1,1,142.926,Natural
30.899525096257406,77.01212102399131,1501.53369140625,27.124189376831055,38.82106018066406,124.38549041748047,1,1,495.607,Anthropogenic
30.9014956812618,77.02887420049679,1559.7413330078125,31.910869598388672,44.003726959228516,124.38549041748047,1,1,2656.19,Anthropogenic
30.88979037310168,77.02751413155968,1251.856201171875,23.287052154541016,33.19852066040039,124.38549041748047,1,1,1696.74,Anthropogenic
30.893775519488898,76.99396182997283,1489.7110595703125,32.01771926879883,44.877349853515625,124.38549041748047,1,1,1028.8,Anthropogenic
30.88202673990109,77.00697220420123,1150.783447265625,33.07889938354492,45.47743606567383,124.38549041748047,1,1,1448.96,Anthropogenic
30.884474531252927,77.00881644240368,1207.408447265625,30.8863582611084,42.162574768066406,124.38549041748047,1,1,592.116,Anthropogenic
30.88427714422892,77.00925752880279,1178.8360595703125,23.877864837646484,37.55315399169922,124.38549041748047,1,1,555.921,Anthropogenic
30.86265733550411,77.05782519361759,1426.850341796875,21.60887336730957,27.5184326171875,,1,0,50360.8,Anthropogenic
30.869516467922022,77.02019732868163,1042.8349609375,36.421478271484375,51.4977912902832,,1,0,3936.23,Natural
30.870050136639207,77.02062585824493,1047.3778076171875,39.044559478759766,55.91621398925781,,1,0,5663.79,Natural
30.86980463930949,77.02286318811828,1034.6522216796875,36.04917526245117,50.74823760986328,,1,0,2365.49,Natural
30.869935784452565,77.02346126287621,1066.6973876953125,43.998779296875,66.87226104736328,,1,0,2748.98,Natural
30.870169645274505,77.02428320257786,1088.7803955078125,42.07392501831055,62.882503509521484,,1,0,2299.44,Natural
30.87091537766481,77.02486318814576,1145.1361083984375,38.56248092651367,54.9205207824707,,1,0,2524.57,Natural
30.86968703924042,77.0261951947453,1060.478515625,40.047401428222656,57.863948822021484,,1,0,1805.65,Natural
30.87121948756073,77.02026717417179,1073.601806640625,38.97914505004883,56.14967727661133,,1,0,6797.13,Natural
30.869922029465872,77.0267519977727,1063.8436279296875,37.556461334228516,54.76851272583008,,1,0,1180.5,Natural
30.870732801575617,77.02652899355674,1132.5244140625,35.27139663696289,49.79654312133789,,1,0,503.564,Natural
30.87113505335386,77.0273746695518,1145.026611328125,33.098121643066406,45.591163635253906,,1,0,869.039,Natural
30.869528688917946,77.02531938204179,1029.497802734375,27.840579986572266,40.22163009643555,,1,0,610.138,Natural
30.870566532555703,77.02948104664199,1135.5164794921875,39.77680206298828,57.411224365234375,,1,0,2969.62,Natural
30.870183225161515,77.03073667101152,1127.0460205078125,33.95353698730469,46.85575866699219,,1,0,1327.59,Natural
30.869326233431966,77.0284758719025,1074.8074951171875,37.13697052001953,51.61618423461914,,1,0,1604.53,Natural
30.869572265613428,77.0296701595023,1047.2337646484375,30.64300537109375,44.011173248291016,,1,0,1774.88,Natural
30.87062959297248,77.03161008801975,1157.6746826171875,33.41715621948242,45.68006134033203,,1,0,1103.25,Natural
30.86980924037763,77.03303755048123,1148.098388671875,27.173189163208008,37.09751510620117,,1,0,3913.54,Natural
30.86758149388119,77.0295359896673,1089.8345947265625,24.726640701293945,36.771018981933594,,1,0,707.026,Anthropogenic
30.868120571587703,77.03065188716268,1070.897705078125,29.226097106933594,38.95816421508789,,1,0,2349.22,Natural
30.86787287604238,77.03361367010936,1081.5819091796875,30.277252197265625,42.24241256713867,,1,0,1998.12,Anthropogenic
30.867218788148104,77.03469494499716,1097.556640625,39.81428146362305,57.7580451965332,,1,0,2338.68,Natural
30.86998878025201,77.0224147482285,1047.272705078125,37.69706344604492,53.820926666259766,,1,0,2155.59,Natural
30.878319570343688,77.02600833526466,1150.9210205078125,32.250579833984375,49.30852508544922,124.38549041748047,1,1,2611.19,Anthropogenic
30.87292898219115,77.02181609292808,1095.129150390625,30.91048240661621,41.391845703125,,1,0,2549.36,Natural
30.873862328600495,77.02156750507207,1098.598876953125,23.863906860351562,31.538909912109375,,1,0,1491.76,Natural
30.871500328198337,77.0215881665261,1031.7568359375,35.91323471069336,49.74895477294922,,1,0,1694.54,Natural
30.87199794610921,77.02035294497777,1082.025634765625,32.3863525390625,49.371002197265625,,1,0,1261.51,Natural
30.880194908778577,77.02660506243673,1181.6705322265625,26.456636428833008,40.22397994995117,124.38549041748047,1,1,1387.48,Natural
30.90302243503201,77.0275861607684,1584.09423828125,25.848556518554688,33.814273834228516,124.38549041748047,1,1,854.531,Anthropogenic
30.890224669523747,77.02192430280817,1280.1123046875,34.527015686035156,46.77712631225586,124.38549041748047,1,1,1328.72,Natural
30.890046125927164,77.03812109397485,1579.8394775390625,23.634267807006836,34.154273986816406,124.38549041748047,1,1,493.656,Natural
30.88941776249986,77.03998393811753,1557.53857421875,38.73736572265625,56.148773193359375,124.38549041748047,1,1,1805.6,Natural
30.889624949139655,77.04944045258746,1689.35205078125,34.715736389160156,48.59196090698242,124.38549041748047,1,1,782.273,Anthropogenic
30.88526840589234,77.05793808160624,1623.125732421875,33.424774169921875,45.955055236816406,124.38549041748047,1,1,1106.96,Anthropogenic
30.891897976835185,77.05611035519065,1575.6787109375,25.297204971313477,33.63579559326172,124.38549041748047,1,1,940.248,Anthropogenic
30.886524090671266,77.05401019159814,1748.0341796875,29.215665817260742,39.04590606689453,124.38549041748047,1,1,691.837,Anthropogenic
30.885318865593774,77.062191629496,1504.4794921875,22.312904357910156,30.00737190246582,124.38549041748047,1,1,844.749,Anthropogenic
30.88626984121087,77.06302345535853,1581.942626953125,27.983304977416992,37.09583282470703,124.38549041748047,1,1,1511.31,Natural
30.895882602758405,77.03153533430485,1501.4954833984375,33.83659744262695,47.92345428466797,124.38549041748047,1,1,644.189,Anthropogenic
30.8914747004795,77.04174575332242,1565.093017578125,24.98276710510254,34.09404373168945,124.38549041748047,1,1,306.31,Anthropogenic
30.89357772208525,77.04301066031014,1488.1771240234375,14.797407150268555,19.367136001586914,124.38549041748047,1,1,767.373,Anthropogenic
30.88630710941911,77.06886348014524,1624.7904052734375,33.65896224975586,46.64488220214844,124.38549041748047,1,1,701.633,Anthropogenic
30.883898435537823,77.06432371156907,1474.984619140625,21.340404510498047,32.08527755737305,124.38549041748047,1,1,2923.53,Anthropogenic
30.878667080917467,77.08331504889685,1622.139892578125,32.88772964477539,48.433555603027344,124.38549041748047,1,1,1882.75,Anthropogenic
30.874027449366853,77.08308419446823,1452.404052734375,26.756256103515625,37.77363586425781,,1,0,2893.86,Natural
30.87513871955712,77.08122816921866,1437.2860107421875,14.262269973754883,23.0412654876709,124.38549041748047,1,1,1863.09,Anthropogenic
30.873818955156487,77.06981672174115,1531.1993408203125,27.291717529296875,37.498802185058594,,1,0,824.021,Anthropogenic
30.866369569378968,77.09075864580704,1419.4163818359375,31.787086486816406,42.502716064453125,,1,0,1044.76,Anthropogenic
30.86078668520847,77.10274217948712,1354.347900390625,33.65550994873047,45.854644775390625,,1,0,963.648,Anthropogenic
30.883685223626152,77.10191796175629,1315.623046875,36.47463607788086,50.87968444824219,124.38549041748047,1,1,1440.81,Natural
30.913991830756,77.08303887034594,1341.3438720703125,15.379728317260742,28.16714859008789,124.38549041748047,1,1,813.429,Natural
30.896196493610976,77.10812402666481,1615.26123046875,13.669807434082031,17.726892471313477,124.38549041748047,1,1,878.696,Anthropogenic
30.92345200267074,77.07125115218555,1335.31982421875,17.08069610595703,29.888914108276367,124.38549041748047,1,1,1541.95,Natural
30.92645746826564,77.07310990260483,1257.7984619140625,15.583311080932617,18.926755905151367,124.38549041748047,1,1,2578.81,Anthropogenic
30.913415335574697,77.10782901488274,1490.28759765625,27.05617332458496,35.9449577331543,124.38549041748047,1,1,421.31,Anthropogenic
30.916864291740204,77.12466237750904,1305.4171142578125,24.545814514160156,34.639835357666016,124.38549041748047,1,1,975.987,Anthropogenic
30.91721216266658,77.12498819639528,1296.87939453125,23.72376823425293,32.89192199707031,124.38549041748047,1,1,298.572,Anthropogenic
30.917620246998304,77.12162035517804,1323.8450927734375,16.499942779541016,21.20005226135254,124.38549041748047,1,1,861.2,Anthropogenic
30.922256382061683,77.11554059840142,1347.3778076171875,15.67750072479248,19.935426712036133,124.38549041748047,1,1,623.632,Natural
30.920985257729008,77.1158817741005,1347.2490234375,17.39150047302246,22.70538330078125,124.38549041748047,1,1,1301.53,Anthropogenic
30.921010812804333,77.11740483180674,1321.9766845703125,9.771058082580566,14.595511436462402,124.38549041748047,1,1,357.189,Natural
30.92116127150814,77.11772237667361,1314.8292236328125,9.772284507751465,15.728392601013184,124.38549041748047,1,1,410.959,Natural
30.919755529493397,77.11950982408932,1260.7860107421875,9.399039268493652,35.26237487792969,124.38549041748047,1,1,1084.07,Natural
30.920181633602734,77.12021877441961,1284.919189453125,23.7750244140625,31.471582412719727,124.38549041748047,1,1,1386.52,Natural
30.91999102575982,77.12125386797788,1262.5318603515625,33.21982955932617,46.444068908691406,124.38549041748047,1,1,1333.72,Natural
30.920055848401358,77.1216769872298,1255.1669921875,36.756324768066406,54.26667785644531,124.38549041748047,1,1,1738.44,Natural
30.91959244884302,77.12239176856319,1253.317138671875,22.818958282470703,31.48505973815918,124.38549041748047,1,1,1589.14,Natural
30.920171891429504,77.12224760726308,1286.6160888671875,29.46487045288086,40.2775764465332,124.38549041748047,1,1,739.833,Natural
30.91903647651728,77.1235194862322,1230.68310546875,7.283142566680908,19.728620529174805,124.38549041748047,1,1,965.972,Anthropogenic
30.918353459109404,77.12287688886852,1286.1376953125,15.069174766540527,22.34627342224121,124.38549041748047,1,1,325.513,Natural
30.91445586080706,77.1233711374485,1377.2734375,24.150146484375,30.836849212646484,124.38549041748047,1,1,601.6,Natural
30.91533186361592,77.12062555955757,1463.825439453125,29.624347686767578,39.980934143066406,124.38549041748047,1,1,1198.86,Natural
30.91562508127428,77.12158735980518,1393.9334716796875,29.602142333984375,41.94878387451172,124.38549041748047,1,1,1629.41,Natural
30.916175025442115,77.12216754423252,1358.7767333984375,17.044673919677734,23.91565704345703,124.38549041748047,1,1,3520.62,Natural
30.917047136561436,77.1227953869358,1326.3232421875,13.811622619628906,17.461902618408203,124.38549041748047,1,1,450.828,Natural
30.9257256110628,77.14019843272114,1231.473876953125,39.23346710205078,58.138492584228516,100.44458770751953,1,1,1288.71,Natural
30.9259519148731,77.1410234078753,1208.0701904296875,42.81608963012695,64.10960388183594,100.44458770751953,1,1,1329.22,Natural
30.923788993158727,77.13362887889353,1250.9820556640625,12.465198516845703,20.65548324584961,100.44458770751953,1,1,604.639,Anthropogenic
30.923076552724584,77.13239392624952,1260.9267578125,18.504865646362305,26.295562744140625,100.44458770751953,1,1,726.51,Anthropogenic
30.923266732559206,77.13280307132841,1258.73828125,16.838010787963867,21.19635581970215,100.44458770751953,1,1,351.44,Anthropogenic
30.922383518043148,77.13267601717293,1225.055419921875,30.172365188598633,43.41806411743164,100.44458770751953,1,1,367.384,Anthropogenic
30.92532778945339,77.13348939884966,1275.2891845703125,22.76141357421875,29.60450553894043,100.44458770751953,1,1,700.563,Anthropogenic
30.92416463475158,77.1345713198943,1228.0865478515625,26.3983097076416,34.42442321777344,100.44458770751953,1,1,470.626,Anthropogenic
30.921116987774393,77.12531714886072,1273.5877685546875,18.9338321685791,29.355022430419922,100.44458770751953,1,1,341.483,Anthropogenic
30.92150053420109,77.12979653388254,1207.548095703125,26.49171257019043,34.317832946777344,100.44458770751953,1,1,571.164,Anthropogenic
30.92226685324152,77.1303732881027,1256.2054443359375,15.601981163024902,20.602798461914062,100.44458770751953,1,1,379.761,Anthropogenic
30.92276410762072,77.13266653214302,1245.1669921875,29.380939483642578,42.7827033996582,100.44458770751953,1,1,90.9548,Anthropogenic
30.92070136083789,77.13223404060464,1213.5771484375,27.162639617919922,37.1612434387207,100.44458770751953,1,1,608.168,Natural
30.92120912972171,77.13238720267108,1195.5582275390625,16.088623046875,34.51762390136719,100.44458770751953,1,1,386.359,Natural
30.917886372609594,77.12496384545187,1296.0635986328125,29.26445770263672,39.204345703125,124.38549041748047,1,1,510.839,Anthropogenic
30.92256746103681,77.11202839721217,1443.143310546875,31.050106048583984,41.73412322998047,124.38549041748047,1,1,1892.46,Anthropogenic
30.922808717240034,77.11112200279588,1448.69384765625,30.041961669921875,40.1168098449707,124.38549041748047,1,1,3833.45,Anthropogenic
30.92609943708716,77.1107225881301,1570.1597900390625,31.700929641723633,43.443687438964844,124.38549041748047,1,1,410.024,Natural
30.918288183976784,77.11172085035913,1367.742431640625,12.053277015686035,16.363475799560547,124.38549041748047,1,1,368.63,Anthropogenic
30.92862472520136,77.11336945147005,1538.8675537109375,37.09077072143555,52.68555450439453,124.38549041748047,1,1,517.745,Anthropogenic
30.928206466904292,77.1019868294038,1747.6070556640625,35.340965270996094,49.02972412109375,124.38549041748047,1,1,754.579,Natural
30.920347041623984,77.11565220722805,1342.337646484375,19.917757034301758,25.69222640991211,124.38549041748047,1,1,885.303,Anthropogenic
30.918297365718548,77.11531248137979,1346.837890625,13.554065704345703,18.18153190612793,124.38549041748047,1,1,299.226,Anthropogenic
30.921927081440053,77.11840374847311,1348.34521484375,15.432121276855469,23.770889282226562,124.38549041748047,1,1,465.431,Anthropogenic
30.928253036496212,77.11210822174858,1582.96826171875,37.76715850830078,55.42393493652344,124.38549041748047,1,1,121.814,Natural
30.925800468102697,77.12055098605147,1382.5731201171875,13.968198776245117,20.0035343170166,124.38549041748047,1,1,575.725,Anthropogenic
30.92798497029962,77.1239110872364,1494.02978515625,24.291534423828125,33.953765869140625,124.38549041748047,1,1,945.661,Anthropogenic
30.928572932139026,77.12818624084,1449.6688232421875,16.342288970947266,20.566017150878906,100.44458770751953,1,1,553.51,Anthropogenic
30.930764193826636,77.13030581599145,1419.50634765625,19.05649185180664,25.833118438720703,100.44458770751953,1,1,322.594,Anthropogenic
30.925525656737175,77.13802639733674,1299.1971435546875,28.113033294677734,37.4596061706543,100.44458770751953,1,1,849.141,Natural
30.925185966988934,77.13852296433306,1267.689453125,24.01079559326172,30.54526138305664,100.44458770751953,1,1,333.807,Natural
30.935030553432934,77.14387575327093,1246.2508544921875,4.48066520690918,6.007864475250244,100.44458770751953,1,1,1353.7,Anthropogenic
30.937400035106585,77.14062761154972,1230.5,10.68752670288086,13.722208976745605,100.44458770751953,1,1,2648.38,Anthropogenic
30.937362628056288,77.13286621051572,1419.6802978515625,31.650379180908203,49.667945861816406,100.44458770751953,1,1,901.836,Anthropogenic
30.9398374848175,77.13981696730715,1226.5810546875,23.70481300354004,34.373878479003906,100.44458770751953,1,1,1585.95,Anthropogenic
30.93141695694403,77.13004394164028,1453.49755859375,31.273544311523438,43.15654754638672,100.44458770751953,1,1,515.751,Anthropogenic
30.928241316924463,77.13980583633081,1332.405517578125,12.748140335083008,16.081172943115234,100.44458770751953,1,1,456.904,Anthropogenic
30.927589045150945,77.13971496999113,1297.824462890625,23.834260940551758,35.43587875366211,100.44458770751953,1,1,554.662,Anthropogenic
30.927468204106752,77.13926436316555,1324.1380615234375,27.89217758178711,36.14338302612305,100.44458770751953,1,1,283.542,Anthropogenic
30.927628181989693,77.13946570218957,1308.3883056640625,28.715856552124023,37.77423095703125,100.44458770751953,1,1,150.412,Anthropogenic
30.933283764192172,77.14426735437091,1215.07763671875,27.56608772277832,40.530757904052734,100.44458770751953,1,1,451.722,Natural
30.933509531842105,77.14472756038651,1224.9620361328125,32.20756530761719,43.348106384277344,100.44458770751953,1,1,338.911,Natural
30.948563506631594,77.1375196831458,1134.026123046875,24.6058406829834,33.87250900268555,100.44458770751953,1,1,1333.41,Natural
30.940934084013087,77.15116391397417,1098.43212890625,50.56975555419922,83.71211242675781,100.44458770751953,1,1,842.418,Natural
30.956661680658662,77.13170901752424,1160.20849609375,33.3636474609375,45.50328063964844,100.44458770751953,1,1,1700.85,Natural
30.950349344395566,77.13012171679456,1240.9844970703125,33.29610061645508,45.791648864746094,100.44458770751953,1,1,440.598,Anthropogenic
30.952359770051803,77.12892150671212,1213.355712890625,39.22163391113281,58.598567962646484,100.44458770751953,1,1,573.532,Natural
30.959596891186962,77.11588676350893,1332.650390625,33.015838623046875,49.32697296142578,124.38549041748047,1,1,473.903,Natural
30.96498432596753,77.11361749417472,1267.788330078125,17.143064498901367,27.430713653564453,124.38549041748047,1,1,1071.08,Natural
30.96057903432861,77.11494049133583,1334.5032958984375,20.15410041809082,33.12107467651367,124.38549041748047,1,1,451.403,Anthropogenic
30.960177478011442,77.11463004533772,1336.440185546875,14.81505298614502,28.731124877929688,124.38549041748047,1,1,300.061,Anthropogenic
30.96499264860697,77.10701089303043,1450.4100341796875,34.141536712646484,47.44905471801758,124.38549041748047,1,1,338.219,Anthropogenic
30.968351025945612,77.10277867461568,1392.8388671875,5.728250503540039,12.83128833770752,124.38549041748047,1,1,635.924,Anthropogenic
30.97256870762241,77.09605579039123,1269.53125,35.39191818237305,50.84976577758789,124.38549041748047,1,1,694.192,Natural
30.973064428563948,77.09987492850505,1356.2545166015625,34.44743347167969,46.69365310668945,124.38549041748047,1,1,828.663,Anthropogenic
30.96706440153845,77.11543012780716,1331.7481689453125,14.773099899291992,20.483184814453125,124.38549041748047,1,1,834.514,Anthropogenic
30.9657934646409,77.11875034404662,1329.76708984375,23.247743606567383,30.72185516357422,124.38549041748047,1,1,315.276,Anthropogenic
30.965191013223016,77.1156799485272,1252.8262939453125,18.05006980895996,26.44117546081543,124.38549041748047,1,1,425.648,Natural
30.975571613959122,77.09853892974355,1309.6494140625,18.338804244995117,28.547060012817383,124.38549041748047,1,1,367.598,Natural
30.97806783507821,77.09882338564962,1355.3880615234375,33.03935241699219,43.956932067871094,124.38549041748047,1,1,720.184,Anthropogenic
30.97877514441637,77.09936676132006,1378.912841796875,34.052852630615234,46.35200119018555,124.38549041748047,1,1,323.865,Natural
30.979106976582045,77.09953384440799,1403.2861328125,31.50208282470703,44.50381088256836,124.38549041748047,1,1,384.318,Anthropogenic
30.978424080832884,77.08977111088247,1269.54931640625,23.31540870666504,30.20070457458496,124.38549041748047,1,1,680.832,Natural
30.97992788721345,77.09130820690396,1321.125244140625,22.276752471923828,27.893449783325195,124.38549041748047,1,1,326.257,Natural
30.9817184174532,77.09061126391252,1349.9898681640625,17.182537078857422,21.419490814208984,124.38549041748047,1,1,320.014,Anthropogenic
30.986838456683166,77.10333294486034,1613.0587158203125,30.861461639404297,42.34354782104492,124.38549041748047,1,1,581.291,Anthropogenic
30.987614301571096,77.09201932045256,1455.3741455078125,35.51423645019531,49.892452239990234,124.38549041748047,1,1,309.92,Anthropogenic
30.988003684990403,77.09258876919982,1481.7261962890625,27.07880210876465,36.582252502441406,124.38549041748047,1,1,367.938,Anthropogenic
30.993914099617935,77.08675100331044,1472.61865234375,21.13813591003418,28.317920684814453,124.38549041748047,1,1,292.239,Anthropogenic
31.002704541112326,77.08619075398857,1580.14013671875,30.7168025970459,40.844398498535156,124.38549041748047,1,1,523.333,Anthropogenic
31.00520894893595,77.06858232779666,1187.487060546875,31.066965103149414,41.6385612487793,124.38549041748047,1,1,694.481,Anthropogenic
31.006273005955247,77.06952124656641,1208.36083984375,3.7757174968719482,22.74300193786621,124.38549041748047,1,1,392.564,Anthropogenic
31.005697263762737,77.0699557671075,1210.921630859375,16.564115524291992,26.11991310119629,124.38549041748047,1,1,396.074,Anthropogenic
31.00599091284319,77.06393683879207,1236.8477783203125,15.62753963470459,28.130952835083008,124.38549041748047,1,1,291.387,Anthropogenic
31.00434762083269,77.05602245692792,1183.1300048828125,22.194286346435547,32.04012680053711,124.38549041748047,1,1,450.515,Anthropogenic
31.00423440007701,77.0556316748374,1179.5394287109375,15.084731101989746,21.17578125,124.38549041748047,1,1,507.714,Anthropogenic
31.005104909030933,77.05786487750241,1132.7320556640625,37.77806854248047,53.86387252807617,124.38549041748047,1,1,506.152,Natural
30.998569683748556,77.0479272098255,1113.1171875,38.403621673583984,55.116573333740234,124.38549041748047,1,1,313.71,Natural
30.998863953012723,77.0479070650353,1145.1904296875,37.03251647949219,52.73337936401367,124.38549041748047,1,1,379.425,Anthropogenic
30.9958106222858,77.05093308102893,1038.4422607421875,31.58603286743164,48.18098449707031,124.38549041748047,1,1,1300.04,Natural
31.001480284876035,77.12426275643539,1420.1041259765625,38.7875862121582,54.84880065917969,124.38549041748047,1,1,2974.61,Natural
31.005950226558,77.14113436173857,1475.03076171875,26.896686553955078,37.247440338134766,100.44458770751953,1,1,569.865,Anthropogenic
31.013777387288226,77.10738758280661,1526.6107177734375,22.707523345947266,35.27476119995117,124.38549041748047,1,1,1327.62,Natural
31.013835066846262,77.10780698515508,1514.938232421875,28.109277725219727,35.9261589050293,124.38549041748047,1,1,289.217,Natural
31.01499211715622,77.10821206644853,1499.0794677734375,31.555259704589844,42.87152862548828,124.38549041748047,1,1,341.733,Natural
31.0160155832235,77.1078555920975,1528.9989013671875,25.914775848388672,35.677085876464844,124.38549041748047,1,1,438.402,Anthropogenic
31.01692703687316,77.10606211102854,1564.85888671875,36.09568405151367,50.46897888183594,124.38549041748047,1,1,1827.78,Anthropogenic
31.01725463902765,77.10665119401824,1560.8756103515625,34.173614501953125,47.84142303466797,124.38549041748047,1,1,918.758,Anthropogenic
31.01923657672023,77.10877260680309,1532.4310302734375,11.196950912475586,20.35009002685547,124.38549041748047,1,1,603.252,Anthropogenic
31.017993232216902,77.10667189524438,1584.82421875,33.126365661621094,45.33620834350586,124.38549041748047,1,1,442.889,Anthropogenic
31.010847335953734,77.10905924941777,1501.195556640625,19.785634994506836,26.5058650970459,124.38549041748047,1,1,997.183,Anthropogenic
31.02033882095582,77.10618184057435,1602.731689453125,29.225622177124023,38.779640197753906,124.38549041748047,1,1,356.101,Anthropogenic
31.011726599340275,77.10815021367264,1517.474365234375,28.952796936035156,38.83796691894531,124.38549041748047,1,1,358.771,Natural
31.015189825014886,77.11365242957486,1552.97119140625,23.532991409301758,29.99238395690918,124.38549041748047,1,1,256.03,Anthropogenic
31.01543077116688,77.11350080824492,1553.2813720703125,19.981151580810547,26.018436431884766,124.38549041748047,1,1,278.962,Anthropogenic
31.016226620460234,77.11369963426156,1566.498779296875,29.763402938842773,39.84843444824219,124.38549041748047,1,1,282.467,Anthropogenic
31.029361030247994,77.06931829886649,1169.909912109375,36.27782440185547,50.828739166259766,124.38549041748047,1,1,2181.41,Anthropogenic
31.029894225935152,77.06995764836525,1213.7412109375,37.83913040161133,53.59067916870117,124.38549041748047,1,1,305.463,Anthropogenic
31.02888438940029,77.07021613553641,1150.2491455078125,19.55001449584961,31.883193969726562,124.38549041748047,1,1,1667.36,Anthropogenic
31.026075204558524,77.07289988574568,1296.5682373046875,27.729198455810547,36.53779602050781,124.38549041748047,1,1,364.94,Natural
31.032929629849665,77.06378811412168,1177.2655029296875,39.471378326416016,57.08464050292969,124.38549041748047,1,1,750.368,Anthropogenic
31.033120448799018,77.06312222701472,1152.7559814453125,39.616485595703125,59.65980529785156,124.38549041748047,1,1,241.069,Anthropogenic
31.033157879239827,77.06348658462588,1169.592529296875,41.68282699584961,61.97466278076172,124.38549041748047,1,1,161.087,Anthropogenic
31.032404362533214,77.06443526800251,1161.8580322265625,16.366111755371094,22.93810272216797,124.38549041748047,1,1,308.69,Anthropogenic
31.03238761713168,77.06148831388538,1125.6470947265625,20.434823989868164,39.645320892333984,124.38549041748047,1,1,134.864,Anthropogenic
31.03294806378264,77.06162240157215,1172.7259521484375,39.11702346801758,56.878177642822266,124.38549041748047,1,1,159.214,Anthropogenic
31.03290886233072,77.0621789813787,1121.349853515625,45.238243103027344,70.4388427734375,124.38549041748047,1,1,300.821,Anthropogenic
31.032940770983505,77.06240975685496,1151.681396484375,43.58417892456055,66.43743896484375,124.38549041748047,1,1,332.851,Anthropogenic
31.032783182123545,77.0614872108794,1148.5400390625,40.44041442871094,58.6661376953125,124.38549041748047,1,1,379.537,Anthropogenic
31.033687902025054,77.07187136529448,1369.9962158203125,4.8250837326049805,11.681563377380371,124.38549041748047,1,1,591.243,Natural
31.029575578720234,77.07103323726797,1163.5858154296875,26.558671951293945,39.57247543334961,124.38549041748047,1,1,238.329,Anthropogenic
31.042524382899952,77.0520657540209,1281.0294189453125,30.42830467224121,41.10471725463867,124.38549041748047,1,1,963.721,Natural
31.045422937391205,77.04569742774228,1295.4273681640625,36.893898010253906,52.46788024902344,124.38549041748047,1,1,587.801,Anthropogenic
31.045344843023184,77.0460530504319,1277.8568115234375,36.82998275756836,51.63353729248047,124.38549041748047,1,1,422.393,Anthropogenic
31.045785806191514,77.04512218169828,1268.247802734375,34.804420471191406,49.20943069458008,124.38549041748047,1,1,2007.43,Anthropogenic
31.046167230452323,77.04481169411325,1270.5718994140625,32.37839126586914,45.6030158996582,124.38549041748047,1,1,479.921,Anthropogenic
31.045201852800272,77.0504077542223,1248.173828125,36.34843063354492,52.52487564086914,124.38549041748047,1,1,420.477,Natural
31.044664253191037,77.05154555570162,1201.745849609375,28.176347732543945,37.041080474853516,124.38549041748047,1,1,231.096,Natural
31.046214125622857,77.04548491270236,1318.814453125,37.54651641845703,53.33113098144531,124.38549041748047,1,1,199.448,Anthropogenic
31.04650022097817,77.04507966089514,1305.323486328125,35.292137145996094,50.749027252197266,124.38549041748047,1,1,308.76,Anthropogenic
31.04577141845725,77.04699741044753,1332.5169677734375,32.197383880615234,43.44394302368164,124.38549041748047,1,1,156.194,Anthropogenic
31.045496802020885,77.047246070844,1316.6650390625,30.169755935668945,39.86587142944336,124.38549041748047,1,1,521.211,Anthropogenic
31.043667189522242,77.05350515470688,1186.5675048828125,29.389907836914062,38.9477424621582,124.38549041748047,1,1,397.8,Natural
31.044625449431766,77.05450235363521,1204.4156494140625,26.567245483398438,35.09328842163086,124.38549041748047,1,1,643.517,Natural
31.04400461341242,77.05392646597299,1163.8299560546875,3.6434009075164795,22.799901962280273,124.38549041748047,1,1,220.25,Natural
31.043386702078642,77.05718904336003,1239.7435302734375,32.58119201660156,44.41987609863281,124.38549041748047,1,1,503.996,Natural
31.040506325996613,77.05318438860058,1249.872314453125,35.32061767578125,49.556575775146484,124.38549041748047,1,1,500.571,Natural
31.040244761055796,77.05261209528479,1249.871337890625,28.464906692504883,37.7443733215332,124.38549041748047,1,1,682.877,Natural
31.040071233953853,77.05215751377645,1243.1732177734375,21.213218688964844,28.9848575592041,124.38549041748047,1,1,385.079,Natural
31.040569384201763,77.05193759789982,1277.981689453125,34.62214660644531,47.97422409057617,124.38549041748047,1,1,306.413,Natural
31.040796466608487,77.05567527539327,1151.985595703125,22.124343872070312,28.412015914916992,124.38549041748047,1,1,427.593,Anthropogenic
31.04113971144174,77.05550862619214,1150.70947265625,24.99921989440918,33.66560745239258,124.38549041748047,1,1,182.611,Anthropogenic
31.03979309566107,77.05570215495509,1138.408203125,16.981502532958984,23.156814575195312,124.38549041748047,1,1,449.698,Anthropogenic
31.038874036647368,77.05621666661229,1143.0478515625,23.543344497680664,30.489519119262695,124.38549041748047,1,1,652.734,Anthropogenic
31.04024306035295,77.05297563346411,1234.172119140625,28.31057357788086,37.63884735107422,124.38549041748047,1,1,117.621,Natural
31.04028784628485,77.05387558562417,1197.1715087890625,26.78496551513672,34.89500045776367,124.38549041748047,1,1,134.29,Natural
31.04040650069877,77.0535817972954,1213.88134765625,27.07742691040039,36.95151901245117,124.38549041748047,1,1,139.909,Natural
31.040628075215334,77.05137325122942,1277.46240234375,23.744421005249023,33.766258239746094,124.38549041748047,1,1,326.079,Anthropogenic
31.038614174450085,77.05699010435923,1120.59814453125,15.193873405456543,20.32668113708496,124.38549041748047,1,1,503.084,Anthropogenic
31.038446085312437,77.05736893378943,1106.078125,14.456992149353027,22.532615661621094,124.38549041748047,1,1,292.187,Anthropogenic
31.039662383579625,77.05740898981786,1083.47705078125,12.417561531066895,28.12725257873535,124.38549041748047,1,1,2228.17,Anthropogenic
31.039911025467344,77.05687085077946,1087.6976318359375,12.774426460266113,30.718875885009766,124.38549041748047,1,1,663.68,Anthropogenic
31.040147244673626,77.05768679281391,1132.91259765625,37.34698486328125,52.37055587768555,124.38549041748047,1,1,1660.78,Anthropogenic
31.04062608184575,77.05707039614613,1108.0458984375,27.661617279052734,39.30763626098633,124.38549041748047,1,1,911.264,Anthropogenic
31.041212823812884,77.05627435129828,1119.3414306640625,13.793083190917969,23.151718139648438,124.38549041748047,1,1,397.137,Anthropogenic
31.038952375044023,77.05800600922572,1079.005126953125,26.252269744873047,34.488502502441406,124.38549041748047,1,1,1120.61,Anthropogenic
31.041992713830556,77.05760952648627,1198.1650390625,28.552017211914062,38.6279411315918,124.38549041748047,1,1,112.001,Natural
31.049128835337015,77.06353630996095,1154.8743896484375,33.20118713378906,46.1558952331543,124.38549041748047,1,1,498.913,Natural
31.04965801820512,77.06372247882958,1141.99609375,34.442047119140625,47.51151657104492,124.38549041748047,1,1,700.422,Natural
31.030350493246324,77.06624462850876,1223.4786376953125,27.079132080078125,37.64081573486328,124.38549041748047,1,1,554.037,Anthropogenic
31.033704967410443,77.06286638258456,1208.35009765625,40.544944763183594,59.12359619140625,124.38549041748047,1,1,209.412,Anthropogenic
31.03384910383927,77.06258349691267,1224.778564453125,37.122528076171875,53.19681167602539,124.38549041748047,1,1,235.26,Anthropogenic
31.033948129766564,77.06225275067824,1220.624755859375,30.73416519165039,42.945213317871094,124.38549041748047,1,1,204.541,Anthropogenic
31.03343356963011,77.0631006381717,1186.4835205078125,41.24174118041992,60.07332229614258,124.38549041748047,1,1,235.261,Anthropogenic
31.03399985790914,77.06065740078037,1194.474609375,12.58879566192627,16.096529006958008,124.38549041748047,1,1,344.647,Anthropogenic
31.031639925933003,77.05178609582165,1011.1599731445312,42.82206726074219,64.51927947998047,124.38549041748047,1,1,1138.85,Natural
31.03531864705092,77.05256548719186,1112.236328125,38.06446838378906,53.83055114746094,124.38549041748047,1,1,260.915,Anthropogenic
31.033930033562328,77.05065993263658,1017.8501586914062,31.826093673706055,43.535736083984375,124.38549041748047,1,1,340.149,Natural
31.03337588149373,77.05700870262817,1076.0511474609375,29.05795669555664,39.463539123535156,124.38549041748047,1,1,1417.37,Natural
31.030452304224227,77.05579771058977,1009.7077026367188,25.016260147094727,44.67779541015625,124.38549041748047,1,1,422.956,Natural
31.034938209046466,77.05046994930564,1103.4423828125,31.748943328857422,45.61533737182617,124.38549041748047,1,1,314.485,Anthropogenic
31.034776208789907,77.04877145999068,1043.0615234375,28.812101364135742,43.25667190551758,124.38549041748047,1,1,2656.92,Natural
31.034237940691185,77.0485966876104,1038.248779296875,36.968994140625,52.81616973876953,124.38549041748047,1,1,1478.03,Natural
31.035481910455758,77.04756528400287,1084.1175537109375,25.837879180908203,33.86711883544922,124.38549041748047,1,1,289.383,Natural
31.033403816297895,77.0488388839539,980.9653930664062,21.268098831176758,33.775428771972656,124.38549041748047,1,1,637.782,Natural
31.0343733358098,77.04361493458337,1126.93310546875,19.364635467529297,24.50738525390625,124.38549041748047,1,1,186.885,Natural
31.034318702325344,77.04386847256006,1116.8343505859375,21.080360412597656,27.733644485473633,124.38549041748047,1,1,375.808,Natural
31.034418463074225,77.04422957094933,1101.1851806640625,17.464818954467773,29.0678768157959,124.38549041748047,1,1,216.374,Natural
31.03455159259868,77.04503038310483,1078.7935791015625,19.875455856323242,26.964542388916016,124.38549041748047,1,1,490.528,Natural
31.034621836647503,77.04556949928315,1056.4168701171875,25.421663284301758,33.88984680175781,124.38549041748047,1,1,473.745,Natural
31.033656069360212,77.04539703793783,1100.8193359375,34.44404983520508,48.83644485473633,124.38549041748047,1,1,1359.27,Natural
31.034642414404413,77.04657375681627,1066.558837890625,30.236703872680664,42.027305603027344,124.38549041748047,1,1,292.375,Natural
31.036598391525185,77.02550811311832,1037.17333984375,34.651493072509766,46.82102966308594,124.38549041748047,1,1,1432.69,Natural
31.04077487416115,77.03489412259854,1289.875244140625,36.267364501953125,50.47573471069336,124.38549041748047,1,1,1591.82,Anthropogenic
31.050984979268723,77.03727058841514,1297.59326171875,22.745586395263672,28.594438552856445,124.38549041748047,1,1,241.018,Anthropogenic
31.04726830196457,77.04495093859273,1319.5362548828125,36.1978874206543,50.368621826171875,124.38549041748047,1,1,233.815,Anthropogenic
31.0475328759179,77.04492204709445,1321.904052734375,34.50950622558594,47.68133544921875,124.38549041748047,1,1,196.329,Anthropogenic
31.045232702149917,77.0465503207531,1285.827392578125,35.717838287353516,50.447147369384766,124.38549041748047,1,1,1201.94,Anthropogenic
31.04535904339065,77.06399895607437,1033.4788818359375,32.97745132446289,63.5848503112793,124.38549041748047,1,1,465.221,Anthropogenic
31.044149759698012,77.06156589839411,1111.875732421875,30.269380569458008,40.490360260009766,124.38549041748047,1,1,551.73,Natural
31.044185678059627,77.06093247772884,1133.7860107421875,27.061243057250977,36.09269332885742,124.38549041748047,1,1,545.999,Natural
31.051631451010092,77.05912110823009,1243.09912109375,32.87759780883789,47.364994049072266,124.38549041748047,1,1,1070.07,Anthropogenic
31.054068844678227,77.04789013189513,1477.6519775390625,27.98395538330078,37.43355178833008,124.38549041748047,1,1,409.621,Anthropogenic
31.05499791756098,77.05291752916062,1295.9556884765625,19.552982330322266,27.585254669189453,124.38549041748047,1,1,617.26,Anthropogenic
31.051915117254765,77.05185392984139,1391.3704833984375,35.49673080444336,50.178218841552734,124.38549041748047,1,1,669.056,Anthropogenic
31.05151934384921,77.05114443100527,1341.7818603515625,34.44264602661133,47.57941818237305,124.38549041748047,1,1,5151.02,Anthropogenic
31.051838595273416,77.05048012470719,1389.8548583984375,35.1472053527832,49.04537582397461,124.38549041748047,1,1,1387.46,Anthropogenic
31.054725915680187,77.04177855076085,1336.48828125,35.10560989379883,48.736576080322266,124.38549041748047,1,1,624.622,Natural
31.058662704118692,77.05559188907834,1236.7960205078125,32.84210205078125,45.044288635253906,124.38549041748047,1,1,887.431,Natural
31.060592898182385,77.04679521824688,1387.414794921875,30.265968322753906,39.83271408081055,124.38549041748047,1,1,667.173,Natural
31.059933298808964,77.04004615732391,1479.4156494140625,37.48081970214844,52.698097229003906,124.38549041748047,1,1,1195.34,Anthropogenic
31.060013313004088,77.04047950596821,1490.118408203125,36.42307662963867,50.892669677734375,124.38549041748047,1,1,344.339,Anthropogenic
31.059171407420003,77.06038494664713,1317.73388671875,36.542606353759766,54.07573699951172,124.38549041748047,1,1,1691.0,Anthropogenic
31.061505441087693,77.04668515586746,1353.321533203125,24.737382888793945,32.342159271240234,124.38549041748047,1,1,367.764,Anthropogenic
31.06148029647729,77.05475546698455,1223.4510498046875,26.723529815673828,34.37337112426758,124.38549041748047,1,1,600.651,Natural
31.06504504288847,77.04051863629259,1371.8853759765625,30.300146102905273,42.02423095703125,124.38549041748047,1,1,417.511,Natural
31.066928397092518,77.04824218812892,1326.9354248046875,28.244659423828125,38.742149353027344,124.38549041748047,1,1,411.874,Anthropogenic
31.066556564135546,77.04857716893606,1300.01806640625,32.928043365478516,45.30332946777344,124.38549041748047,1,1,521.285,Anthropogenic
31.07409891132368,77.04039281478032,1265.1639404296875,29.358339309692383,40.25710678100586,124.38549041748047,1,1,560.184,Natural
31.07909549381799,77.03861545278882,1247.921142578125,20.793960571289062,31.695873260498047,124.38549041748047,1,1,322.703,Natural
31.086891429706057,77.02364071626204,1076.38134765625,35.087249755859375,48.20101547241211,124.38549041748047,1,1,1215.67,Natural
31.08638245277596,77.02355749759748,1036.26025390625,26.758319854736328,37.01449203491211,124.38549041748047,1,1,453.4,Natural
31.088491127892592,77.02424119154328,1166.0467529296875,32.61897277832031,44.28410720825195,124.38549041748047,1,1,601.089,Anthropogenic
31.085866932215435,77.02777216137939,1063.70751953125,11.114442825317383,15.736091613769531,124.38549041748047,1,1,338.275,Natural
31.03823734672652,77.04301707880323,1119.2266845703125,17.927003860473633,24.88286781311035,124.38549041748047,1,1,909.514,Natural
31.051671457639284,77.04880925340359,1397.279541015625,44.192901611328125,67.62995147705078,124.38549041748047,1,1,262.72,Anthropogenic
31.053740260932415,77.06864682579302,1083.0184326171875,36.971195220947266,51.62092208862305,124.38549041748047,1,1,2869.3,Natural
31.055618746503807,77.06540738228671,1181.7781982421875,33.41947555541992,45.50748825073242,124.38549041748047,1,1,1669.76,Anthropogenic
31.055666949183298,77.06602299554034,1132.630126953125,31.58304786682129,43.05851745605469,124.38549041748047,1,1,1673.12,Natural
31.055466743694005,77.06704483027663,1097.7646484375,35.681217193603516,48.59865951538086,124.38549041748047,1,1,592.703,Natural
31.055844254366978,77.06744819509494,1071.9427490234375,35.98872375488281,49.2236442565918,124.38549041748047,1,1,272.474,Natural
31.05794969375858,77.06872277106565,1111.4378662109375,35.835357666015625,50.59743881225586,124.38549041748047,1,1,3272.05,Natural
31.05769504803132,77.06857902888105,1102.2945556640625,35.85527420043945,49.70586013793945,124.38549041748047,1,1,202.058,Natural
31.057648568309997,77.06814938516604,1127.0804443359375,32.520751953125,44.4454460144043,124.38549041748047,1,1,266.664,Natural
31.059260547999237,77.06968747330954,1093.6287841796875,35.50212860107422,50.70927810668945,124.38549041748047,1,1,1875.73,Anthropogenic
31.060620901339806,77.06575798203733,1284.4970703125,29.906612396240234,40.28367614746094,124.38549041748047,1,1,594.59,Anthropogenic
31.060845434661882,77.06541916934432,1310.095703125,26.059707641601562,34.28965759277344,124.38549041748047,1,1,401.386,Anthropogenic
31.065134774945637,77.06690714317847,1140.7281494140625,33.547794342041016,47.48184585571289,124.38549041748047,1,1,1061.78,Anthropogenic
31.064861010159163,77.06657668321115,1174.2625732421875,35.64957809448242,51.20431137084961,124.38549041748047,1,1,1257.6,Anthropogenic
31.06597791483685,77.06686914347704,1135.2742919921875,25.809965133666992,36.10830307006836,124.38549041748047,1,1,363.829,Anthropogenic
31.06722308070318,77.0624815443757,1205.341552734375,33.63984680175781,45.792606353759766,124.38549041748047,1,1,1006.91,Natural
31.0672504814326,77.06315571548375,1195.7960205078125,29.214187622070312,42.506839752197266,124.38549041748047,1,1,1005.74,Natural
31.065908062997103,77.06432016177197,1166.468017578125,16.440444946289062,24.099834442138672,124.38549041748047,1,1,299.835,Natural
31.066196755283336,77.06479827780406,1160.01171875,25.875341415405273,34.13969421386719,124.38549041748047,1,1,372.336,Anthropogenic
31.066586340592604,77.06632567334549,1159.1746826171875,37.06045913696289,52.554847717285156,124.38549041748047,1,1,1295.8,Anthropogenic
31.06100040575813,77.0701292663993,1159.425048828125,41.71319580078125,62.10124588012695,124.38549041748047,1,1,749.698,Anthropogenic
31.06112108867005,77.06957168845615,1185.472900390625,36.97474670410156,51.84111404418945,124.38549041748047,1,1,165.296,Anthropogenic
31.061029281888132,77.06938347766524,1185.472900390625,31.070680618286133,41.50684356689453,124.38549041748047,1,1,294.189,Anthropogenic
31.057997827270825,77.07815702269873,1152.6885986328125,46.59361267089844,72.79530334472656,124.38549041748047,1,1,1689.13,Natural
31.077343346708712,77.06817077515858,1394.32275390625,36.32088851928711,51.063072204589844,124.38549041748047,1,1,583.066,Natural
31.094754688870722,77.07707548210306,1289.9544677734375,37.70901107788086,54.283634185791016,124.38549041748047,1,1,1099.32,Natural
31.055186346882266,77.07017436312299,1100.109375,28.271286010742188,39.033103942871094,124.38549041748047,1,1,714.079,Anthropogenic
31.055030487121076,77.07478297463477,1088.490234375,34.403072357177734,47.296939849853516,124.38549041748047,1,1,718.668,Anthropogenic
31.062343364660574,77.07152719412774,1147.9935302734375,37.86653137207031,53.456947326660156,124.38549041748047,1,1,311.593,Anthropogenic
31.062398653597402,77.0718842876637,1108.291015625,16.25164222717285,25.415828704833984,124.38549041748047,1,1,374.87,Anthropogenic
31.05853522455429,77.0640157652434,1301.1639404296875,34.037254333496094,46.654937744140625,124.38549041748047,1,1,569.447,Anthropogenic
31.058024375648888,77.06470216870152,1252.609619140625,25.831979751586914,35.206302642822266,124.38549041748047,1,1,464.419,Anthropogenic
31.065470848993186,77.06741570655404,1131.62744140625,25.907379150390625,39.81360626220703,124.38549041748047,1,1,352.806,Anthropogenic
31.057638114141056,77.08826502629931,1142.3642578125,41.88595199584961,62.02133560180664,124.38549041748047,1,1,648.155,Anthropogenic
31.05856718008193,77.08646111626896,1135.9583740234375,40.66469955444336,60.7021369934082,124.38549041748047,1,1,1046.05,Natural
31.058152473569496,77.08895423897758,1187.0355224609375,35.899208068847656,54.02619552612305,124.38549041748047,1,1,457.829,Anthropogenic
31.058775800791558,77.08537353691527,1125.6622314453125,26.897817611694336,41.57638168334961,124.38549041748047,1,1,509.929,Natural
31.0595290630352,77.08261962010364,1104.9083251953125,31.434993743896484,45.10006332397461,124.38549041748047,1,1,1085.38,Anthropogenic
31.05987622082626,77.0823739848851,1156.719482421875,20.29594612121582,44.056732177734375,124.38549041748047,1,1,224.355,Anthropogenic
31.0616945487131,77.08144123653493,1162.32958984375,14.618216514587402,18.474620819091797,124.38549041748047,1,1,738.307,Natural
31.05918856084846,77.07975738276151,1121.3248291015625,29.845718383789062,41.85727310180664,124.38549041748047,1,1,415.993,Anthropogenic
31.068390630131038,77.0714171096341,1229.2593994140625,13.809769630432129,26.03437042236328,124.38549041748047,1,1,683.245,Anthropogenic
31.067635939526166,77.07088602046082,1210.7947998046875,21.973888397216797,33.02493667602539,124.38549041748047,1,1,551.399,Natural
31.069161524560702,77.07154237147078,1253.1947021484375,25.048355102539062,31.672069549560547,124.38549041748047,1,1,715.864,Anthropogenic
31.068263272098346,77.08043994821905,1247.635986328125,24.52483558654785,33.03507995605469,124.38549041748047,1,1,882.301,Anthropogenic
31.06858533498937,77.0854900296009,1265.2496337890625,32.66530990600586,47.07532501220703,124.38549041748047,1,1,467.815,Anthropogenic
31.076441159261567,77.07113026846791,1484.4984130859375,40.48895263671875,59.19103240966797,124.38549041748047,1,1,1614.78,Anthropogenic
31.068014098708957,77.10018433506478,1195.254150390625,8.1548490524292,19.193199157714844,124.38549041748047,1,1,1794.72,Natural
31.06829775886593,77.10051987933134,1199.281982421875,9.309755325317383,16.673925399780273,124.38549041748047,1,1,1590.03,Natural
31.080807462904815,77.1045659730345,1408.5882568359375,34.64884567260742,49.17353439331055,124.38549041748047,1,1,224.071,Anthropogenic
31.080716651626524,77.10479484777882,1400.2196044921875,34.64884567260742,49.17353439331055,124.38549041748047,1,1,643.098,Anthropogenic
31.081418607954724,77.10595201183591,1393.5228271484375,40.57488250732422,58.06890869140625,124.38549041748047,1,1,609.184,Anthropogenic
31.081023431360208,77.10452529402484,1431.348876953125,35.434539794921875,49.08384704589844,124.38549041748047,1,1,194.182,Anthropogenic
31.081043438676964,77.10474307661428,1423.4595947265625,35.99861145019531,50.38449478149414,124.38549041748047,1,1,134.33,Anthropogenic
31.083668947647777,77.10813614985852,1395.5985107421875,41.58369827270508,60.124568939208984,124.38549041748047,1,1,234.026,Anthropogenic
31.088451564508688,77.09671123120928,1496.4959716796875,38.77561569213867,55.88203430175781,124.38549041748047,1,1,3602.47,Anthropogenic
31.088639920667422,77.0982779181956,1476.0887451171875,20.185195922851562,33.477806091308594,124.38549041748047,1,1,1179.61,Natural
31.08801912643189,77.09630727741012,1491.100830078125,33.32146453857422,47.63018798828125,124.38549041748047,1,1,1180.36,Anthropogenic
31.103124584096996,77.12736954733118,1900.5743408203125,26.78604507446289,39.65157699584961,100.44458770751953,1,1,5066.57,Anthropogenic
31.095410558533757,77.06559150405408,1227.161865234375,15.500877380371094,33.527252197265625,124.38549041748047,1,1,569.62,Natural
31.10578042113055,77.06370650697285,1283.8504638671875,33.376346588134766,45.805747985839844,124.38549041748047,1,1,396.067,Natural
31.1270158293108,77.10472422580258,1729.185546875,32.932334899902344,45.64533233642578,74.27460479736328,1,1,2862.1,Anthropogenic
31.100490312368663,77.12849396817349,1964.4256591796875,32.667442321777344,44.545494079589844,100.44458770751953,1,1,607.639,Anthropogenic
31.10102233783505,77.12853630425073,1925.9595947265625,21.006410598754883,32.3068962097168,100.44458770751953,1,1,843.406,Anthropogenic
31.10421301406791,77.13991223250905,2101.3603515625,30.69864845275879,41.38615417480469,100.44458770751953,1,1,1494.85,Anthropogenic
31.090302751172594,77.15004587143905,1686.32763671875,26.56591033935547,34.578216552734375,100.44458770751953,1,1,939.97,Anthropogenic
31.099546362256664,77.148671036537,1926.2509765625,35.279541015625,48.82204818725586,100.44458770751953,1,1,2303.69,Anthropogenic
31.040637366194037,77.16495554163608,1571.7763671875,34.96668243408203,48.80200958251953,100.44458770751953,1,1,134.679,Anthropogenic
31.03857742068393,77.17013649637533,1456.7794189453125,31.224910736083984,43.06920623779297,100.44458770751953,1,1,172.993,Anthropogenic
31.053146669616165,77.16255263934504,1550.71484375,34.31839370727539,47.02338790893555,100.44458770751953,1,1,533.73,Anthropogenic
31.06133606503738,77.15172364608387,1595.64013671875,31.739845275878906,43.0995979309082,100.44458770751953,1,1,1748.43,Anthropogenic
31.06375474948147,77.1510928390724,1567.528076171875,37.596317291259766,54.01543426513672,100.44458770751953,1,1,1457.86,Natural
31.06098193798219,77.1503824611382,1657.01708984375,27.0461483001709,41.95289993286133,100.44458770751953,1,1,1332.25,Anthropogenic
31.067241817656853,77.1428327464087,1767.47265625,36.89190673828125,52.65302658081055,100.44458770751953,1,1,592.966,Natural
31.06771506418055,77.1438100001131,1671.5863037109375,33.454261779785156,46.937286376953125,100.44458770751953,1,1,1913.45,Natural
31.07056909832085,77.1641484069686,1548.2420654296875,15.354206085205078,32.77378845214844,100.44458770751953,1,1,624.776,Anthropogenic
31.070979394019975,77.16484869310453,1560.558837890625,9.179988861083984,21.65199089050293,100.44458770751953,1,1,948.351,Anthropogenic
31.066614846496293,77.15957609745169,1531.4617919921875,47.22319793701172,74.76892852783203,100.44458770751953,1,1,1429.43,Anthropogenic
31.066544200135212,77.16002067395219,1492.833984375,42.12086868286133,65.21013641357422,100.44458770751953,1,1,712.259,Anthropogenic
31.06693115870331,77.15957283997031,1556.05419921875,39.43504333496094,61.24303436279297,100.44458770751953,1,1,275.171,Anthropogenic
31.064965996112537,77.15942582654876,1415.18505859375,33.525699615478516,48.61630630493164,100.44458770751953,1,1,952.33,Natural
31.066450925543688,77.15905095964789,1528.34130859375,42.409156799316406,64.88505554199219,100.44458770751953,1,1,294.467,Anthropogenic
31.066196406297525,77.15900282753984,1523.2073974609375,38.2277717590332,59.70037841796875,100.44458770751953,1,1,250.124,Anthropogenic
31.066094134851234,77.16216538056987,1525.7261962890625,25.427148818969727,36.23996353149414,100.44458770751953,1,1,136.628,Natural
31.066679007895306,77.16149554613878,1488.9959716796875,17.478185653686523,31.96436309814453,100.44458770751953,1,1,452.427,Anthropogenic
31.06785525094135,77.16176543265328,1530.446044921875,21.396360397338867,33.455047607421875,100.44458770751953,1,1,255.394,Anthropogenic
31.06536962907098,77.157866391873,1446.2064208984375,30.248424530029297,41.604896545410156,100.44458770751953,1,1,702.318,Anthropogenic
31.0698434348455,77.15810310255033,1655.0450439453125,29.079240798950195,37.960044860839844,100.44458770751953,1,1,1078.72,Anthropogenic
31.072375454618857,77.1671730332469,1585.1177978515625,14.267948150634766,25.594783782958984,100.44458770751953,1,1,738.084,Anthropogenic
31.075447905104117,77.17216480646344,1690.06591796875,17.662700653076172,24.16141700744629,100.44458770751953,1,1,583.427,Natural
31.07444029976574,77.17087948718152,1673.7550048828125,22.872526168823242,29.794872283935547,100.44458770751953,1,1,190.186,Anthropogenic
31.07427164626774,77.17114233568554,1652.0010986328125,22.377660751342773,30.756820678710938,100.44458770751953,1,1,245.432,Anthropogenic
31.098479509272366,77.19868517636509,2017.9931640625,33.283546447753906,45.74121856689453,100.44458770751953,1,1,490.673,Anthropogenic
31.098049639991984,77.19892279797071,1974.732421875,30.917097091674805,41.5029411315918,100.44458770751953,1,1,732.737,Anthropogenic
31.097498373066887,77.1969624539337,1935.630615234375,25.27138900756836,40.822998046875,100.44458770751953,1,1,744.721,Anthropogenic
31.12309907015128,77.1652335049676,1717.140625,23.484085083007812,30.538402557373047,100.44458770751953,1,1,804.39,Anthropogenic
31.078951644226382,77.19268471470431,1641.263427734375,18.734426498413086,28.525217056274414,100.44458770751953,1,1,2157.81,Natural
31.07062637543407,77.14543813271753,1801.7481689453125,39.98879623413086,57.984561920166016,100.44458770751953,1,1,1727.16,Natural
31.069462791888263,77.1466734770072,1694.140869140625,25.155160903930664,33.78105545043945,100.44458770751953,1,1,3213.11,Natural
31.09843279143947,77.1666643767288,1848.60986328125,31.42433738708496,47.228004455566406,100.44458770751953,1,1,655.209,Natural
31.098313030662382,77.16741160654456,1865.4281005859375,22.216611862182617,50.9188232421875,100.44458770751953,1,1,1447.27,Anthropogenic
31.098047554021118,77.16856363563095,1906.631103515625,18.41530418395996,36.4525032043457,100.44458770751953,1,1,740.203,Anthropogenic
31.098146953880292,77.1689472851073,1916.3377685546875,14.337005615234375,37.637638092041016,100.44458770751953,1,1,298.028,Anthropogenic
31.012486098346873,77.10986597829923,1490.7286376953125,11.212084770202637,19.377185821533203,124.38549041748047,1,1,1182.79,Natural
31.000948081100667,77.14369653384156,1369.495849609375,18.434999465942383,39.103233337402344,100.44458770751953,1,1,877.39,Anthropogenic
31.001266436139865,77.14373964023109,1403.6416015625,25.052692413330078,33.23971176147461,100.44458770751953,1,1,321.885,Anthropogenic
30.996913421587422,77.15508459760419,1339.156982421875,31.269832611083984,42.284053802490234,100.44458770751953,1,1,1160.36,Anthropogenic
31.007686705302703,77.1785276560733,1575.7529296875,23.83844566345215,30.631301879882812,100.44458770751953,1,1,1843.19,Anthropogenic
31.020030620009432,77.17347341804454,1352.5302734375,45.5555534362793,70.51922607421875,100.44458770751953,1,1,1133.31,Anthropogenic
31.015011503336883,77.1236735196526,1555.2034912109375,34.567527770996094,48.69956970214844,124.38549041748047,1,1,1059.51,Natural
31.014321565193,77.12381737433988,1519.355712890625,27.593917846679688,43.20346450805664,124.38549041748047,1,1,821.974,Natural
31.09633940018131,77.07104320131714,1250.8466796875,20.093955993652344,28.38467788696289,124.38549041748047,1,1,617.216,Natural
31.099100498862338,77.06263234407929,1322.69091796875,11.633241653442383,14.890223503112793,124.38549041748047,1,1,2628.05,Anthropogenic
31.09038209390114,77.0877069706455,1371.5296630859375,22.22200584411621,28.48739242553711,124.38549041748047,1,1,2038.79,Natural
31.089668635442585,77.08796642193388,1340.3504638671875,11.50087833404541,29.282461166381836,124.38549041748047,1,1,580.337,Natural
31.090864889829376,77.08839443952421,1379.269775390625,22.840240478515625,29.188772201538086,124.38549041748047,1,1,226.329,Natural
31.08892907508307,77.08116037717905,1297.8526611328125,4.491471290588379,20.526453018188477,124.38549041748047,1,1,1254.28,Anthropogenic
31.089347569071872,77.08326393804745,1370.346923828125,20.550886154174805,29.57738494873047,124.38549041748047,1,1,428.7,Anthropogenic
31.08569908242774,77.08264877738351,1370.6181640625,14.834342956542969,18.703920364379883,124.38549041748047,1,1,297.959,Natural
31.068926182647363,77.09930502274217,1272.4803466796875,37.3871955871582,53.66986083984375,124.38549041748047,1,1,840.996,Anthropogenic
31.07375548708853,77.09902841158299,1326.925537109375,18.559553146362305,26.631406784057617,124.38549041748047,1,1,880.049,Anthropogenic
31.07757343764418,77.0939620254231,1321.60791015625,6.583224773406982,8.334917068481445,124.38549041748047,1,1,1619.16,Anthropogenic
31.066516317689747,77.09449116298343,1196.3701171875,41.42042922973633,61.65727615356445,124.38549041748047,1,1,802.934,Natural
31.067177304263016,77.09626664257259,1216.0692138671875,36.506561279296875,50.23007583618164,124.38549041748047,1,1,633.236,Anthropogenic
31.06795553250791,77.09637977436203,1261.25,36.44639205932617,50.506988525390625,124.38549041748047,1,1,1168.19,Anthropogenic
31.06876090379798,77.09229581356078,1243.9161376953125,35.54151916503906,49.70336151123047,124.38549041748047,1,1,772.714,Anthropogenic
31.0679293716284,77.09227899248472,1187.6849365234375,19.978464126586914,30.65614891052246,124.38549041748047,1,1,577.144,Natural
31.067516673624066,77.10574892785804,1432.186279296875,3.154432535171509,10.272442817687988,124.38549041748047,1,1,404.396,Natural
31.084382842426272,77.1993685205045,1698.5164794921875,25.99814796447754,38.4915771484375,100.44458770751953,1,1,2744.46,Natural
31.07773437946995,77.19761273511449,1552.34765625,15.738934516906738,29.970394134521484,100.44458770751953,1,1,1031.09,Natural
31.08251162578176,77.19769047178688,1689.51416015625,33.88078308105469,47.94390869140625,100.44458770751953,1,1,825.409,Natural
31.026106516255556,77.17239536789042,1366.763427734375,28.998971939086914,41.26094436645508,100.44458770751953,1,1,584.332,Natural
31.02551345259969,77.17249287477925,1374.7789306640625,28.768596649169922,37.8767204284668,100.44458770751953,1,1,430.563,Anthropogenic
31.02632793199464,77.17427854098402,1296.828369140625,24.933063507080078,32.23350524902344,100.44458770751953,1,1,565.447,Natural
31.017398237568838,77.15306417519753,1508.7711181640625,35.038883209228516,49.097679138183594,100.44458770751953,1,1,287.63,Anthropogenic
31.019931277101144,77.1817762233354,1354.0283203125,30.260900497436523,40.463565826416016,100.44458770751953,1,1,400.105,Natural
31.021098094337155,77.18018144603114,1366.7427978515625,38.46569061279297,54.39950180053711,100.44458770751953,1,1,616.741,Anthropogenic
31.019482957088908,77.17876280489078,1228.205810546875,7.5423407554626465,30.724754333496094,100.44458770751953,1,1,518.815,Natural
31.065048878039185,77.05414313175166,1312.0904541015625,28.754819869995117,41.26162338256836,124.38549041748047,1,1,989.863,Anthropogenic
31.02148700644031,77.0428177606356,1048.4002685546875,39.275840759277344,57.17768096923828,124.38549041748047,1,1,4199.05,Natural
31.02174628119503,77.04439974108637,953.71240234375,16.496313095092773,43.45804977416992,124.38549041748047,1,1,470.451,Natural
31.022445537485744,77.04523746314617,982.4591674804688,15.022697448730469,35.39524841308594,124.38549041748047,1,1,467.481,Natural
31.026719338966007,77.04225360008304,1084.251953125,21.67928123474121,28.009197235107422,124.38549041748047,1,1,727.548,Natural
31.023383723240563,77.04578306960181,974.3739624023438,17.739498138427734,27.813318252563477,124.38549041748047,1,1,243.524,Natural
31.024153983904718,77.0460571316707,980.4548950195312,16.933523178100586,23.980716705322266,124.38549041748047,1,1,290.353,Natural
31.025080217856242,77.04663753860875,986.4178466796875,21.040767669677734,31.53839874267578,124.38549041748047,1,1,553.914,Natural
31.019338594808914,77.03167082231683,958.2409057617188,41.34360122680664,60.5722770690918,124.38549041748047,1,1,817.328,Natural
31.018669192085913,77.03767561278698,1025.7520751953125,34.79106903076172,48.584266662597656,124.38549041748047,1,1,850.421,Anthropogenic
31.019412377400847,77.03955534252707,1039.719970703125,39.13958740234375,57.99089813232422,124.38549041748047,1,1,413.151,Natural
31.018825114245416,77.04072652514488,984.84716796875,37.41006851196289,54.9841194152832,124.38549041748047,1,1,808.204,Anthropogenic
31.016816918114202,77.03341957167741,1036.5009765625,37.73336410522461,54.33976364135742,124.38549041748047,1,1,514.614,Natural
31.016626183084416,77.03309757965486,1058.236572265625,34.8291130065918,48.17804718017578,124.38549041748047,1,1,487.264,Natural
31.017087128901572,77.03771673142538,939.5237426757812,7.956443786621094,10.494596481323242,124.38549041748047,1,1,1158.31,Anthropogenic
31.01471937818326,77.01523611587433,968.0775146484375,26.11307716369629,35.2193489074707,124.38549041748047,1,1,1739.45,Natural
31.016477946236606,77.01793522456781,1007.9571533203125,5.397963523864746,10.776033401489258,124.38549041748047,1,1,1387.66,Natural
31.14738342620236,77.17126917462726,1766.2987060546875,50.991294860839844,86.27363586425781,80.36451721191406,1,1,2293.44,Natural
31.10639535363331,77.07309294918865,1275.7896728515625,20.793407440185547,38.290863037109375,124.38549041748047,1,1,486.943,Natural
31.10673652836813,77.07305520756702,1293.42529296875,30.397897720336914,39.91783905029297,124.38549041748047,1,1,256.827,Natural
31.10566512757039,77.07524137092165,1269.38818359375,30.002439498901367,42.358734130859375,124.38549041748047,1,1,488.385,Natural
31.105513017686224,77.07235813208409,1289.0748291015625,33.53351593017578,46.19697952270508,124.38549041748047,1,1,171.217,Natural
31.110707783267856,77.0808918015503,1368.4132080078125,26.46282386779785,34.26680374145508,124.38549041748047,1,1,414.919,Natural
31.10072344452704,77.08004325540959,1360.4212646484375,19.22125816345215,26.578556060791016,124.38549041748047,1,1,465.635,Anthropogenic
31.11423079509244,77.08612903345531,1377.565673828125,19.114633560180664,32.82290267944336,124.38549041748047,1,1,984.261,Anthropogenic
31.093484262821438,77.07210401571086,1289.6343994140625,28.72198486328125,38.652034759521484,124.38549041748047,1,1,1150.88,Anthropogenic
31.10091114991033,77.08456738449017,1377.1746826171875,11.436211585998535,22.045631408691406,124.38549041748047,1,1,515.607,Natural
31.083166226583053,77.03960620727162,1344.6448974609375,29.17036247253418,38.81949996948242,124.38549041748047,1,1,2417.62,Anthropogenic
31.085265728087016,77.04781376007443,1398.7066650390625,23.682329177856445,36.63638687133789,124.38549041748047,1,1,837.578,Anthropogenic
31.085106652386266,77.04662776779016,1413.537109375,30.400537490844727,41.04039764404297,124.38549041748047,1,1,644.292,Anthropogenic
31.082158666392115,77.05290589520767,1390.9642333984375,29.60495376586914,41.860931396484375,124.38549041748047,1,1,624.545,Anthropogenic
31.082195154630792,77.05404606353726,1357.612060546875,15.640556335449219,20.111948013305664,124.38549041748047,1,1,1225.88,Anthropogenic
31.08173150695549,77.05490007819628,1337.3865966796875,15.603443145751953,22.11081886291504,124.38549041748047,1,1,240.571,Natural
31.07995654922849,77.05719598997119,1306.3692626953125,8.428637504577637,13.532499313354492,124.38549041748047,1,1,270.906,Natural
31.084729086032443,77.0505287607826,1398.616455078125,23.53541374206543,33.305030822753906,124.38549041748047,1,1,584.809,Anthropogenic
31.085294852135267,77.0501595521258,1426.246826171875,25.971229553222656,37.01702117919922,124.38549041748047,1,1,609.607,Anthropogenic
31.085233577337757,77.05181669502515,1414.347900390625,33.09362030029297,45.175296783447266,124.38549041748047,1,1,264.787,Anthropogenic
31.141912005368383,77.00795863968565,1115.7578125,37.635929107666016,52.81173324584961,74.27460479736328,1,1,1294.13,Natural
31.141468419985603,77.00500682694147,1083.8922119140625,30.35381507873535,41.137027740478516,74.27460479736328,1,1,1065.67,Anthropogenic
31.142230190069203,77.01189500084106,1145.2984619140625,18.077909469604492,27.65489959716797,74.27460479736328,1,1,746.304,Anthropogenic
31.13814621497324,77.01794372061026,1175.242431640625,9.359672546386719,22.144527435302734,74.27460479736328,1,1,758.217,Anthropogenic
30.99088368799547,77.09333013286708,1592.428466796875,33.22853469848633,45.273555755615234,124.38549041748047,1,1,680.297,Anthropogenic
30.991026922184126,77.09354894894851,1608.85498046875,25.827722549438477,37.1724853515625,124.38549041748047,1,1,374.554,Anthropogenic
30.970693666053123,77.06603764608195,1139.917236328125,4.070414066314697,9.780725479125977,124.38549041748047,1,1,1129.03,Anthropogenic
30.988215151123754,77.0478381100934,1078.2872314453125,27.494522094726562,36.37568283081055,124.38549041748047,1,1,546.892,Natural
30.98788405154258,77.05057062250441,1020.4127807617188,27.37691307067871,38.03068542480469,124.38549041748047,1,1,1475.66,Natural
30.98701668222295,77.05532228684031,1017.7000732421875,36.174495697021484,51.17296600341797,124.38549041748047,1,1,862.091,Natural
30.98685922805925,77.05706667547443,972.461181640625,25.682476043701172,38.77299880981445,124.38549041748047,1,1,889.439,Anthropogenic
30.986729608392064,77.05564406915437,1021.0446166992188,35.25466537475586,49.323307037353516,124.38549041748047,1,1,468.871,Anthropogenic
30.988911987433283,77.05089842866211,1001.9818725585938,26.440662384033203,35.073158264160156,124.38549041748047,1,1,981.043,Natural
30.98926172155358,77.05216898127702,962.5523681640625,12.373255729675293,18.24210548400879,124.38549041748047,1,1,1952.57,Anthropogenic
30.986675403745934,77.05162001900455,1063.5084228515625,27.15896987915039,35.217796325683594,124.38549041748047,1,1,218.131,Natural
30.987053289818032,77.05174203513933,1055.86962890625,25.906803131103516,33.93311309814453,124.38549041748047,1,1,813.679,Natural
30.98681922777649,77.05193975465623,1037.0069580078125,12.49282169342041,26.06828498840332,124.38549041748047,1,1,272.851,Natural
30.988507615836568,77.048823741194,1006.8543090820312,28.63508415222168,38.241737365722656,124.38549041748047,1,1,378.056,Natural
30.988890963036,77.04933706417546,987.87451171875,12.895251274108887,29.793209075927734,124.38549041748047,1,1,370.499,Natural
30.997876923158277,77.03111115345227,964.7564697265625,17.307775497436523,23.67988395690918,124.38549041748047,1,1,952.274,Natural
30.99795258413889,77.03060432264682,993.8504028320312,25.830446243286133,38.492034912109375,124.38549041748047,1,1,177.12,Natural
31.00101390083984,77.02799746563075,932.781982421875,40.893272399902344,61.03131103515625,124.38549041748047,1,1,440.686,Natural
30.99558864846193,77.03187233969163,953.5068969726562,45.30583190917969,69.48876953125,124.38549041748047,1,1,946.256,Natural
31.011444886437594,77.01445241375538,900.4351196289062,38.16960525512695,54.03927993774414,124.38549041748047,1,1,758.248,Natural
31.007023169911964,77.01881947023654,959.7882080078125,40.58287048339844,59.908756256103516,124.38549041748047,1,1,780.828,Natural
31.01330724348458,77.01299377988371,914.6975708007812,32.90983200073242,45.25406265258789,124.38549041748047,1,1,306.676,Natural
31.015123903212004,76.99858553360487,882.699462890625,39.94808578491211,57.734806060791016,124.38549041748047,1,1,2612.57,Natural
31.0150066471721,76.99801220051773,895.7042236328125,39.32823944091797,56.542144775390625,124.38549041748047,1,1,3224.37,Natural
31.015699675760242,77.0006282958217,910.1664428710938,45.731956481933594,69.24391174316406,124.38549041748047,1,1,1803.93,Anthropogenic
31.01548710247484,76.99975798125666,912.9172973632812,37.38462829589844,53.84292221069336,124.38549041748047,1,1,899.122,Natural
31.01540111022181,76.99946267791955,891.7706909179688,35.21371078491211,49.0298957824707,124.38549041748047,1,1,430.948,Natural
31.015285187924658,76.9989887363047,903.5134887695312,34.96917724609375,48.862571716308594,124.38549041748047,1,1,720.689,Natural
31.01483161410458,76.99722421513125,897.2954711914062,30.190549850463867,41.288177490234375,124.38549041748047,1,1,853.181,Natural
31.01370668848164,76.99684627405985,849.6629638671875,33.86782455444336,51.42448425292969,124.38549041748047,1,1,669.857,Natural
31.016163622742972,77.00101593670396,884.45556640625,38.09713363647461,56.693058013916016,124.38549041748047,1,1,1170.17,Natural
31.015767487767203,77.00109234158688,875.9082641601562,36.99604797363281,51.99174880981445,124.38549041748047,1,1,992.315,Anthropogenic
30.865224218356214,77.05823834167005,1574.9852294921875,26.603656768798828,35.402626037597656,,1,0,2396.4,Natural
30.86240665110839,77.0614867012593,1442.727294921875,30.38033676147461,40.80823516845703,,1,0,2366.44,Natural
30.86107173511072,77.06151261445677,1349.4896240234375,21.1513671875,34.08716583251953,,1,0,194.753,Natural
30.86184044634743,77.0612291573044,1407.3446044921875,30.434823989868164,41.49213409423828,,1,0,479.812,Natural
30.861763588781496,77.06149851187436,1384.71533203125,29.95697784423828,40.21133804321289,,1,0,307.6,Natural
30.86183910002259,77.06179934308133,1405.8062744140625,31.58989906311035,42.54640197753906,,1,0,239.836,Natural
30.866939829731933,77.04993873386223,1319.8021240234375,23.304105758666992,33.36440658569336,,1,0,340.931,Anthropogenic
30.86998926732199,77.012423349696,982.2357177734375,26.513761520385742,35.37435531616211,,1,0,258.361,Anthropogenic
30.911026589078997,76.93169286085445,939.08837890625,31.9921932220459,43.829402923583984,124.38549041748047,1,1,505.153,Anthropogenic
30.910255159175257,76.9320256512661,960.70263671875,34.82097625732422,47.99497985839844,124.38549041748047,1,1,527.03,Anthropogenic
30.912164720349473,76.93671665335407,1050.2567138671875,13.802397727966309,28.951953887939453,124.38549041748047,1,1,782.652,Anthropogenic
30.912254740166762,76.9373900577409,1086.2794189453125,35.3314094543457,48.76263427734375,124.38549041748047,1,1,1007.79,Anthropogenic
30.912080368757287,76.94039291592503,1194.1929931640625,39.71484375,57.48080062866211,124.38549041748047,1,1,227.603,Anthropogenic
30.91252154711707,76.93975551140983,1204.8165283203125,37.79841232299805,53.5296745300293,124.38549041748047,1,1,214.372,Anthropogenic
30.90762879564232,76.932992211639,976.2601928710938,33.163509368896484,46.183162689208984,124.38549041748047,1,1,530.941,Anthropogenic
30.90871915836043,76.93335486407624,1014.4481811523438,39.92280960083008,58.68101119995117,124.38549041748047,1,1,1064.73,Anthropogenic
30.90864853558702,76.93245741875616,952.16748046875,31.940540313720703,45.89912033081055,124.38549041748047,1,1,787.552,Anthropogenic
30.906991342070715,76.93437851701049,1053.62939453125,42.101192474365234,62.527252197265625,124.38549041748047,1,1,4252.56,Anthropogenic
30.901828088452945,76.92776368002828,1155.0823974609375,27.7755126953125,39.689876556396484,124.38549041748047,1,1,753.81,Natural
30.900514330505935,76.93000458253921,1081.7288818359375,32.44738006591797,44.48942565917969,124.38549041748047,1,1,2037.41,Anthropogenic
30.899278733255542,76.93067438433089,1004.5670166015625,27.77131462097168,36.553897857666016,124.38549041748047,1,1,5625.95,Anthropogenic
30.89964834289633,76.92920230820883,1026.469970703125,28.490142822265625,38.739166259765625,124.38549041748047,1,1,1000.85,Anthropogenic
30.899133704901022,76.92924683457727,993.37353515625,23.98212432861328,35.6076545715332,124.38549041748047,1,1,272.143,Anthropogenic
30.899465792742575,76.92882905784597,1016.6004028320312,29.12214469909668,39.61140060424805,124.38549041748047,1,1,99.7216,Anthropogenic
30.89798796109474,76.92386080586495,1026.7132568359375,34.6738166809082,48.82954406738281,124.38549041748047,1,1,759.988,Anthropogenic
30.895168229352816,76.92583228270601,901.0616455078125,33.11509323120117,44.83348846435547,124.38549041748047,1,1,2181.74,Natural
30.893851559954122,76.93217466796384,1008.1536254882812,17.749189376831055,25.15345573425293,124.38549041748047,1,1,812.614,Natural
30.8931523586996,76.93173400097633,964.7338256835938,27.5609188079834,35.72941589355469,124.38549041748047,1,1,281.279,Natural
30.892904615887876,76.93241930760036,997.73486328125,27.9937801361084,37.066593170166016,124.38549041748047,1,1,519.714,Natural
30.887442640077246,76.92561214596444,862.1101684570312,20.349889755249023,26.69975471496582,124.38549041748047,1,1,426.538,Natural
30.883714672259515,76.91904691127091,722.0352783203125,21.28762435913086,28.079463958740234,124.38549041748047,1,1,521.989,Natural
30.88294167822084,76.91963676321849,715.9768676757812,22.494735717773438,29.87991714477539,124.38549041748047,1,1,304.31,Natural
30.88279322421913,76.91912081909175,688.156005859375,26.00909996032715,36.39707565307617,124.38549041748047,1,1,227.445,Natural
30.882270277752642,76.91974478547617,689.8987426757812,13.89172077178955,23.142833709716797,124.38549041748047,1,1,495.213,Natural
30.882272973284792,76.92068569839337,703.6453857421875,16.151737213134766,22.655208587646484,124.38549041748047,1,1,266.508,Natural
30.88237313762343,76.9220065180165,739.222412109375,,,124.38549041748047,1,1,1909.03,Natural
30.881612385413415,76.93918730509051,917.6996459960938,15.543760299682617,24.276403427124023,124.38549041748047,1,1,273.893,Natural
30.888175236782306,76.93498597779731,1147.938232421875,15.264677047729492,32.27739715576172,124.38549041748047,1,1,189.643,Natural
30.887791173171195,76.93909631228657,1034.2596435546875,24.868633270263672,32.38214874267578,124.38549041748047,1,1,441.659,Anthropogenic
30.88899222867277,76.93891477732556,1079.548583984375,38.03548049926758,54.25474548339844,124.38549041748047,1,1,323.526,Anthropogenic
30.88999460541956,76.93751562582375,1105.51513671875,20.59159278869629,28.124187469482422,124.38549041748047,1,1,248.936,Anthropogenic
30.886300006657443,76.94195383750832,1020.2518920898438,22.932958602905273,32.19422912597656,124.38549041748047,1,1,195.453,Anthropogenic
30.888543856884223,76.94183745573893,1124.9986572265625,34.59062957763672,47.814666748046875,124.38549041748047,1,1,232.17,Anthropogenic
30.88494464194167,76.93917366388578,972.3748168945312,6.68272590637207,16.563907623291016,124.38549041748047,1,1,308.02,Anthropogenic
30.888194761519593,76.94230627259977,1099.1016845703125,29.907934188842773,42.98588943481445,124.38549041748047,1,1,266.998,Anthropogenic
30.889793752391622,76.94509634075426,1160.759521484375,37.718177795410156,53.527156829833984,124.38549041748047,1,1,572.086,Anthropogenic
30.89078532770015,76.94569228206967,1209.044921875,34.79463195800781,49.668556213378906,124.38549041748047,1,1,696.566,Anthropogenic
30.884477662852834,76.94519465314313,1185.2286376953125,34.329647064208984,47.87775802612305,124.38549041748047,1,1,658.787,Natural
30.877919294532393,76.94605805084781,1017.699462890625,32.737342834472656,44.83584976196289,124.38549041748047,1,1,659.137,Anthropogenic
30.878442820938343,76.94670647062925,998.6085205078125,31.8479061126709,43.116512298583984,124.38549041748047,1,1,658.481,Anthropogenic
30.87777493171216,76.94430467386088,1013.0928344726562,35.53647232055664,49.220394134521484,124.38549041748047,1,1,509.065,Anthropogenic
30.877309078996653,76.94307794344529,974.843017578125,28.662212371826172,37.75440979003906,124.38549041748047,1,1,767.863,Anthropogenic
30.879021594865183,76.9473016982099,990.5474853515625,18.347375869750977,30.451671600341797,124.38549041748047,1,1,344.003,Anthropogenic
30.877398445869332,76.94845806968662,1004.5862426757812,36.56170654296875,52.634361267089844,124.38549041748047,1,1,840.475,Anthropogenic
30.87923096068513,76.96089679116939,1332.795654296875,38.03353500366211,55.200008392333984,124.38549041748047,1,1,479.094,Anthropogenic
30.879239700959317,76.96198757505724,1288.369140625,32.11376190185547,43.819217681884766,124.38549041748047,1,1,413.027,Anthropogenic
30.87313563360856,76.9679862574801,1387.925048828125,27.195764541625977,43.019309997558594,,1,0,670.924,Natural
30.874095074670795,76.97031387037393,1571.63134765625,43.59318923950195,66.10371398925781,,1,0,691.646,Natural
30.87445169055303,76.97249789054047,1641.3392333984375,41.58525085449219,61.5357666015625,,1,0,2654.49,Natural
30.881149301479667,76.98097584738717,1542.3455810546875,25.806671142578125,38.054447174072266,124.38549041748047,1,1,4101.83,Anthropogenic
30.87830507756382,76.98248906018674,1618.3753662109375,29.8663272857666,42.17357635498047,124.38549041748047,1,1,328.882,Anthropogenic
30.87869206459639,76.98436093191901,1504.431396484375,25.276453018188477,33.70054626464844,124.38549041748047,1,1,1200.8,Natural
30.874466497996952,76.98180033985959,1571.0947265625,37.216033935546875,52.620113372802734,,1,0,1012.44,Anthropogenic
30.874323810679048,76.98011793428718,1542.1737060546875,19.778858184814453,33.23149108886719,,1,0,688.67,Anthropogenic
30.87365676280181,76.98583191037154,1491.59228515625,34.200164794921875,47.12211608886719,,1,0,783.614,Anthropogenic
30.87358117830259,76.98548043294755,1491.8525390625,34.74859619140625,48.158294677734375,,1,0,774.426,Anthropogenic
30.873124149528117,76.98577236422511,1442.4359130859375,37.470458984375,53.424339294433594,,1,0,877.027,Natural
30.872946301021482,76.98684137839213,1424.5042724609375,27.325057983398438,45.58036422729492,,1,0,214.389,Anthropogenic
30.873008508022252,76.98653195801934,1434.3084716796875,37.69540786743164,53.922271728515625,,1,0,307.802,Natural
30.873173523227486,76.98615628627897,1441.3245849609375,37.91123962402344,53.841094970703125,,1,0,528.097,Natural
30.870680999903747,76.98328717699852,1432.3280029296875,17.161102294921875,23.43290901184082,,1,0,3707.18,Anthropogenic
30.87018960011276,76.98301695586864,1445.6988525390625,25.006399154663086,32.73715591430664,,1,0,966.72,Anthropogenic
30.87034863055615,76.98371592797734,1437.5469970703125,22.379119873046875,28.84796905517578,,1,0,291.762,Natural
30.87006407174932,76.98929739835904,1261.3140869140625,19.045106887817383,36.0948486328125,,1,0,251.308,Natural
30.870949336503116,76.99397168036408,1180.735595703125,19.10748291015625,24.732858657836914,,1,0,718.247,Anthropogenic
30.872066464551455,76.99195847840994,1209.2310791015625,33.0494270324707,45.17900466918945,,1,0,162.214,Anthropogenic
30.87128896573174,76.99299133023924,1181.561279296875,22.173612594604492,28.943132400512695,,1,0,2342.75,Anthropogenic
30.871642102012526,76.99399105255264,1159.91455078125,11.957345008850098,15.550640106201172,,1,0,400.146,Anthropogenic
30.870913527786367,77.00000249240756,1069.955810546875,33.81795883178711,46.00535202026367,,1,0,188.382,Anthropogenic
30.8654645096849,77.00619054628255,1078.163818359375,15.776416778564453,19.365100860595703,,1,0,4613.58,Natural
30.8675279854063,77.00275768651959,1017.0520629882812,15.575920104980469,31.312091827392578,,1,0,615.603,Natural
30.90786538871656,77.01737382609178,1351.3720703125,26.086254119873047,36.024024963378906,124.38549041748047,1,1,460.167,Anthropogenic
30.90873079967397,77.01356120435952,1425.0897216796875,28.692167282104492,38.07576370239258,124.38549041748047,1,1,274.068,Anthropogenic
30.906058273800063,77.01024972202492,1457.886962890625,31.434968948364258,46.271244049072266,124.38549041748047,1,1,670.679,Anthropogenic
30.90513809652148,77.00950550210905,1487.960205078125,28.508081436157227,38.993896484375,124.38549041748047,1,1,169.954,Anthropogenic
30.907761019358222,77.00554137377688,1559.49755859375,27.635313034057617,37.01368713378906,124.38549041748047,1,1,208.222,Natural
30.908736760703945,77.00929654730578,1460.983154296875,33.512691497802734,46.62691879272461,124.38549041748047,1,1,1343.6,Anthropogenic
30.908384263326795,77.00959045874598,1434.257080078125,33.288551330566406,45.8161506652832,124.38549041748047,1,1,492.658,Anthropogenic
30.902528989572314,77.00174485064477,1546.5728759765625,33.44221115112305,45.461021423339844,124.38549041748047,1,1,379.72,Anthropogenic
30.903413332415013,77.00344271683157,1554.047607421875,29.49428367614746,40.014957427978516,124.38549041748047,1,1,523.577,Natural
30.90184952353324,76.99937098445554,1588.5208740234375,29.72080421447754,40.07545471191406,124.38549041748047,1,1,539.09,Anthropogenic
30.90191479510064,76.99972010978625,1576.828369140625,29.348125457763672,39.43947219848633,124.38549041748047,1,1,167.245,Anthropogenic
30.900204691431817,76.99848637998409,1618.0628662109375,32.29984664916992,43.66609191894531,124.38549041748047,1,1,222.921,Natural
30.901245254082106,76.99545624437157,1708.79248046875,17.15230369567871,30.374792098999023,124.38549041748047,1,1,167.902,Anthropogenic
30.897817336014516,76.9976911028416,1572.001220703125,20.1201114654541,27.069456100463867,124.38549041748047,1,1,894.799,Natural
30.902148870617665,76.98997921436646,1658.3380126953125,22.96767234802246,30.29842185974121,124.38549041748047,1,1,1654.77,Anthropogenic
30.901583551282343,76.98965271699653,1627.732666015625,26.54142189025879,35.51593780517578,124.38549041748047,1,1,2650.23,Anthropogenic
30.90606984966201,76.98718917687336,1659.2391357421875,26.599071502685547,38.24489212036133,124.38549041748047,1,1,559.381,Natural
30.906463881724157,76.9866928885959,1684.737548828125,29.385910034179688,39.551795959472656,124.38549041748047,1,1,873.745,Natural
30.90683204068086,76.98705752236931,1656.67333984375,28.83220863342285,40.10330581665039,124.38549041748047,1,1,182.633,Natural
30.907732935789408,76.98749128116555,1629.8079833984375,24.515457153320312,32.12080001831055,124.38549041748047,1,1,148.55,Natural
30.908389935388787,76.9729716603247,1459.35107421875,26.550334930419922,37.17885208129883,124.38549041748047,1,1,378.244,Anthropogenic
30.90858287865723,76.97326706936208,1438.728759765625,32.98330307006836,45.95718765258789,124.38549041748047,1,1,359.649,Anthropogenic
30.908596961630124,76.97362674543174,1415.826904296875,23.749845504760742,34.998924255371094,124.38549041748047,1,1,515.19,Natural
30.907565679968528,76.97372299184899,1454.0108642578125,23.85467529296875,33.6596794128418,124.38549041748047,1,1,257.267,Natural
30.907957906324352,76.97319742194027,1437.380126953125,26.44916534423828,36.878089904785156,124.38549041748047,1,1,261.423,Anthropogenic
30.90762279212508,76.97345934571594,1469.990234375,32.25450897216797,45.15681457519531,124.38549041748047,1,1,209.883,Natural
30.907838275077363,76.97368240937864,1444.5985107421875,27.5133056640625,40.18775177001953,124.38549041748047,1,1,302.892,Natural
30.90810224663331,76.97368211187887,1426.2254638671875,21.567163467407227,34.09793472290039,124.38549041748047,1,1,225.004,Natural
30.910458746487013,76.98077322609956,1584.7452392578125,30.877485275268555,42.78816223144531,124.38549041748047,1,1,1069.26,Natural
30.910530440183393,76.98232468748714,1515.9327392578125,11.142367362976074,20.903547286987305,124.38549041748047,1,1,367.393,Natural
30.911230038763737,76.98208318414954,1524.463623046875,29.025623321533203,39.536407470703125,124.38549041748047,1,1,159.007,Natural
30.9115130064374,76.98199276528321,1521.517578125,31.095266342163086,46.540672302246094,124.38549041748047,1,1,316.911,Natural
30.911719013715494,76.98219363770939,1504.818603515625,32.77622604370117,44.76496505737305,124.38549041748047,1,1,353.611,Natural
30.911496027161597,76.9822554733092,1499.8018798828125,31.095266342163086,46.540672302246094,124.38549041748047,1,1,146.642,Natural
30.911571446721794,76.97269666882221,1337.6640625,22.557146072387695,29.454715728759766,124.38549041748047,1,1,544.916,Natural
30.913610324694556,76.97120249447725,1298.27001953125,24.65300750732422,32.10099792480469,124.38549041748047,1,1,1101.81,Natural
30.913855862319416,76.97297960989626,1372.296142578125,33.0096549987793,45.3777961730957,124.38549041748047,1,1,636.55,Natural
30.911113220509375,76.94896370367411,1303.4207763671875,28.55499839782715,37.494483947753906,124.38549041748047,1,1,303.764,Anthropogenic
30.91090183521608,76.94962839147922,1279.190185546875,28.609718322753906,38.12788009643555,124.38549041748047,1,1,350.303,Anthropogenic
30.90610893008957,76.95891444260715,1670.8179931640625,32.27268600463867,43.77132797241211,124.38549041748047,1,1,335.585,Natural
30.9061960495312,76.96549963565846,1693.025146484375,21.20121192932129,26.638795852661133,124.38549041748047,1,1,440.154,Anthropogenic
30.89719676162525,76.98468703291871,1484.6336669921875,38.77485275268555,55.72028732299805,124.38549041748047,1,1,600.43,Anthropogenic
30.89749570369834,76.98484003214928,1480.5718994140625,36.850460052490234,51.714595794677734,124.38549041748047,1,1,996.726,Anthropogenic
30.8980986532277,76.98567735908989,1446.6358642578125,14.723193168640137,25.377254486083984,124.38549041748047,1,1,187.437,Anthropogenic
30.897550130632478,76.98596801800909,1431.552978515625,18.43655014038086,23.62639045715332,124.38549041748047,1,1,356.604,Anthropogenic
30.897646421776553,76.9870641688164,1460.54541015625,28.361751556396484,38.75985336303711,124.38549041748047,1,1,386.531,Anthropogenic
30.898219291628607,76.98782313190834,1505.2479248046875,16.81524658203125,29.523855209350586,124.38549041748047,1,1,445.369,Anthropogenic
30.897895775778267,76.98714747273186,1460.5482177734375,32.03738021850586,42.99153137207031,124.38549041748047,1,1,149.53,Anthropogenic
30.8961129703356,76.98794406798565,1404.875732421875,27.953800201416016,39.26941680908203,124.38549041748047,1,1,170.811,Natural
30.896371834718067,76.98811171048374,1425.09228515625,31.767240524291992,43.265228271484375,124.38549041748047,1,1,311.521,Anthropogenic
30.89802450988473,76.9874470883882,1486.40185546875,29.296358108520508,40.244136810302734,124.38549041748047,1,1,515.299,Anthropogenic
30.893565865889332,76.98229040760042,1442.777099609375,36.26662063598633,51.63994598388672,124.38549041748047,1,1,402.667,Anthropogenic
30.893297143155717,76.98249116909402,1425.515380859375,26.353233337402344,36.783939361572266,124.38549041748047,1,1,721.468,Anthropogenic
30.892858570500955,76.9799504039454,1614.7825927734375,30.466960906982422,41.77004623413086,124.38549041748047,1,1,461.75,Anthropogenic
30.89239074834889,76.98028416945472,1594.6875,28.669105529785156,38.93623352050781,124.38549041748047,1,1,184.812,Anthropogenic
30.892964483322885,76.9806486630504,1575.4345703125,36.080806732177734,51.265594482421875,124.38549041748047,1,1,154.43,Natural
30.894299184311688,76.97905958937254,1584.3465576171875,37.58159255981445,53.857330322265625,124.38549041748047,1,1,183.272,Natural
30.89499230330461,76.9786235953751,1552.441650390625,22.300270080566406,36.21573257446289,124.38549041748047,1,1,235.916,Natural
30.89036218337355,76.97976688015353,1582.0260009765625,15.579572677612305,33.496463775634766,124.38549041748047,1,1,315.441,Natural
30.891275740752278,76.9792337030112,1627.557861328125,24.664634704589844,32.8131217956543,124.38549041748047,1,1,192.403,Anthropogenic
30.88991444996076,76.98119001400204,1578.6361083984375,33.15116882324219,46.79081726074219,124.38549041748047,1,1,148.924,Anthropogenic
30.887018920859713,76.98279561953505,1539.26953125,35.27900314331055,49.982181549072266,124.38549041748047,1,1,197.973,Natural
30.88798075116751,76.98281320790701,1488.8358154296875,28.27741241455078,43.58689498901367,124.38549041748047,1,1,219.534,Anthropogenic
30.887839954896137,76.98315753141432,1475.3428955078125,24.34221649169922,36.83034896850586,124.38549041748047,1,1,267.698,Anthropogenic
30.886525446009667,76.98266742484967,1545.930908203125,36.85764694213867,54.75350570678711,124.38549041748047,1,1,134.829,Natural
30.887703279912163,76.98361643232403,1450.0037841796875,23.764978408813477,37.83750915527344,124.38549041748047,1,1,142.529,Anthropogenic
30.883285117966768,76.98685238127479,1340.366943359375,31.3632869720459,46.157493591308594,124.38549041748047,1,1,417.648,Anthropogenic
30.881016560065977,76.98923636485887,1289.1197509765625,32.65108108520508,45.27020263671875,124.38549041748047,1,1,265.458,Anthropogenic
30.881519167668074,76.9887743265469,1322.8155517578125,36.782901763916016,52.49711608886719,124.38549041748047,1,1,249.446,Anthropogenic
30.881377342461136,76.99042322663915,1251.82861328125,24.910390853881836,32.35248565673828,124.38549041748047,1,1,317.121,Anthropogenic
30.880409505177457,76.99443598438008,1172.221435546875,26.71735954284668,37.69721984863281,124.38549041748047,1,1,243.056,Anthropogenic
30.879946710956826,76.99453527525198,1164.3157958984375,5.184041976928711,18.49643325805664,124.38549041748047,1,1,639.282,Anthropogenic
30.881105785073142,76.99501483277382,1247.5283203125,37.19992446899414,52.22932434082031,124.38549041748047,1,1,471.271,Natural
30.879208246761284,76.99456045167744,1163.7042236328125,12.912182807922363,16.527366638183594,124.38549041748047,1,1,194.208,Anthropogenic
30.879394348676428,76.99471054493874,1165.1968994140625,8.032411575317383,14.574230194091797,124.38549041748047,1,1,186.212,Anthropogenic
30.894391402177973,76.98964626262517,1476.7294921875,34.32652282714844,48.54904556274414,124.38549041748047,1,1,277.297,Natural
30.894480732463734,76.98990375674467,1485.6409912109375,31.56201171875,42.76051712036133,124.38549041748047,1,1,327.07,Natural
30.88633168003263,76.99296656884796,1326.6328125,28.524639129638672,37.7024040222168,124.38549041748047,1,1,511.279,Anthropogenic
30.889823810148453,76.9875941062438,1342.0792236328125,24.61040687561035,32.09754943847656,124.38549041748047,1,1,927.421,Anthropogenic
30.886767259495898,76.99640412014134,1365.26708984375,32.3726806640625,44.1317253112793,124.38549041748047,1,1,627.416,Natural
30.88798007347202,76.99333638494018,1393.500732421875,26.45046043395996,34.590599060058594,124.38549041748047,1,1,382.619,Natural
30.885582338787163,76.99265121213186,1287.197998046875,27.419841766357422,36.336692810058594,124.38549041748047,1,1,362.493,Anthropogenic
30.888759231592584,76.99575948561392,1400.4149169921875,34.453189849853516,50.77056121826172,124.38549041748047,1,1,257.766,Natural
30.890937988849505,77.01288327673686,1408.7916259765625,34.726768493652344,49.21580505371094,124.38549041748047,1,1,353.383,Natural
30.89166996955531,77.01079380107146,1302.832275390625,24.091224670410156,33.334659576416016,124.38549041748047,1,1,290.099,Natural
30.891799604026392,77.0086497389393,1256.692626953125,24.665760040283203,32.483455657958984,124.38549041748047,1,1,380.397,Natural
30.88955085067674,77.02111337813162,1333.17138671875,23.596229553222656,29.506874084472656,124.38549041748047,1,1,630.479,Anthropogenic
30.860804334675105,77.02258336256509,1265.398681640625,30.344806671142578,41.053627014160156,,1,0,791.49,Natural
30.861127014400463,77.02214828635614,1266.7806396484375,29.858800888061523,40.766944885253906,,1,0,680.357,Natural
30.86145579221034,77.02216572125157,1282.046630859375,25.234750747680664,33.375179290771484,,1,0,507.752,Natural
30.8595777956312,77.02108784568507,1184.206787109375,23.41529655456543,31.71832847595215,,1,0,194.7,Anthropogenic
30.859464922301992,77.02276295900539,1246.8211669921875,29.37571907043457,39.590267181396484,,1,0,402.964,Natural
30.86016600995734,77.02414253097095,1346.533203125,31.241220474243164,42.55624008178711,,1,0,356.805,Anthropogenic
30.859121022523624,77.02444811618167,1312.4058837890625,34.68791580200195,48.02320861816406,,1,0,544.942,Anthropogenic
30.860357480672267,77.03321675758514,1377.6898193359375,36.320884704589844,50.922523498535156,,1,0,4107.43,Natural
30.86553224351402,77.03965657472291,1115.755859375,35.68703842163086,48.72433090209961,,1,0,1601.34,Anthropogenic
30.864677755396542,77.03738349830729,1144.9390869140625,43.938270568847656,65.41788482666016,,1,0,319.396,Anthropogenic
30.862452790655414,77.0403830580309,1119.988037109375,23.959314346313477,42.58366775512695,,1,0,711.203,Anthropogenic
30.863556266048874,77.03848241981065,1150.9149169921875,36.96272659301758,52.93230438232422,,1,0,2313.43,Anthropogenic
30.860493775123437,77.03946364357479,1283.26220703125,33.932342529296875,46.07753372192383,,1,0,308.895,Natural
30.860018167357993,77.04200786739689,1192.177490234375,31.01734733581543,40.48863220214844,,1,0,441.467,Anthropogenic
30.859664709872824,77.04316743046431,1158.369384765625,37.140621185302734,52.492042541503906,,1,0,788.427,Anthropogenic
30.85961878513062,77.04148346644402,1227.1104736328125,33.48651123046875,45.919334411621094,,1,0,523.503,Anthropogenic
30.860622914706866,77.04401279609054,1128.9000244140625,25.139558792114258,32.801368713378906,,1,0,649.415,Anthropogenic
30.860564148907613,77.04427615551408,1137.6397705078125,29.35238265991211,39.47714614868164,,1,0,653.589,Anthropogenic
30.860422884523487,77.04468761137848,1163.8497314453125,34.01789474487305,47.35704040527344,,1,0,1975.26,Natural
30.858653613173622,77.04517706725935,1165.763427734375,33.02531814575195,47.53359603881836,,1,0,1086.98,Natural
30.85812738267864,77.04469851578995,1152.880859375,23.125205993652344,38.96712875366211,,1,0,310.295,Anthropogenic
30.85802375134347,77.04701377264392,1156.0584716796875,31.01616859436035,41.08900833129883,,1,0,1223.3,Anthropogenic
30.858623102151945,77.04581071804019,1173.2222900390625,39.29262924194336,57.10334396362305,,1,0,2018.5,Natural
30.857943322577132,77.04598826125856,1135.5147705078125,13.512558937072754,20.749404907226562,,1,0,784.817,Natural
30.857212217611497,77.04674067767044,1166.8277587890625,28.15128517150879,39.814697265625,,1,0,523.722,Anthropogenic
30.856726494089706,77.04815904721063,1152.0167236328125,25.605371475219727,33.69268035888672,,1,0,763.925,Anthropogenic
30.856634930175545,77.04854891111407,1164.380615234375,24.347898483276367,32.12879180908203,,1,0,784.489,Anthropogenic
30.856824678281967,77.04969234729784,1175.09033203125,28.298227310180664,36.81691360473633,,1,0,1006.64,Natural
30.857583279280764,77.05038811612772,1207.1788330078125,32.34314727783203,43.779998779296875,,1,0,583.559,Natural
30.857277977992414,77.05055957906076,1180.343017578125,37.40983963012695,53.243873596191406,,1,0,744.341,Anthropogenic
30.856079984964772,77.05091061298253,1169.192626953125,16.471406936645508,22.229551315307617,,1,0,687.585,Anthropogenic
30.858319149191082,77.05152433849467,1248.8701171875,25.262712478637695,42.272830963134766,,1,0,222.055,Natural
30.857766677761905,77.05138682078008,1214.715087890625,30.44472885131836,41.7234001159668,,1,0,403.787,Natural
30.85569078011223,77.05202079886305,1170.2579345703125,27.526153564453125,35.91667938232422,,1,0,366.404,Anthropogenic
30.85608202391495,77.0565136544337,1194.925048828125,12.902688026428223,27.886938095092773,,1,0,911.74,Natural
30.854438148524768,77.05194747637319,1167.1751708984375,26.64506721496582,35.53354263305664,,1,0,1734.43,Anthropogenic
30.857917952207785,77.05625914349595,1251.5374755859375,15.861480712890625,24.19994354248047,,1,0,1140.36,Anthropogenic
30.865288253826535,77.05253287604646,1315.9444580078125,14.72325325012207,23.289602279663086,,1,0,372.993,Natural
30.865864358316564,77.05265878025095,1359.9117431640625,30.6257381439209,43.81944274902344,,1,0,177.199,Natural
30.86017538609862,77.0913007205292,1243.0584716796875,18.00106430053711,23.813112258911133,,1,0,641.242,Anthropogenic
30.860479345887185,77.09125416163825,1248.7308349609375,17.610219955444336,23.686532974243164,,1,0,1341.32,Anthropogenic
30.86148550090208,77.0931488159215,1281.638427734375,19.3720760345459,24.284290313720703,,1,0,540.576,Anthropogenic
30.861248979025454,77.09436345154835,1269.574951171875,18.37874984741211,23.82689666748047,,1,0,331.402,Anthropogenic
30.86254136285393,77.0894298981141,1299.333251953125,16.75664520263672,20.756549835205078,,1,0,265.416,Anthropogenic
30.860271250514366,77.09321185397307,1245.496337890625,29.706966400146484,40.26291275024414,,1,0,178.092,Natural
30.861015233464503,77.08917313462649,1251.67236328125,31.05681610107422,41.297279357910156,,1,0,910.62,Natural
30.85970287461346,77.0897709198163,1228.1988525390625,19.823957443237305,27.334266662597656,,1,0,992.526,Natural
30.859415160613466,77.09598435197277,1251.2581787109375,19.267499923706055,24.894512176513672,,1,0,860.497,Natural
30.85738618948476,77.09985201884074,1206.820556640625,27.89039421081543,37.59583282470703,,1,0,3979.97,Natural
30.857193249976557,77.10027319435969,1203.4808349609375,35.79888916015625,50.13862228393555,,1,0,838.06,Natural
30.85766706947809,77.09947538245602,1210.701416015625,18.67550277709961,28.21502113342285,,1,0,514.394,Natural
30.858372327970983,77.09908959574484,1237.5538330078125,26.479637145996094,35.25374984741211,,1,0,441.589,Natural
30.857930109409285,77.09887018795868,1234.614990234375,28.466510772705078,37.71787643432617,,1,0,470.431,Natural
30.8583823822064,77.0971026715066,1238.8863525390625,30.766550064086914,41.092987060546875,,1,0,546.596,Natural
30.858826404509752,77.09763060141798,1267.0579833984375,17.963176727294922,22.134065628051758,,1,0,327.062,Natural
30.857759156035176,77.09859511157947,1232.8636474609375,20.777620315551758,29.65863609313965,,1,0,206.934,Natural
30.850879287682694,77.1094373654834,1150.580810546875,38.493221282958984,54.284053802490234,,1,0,854.966,Anthropogenic
30.85119830383041,77.10981761446831,1164.0369873046875,40.171329498291016,58.1538200378418,,1,0,1127.46,Natural
30.85135232344919,77.1104806942869,1174.74267578125,39.09257888793945,58.803104400634766,,1,0,2358.88,Natural
30.882393303996636,77.06002575082496,1621.66064453125,35.441219329833984,49.48942565917969,124.38549041748047,1,1,3269.22,Anthropogenic
30.882786666881007,77.06149770952413,1544.2852783203125,17.03753089904785,25.40372657775879,124.38549041748047,1,1,1023.82,Anthropogenic
30.884214500724607,77.06960788531224,1584.4818115234375,24.999250411987305,34.5214729309082,124.38549041748047,1,1,1256.58,Anthropogenic
30.876611125775167,77.06351941365507,1659.8046875,31.195703506469727,43.191749572753906,124.38549041748047,1,1,617.126,Natural
30.879129714400836,77.06038746378735,1673.89208984375,27.42737579345703,37.01301956176758,124.38549041748047,1,1,437.389,Natural
30.877139014759376,77.06373726672459,1647.6495361328125,25.907377243041992,40.68683624267578,124.38549041748047,1,1,1330.09,Natural
30.877404503764534,77.06292135488012,1677.1314697265625,32.5855598449707,44.84811019897461,124.38549041748047,1,1,859.517,Natural
30.87717934939127,77.06320536068989,1665.5653076171875,31.39361572265625,42.91669845581055,124.38549041748047,1,1,466.231,Natural
30.877444639304684,77.06331934567595,1661.05078125,31.0520076751709,42.156490325927734,124.38549041748047,1,1,228.775,Natural
30.87732591661918,77.06355072065213,1647.6495361328125,32.46089553833008,43.179664611816406,124.38549041748047,1,1,208.754,Natural
30.877284585335808,77.06513230455545,1588.4866943359375,24.647443771362305,34.11151885986328,124.38549041748047,1,1,205.674,Anthropogenic
30.879377856035415,77.06687754697771,1511.1217041015625,31.045639038085938,41.54444122314453,124.38549041748047,1,1,636.815,Anthropogenic
30.877450286715572,77.05301298038738,1614.5816650390625,41.4781379699707,61.11359786987305,124.38549041748047,1,1,2701.3,Natural
30.878262259671246,77.05147895653111,1661.1805419921875,30.756385803222656,46.01377868652344,124.38549041748047,1,1,1231.1,Natural
30.878742286979293,77.05141056139324,1684.417724609375,37.12278366088867,52.050201416015625,124.38549041748047,1,1,240.676,Anthropogenic
30.87393747001323,77.0524505796411,1423.8839111328125,18.88817596435547,26.528194427490234,,1,0,1150.6,Anthropogenic
30.873959194763437,77.05023450833144,1457.412353515625,32.750850677490234,45.687461853027344,,1,0,546.736,Anthropogenic
30.874891071558423,77.04855512429477,1464.0576171875,27.413475036621094,38.17954635620117,,1,0,620.241,Natural
30.875424004923854,77.05014698896436,1525.189453125,38.29939270019531,54.88627624511719,124.38549041748047,1,1,1010.87,Natural
30.875802510740765,77.04969884752603,1497.3770751953125,33.80447006225586,48.38576889038086,124.38549041748047,1,1,300.18,Natural
30.87360501060658,77.0526343275158,1413.916259765625,15.251178741455078,22.84305191040039,,1,0,301.02,Anthropogenic
30.874773417197627,77.05029323355839,1485.824951171875,36.85550308227539,51.87979507446289,,1,0,297.1,Anthropogenic
30.875030817033473,77.04953786531114,1453.220458984375,32.349239349365234,44.20405960083008,124.38549041748047,1,1,239.696,Natural
30.874562876365857,77.04995261591468,1455.4371337890625,35.06834030151367,48.65073776245117,,1,0,315.161,Anthropogenic
30.875383379968383,77.0479322975012,1469.234619140625,34.25136184692383,47.36787033081055,124.38549041748047,1,1,381.245,Natural
30.870133738742243,77.05525671641253,1526.8963623046875,30.820009231567383,43.507713317871094,,1,0,379.005,Anthropogenic
30.869403465059317,77.04333908341412,1295.033447265625,27.19658851623535,36.193115234375,,1,0,589.579,Natural
30.870505795097433,77.04401868074638,1376.2109375,35.595977783203125,49.70023727416992,,1,0,718.947,Natural
30.869672133191703,77.04393097113962,1328.3985595703125,32.44111251831055,44.35313034057617,,1,0,393.286,Natural
30.86985792412849,77.04372353767387,1316.9014892578125,31.442520141601562,42.395240783691406,,1,0,329.862,Natural
30.867986243753432,77.04540758940719,1329.8802490234375,31.87879180908203,43.490875244140625,,1,0,392.586,Natural
30.867687669028854,77.04532478920531,1307.89013671875,29.947145462036133,39.57833480834961,,1,0,242.496,Anthropogenic
30.867666384352344,77.04555337070359,1310.853759765625,28.64618682861328,37.49211883544922,,1,0,290.799,Anthropogenic
30.862148540643542,77.05406195853979,1379.433837890625,27.683902740478516,38.539306640625,,1,0,870.087,Natural
30.859416471884778,77.0572378774068,1287.380615234375,13.398921966552734,25.6281795501709,,1,0,701.578,Anthropogenic
30.859748329217506,77.05761544174568,1296.9898681640625,15.744868278503418,29.869606018066406,,1,0,657.387,Anthropogenic
30.85876435916186,77.05633436310059,1263.9874267578125,12.410924911499023,18.11379623413086,,1,0,698.296,Anthropogenic
30.908090668218442,77.04179625665137,1426.5452880859375,32.15995407104492,44.135459899902344,124.38549041748047,1,1,1157.04,Anthropogenic
30.893860500652575,77.0498453490252,1508.335693359375,36.02779006958008,50.07794952392578,124.38549041748047,1,1,1164.32,Anthropogenic
30.895804504706764,77.05214593319229,1536.176025390625,32.98557662963867,44.9581413269043,124.38549041748047,1,1,406.377,Natural
30.891729648618295,77.04198491897564,1548.289794921875,27.10597038269043,37.6908073425293,124.38549041748047,1,1,334.762,Anthropogenic
30.893156847579856,77.0310931133327,1380.9385986328125,26.7807674407959,36.00345230102539,124.38549041748047,1,1,945.937,Anthropogenic
30.89016151992128,77.02728268050079,1296.3206787109375,31.65471649169922,42.68134307861328,124.38549041748047,1,1,211.773,Anthropogenic
30.890417789326953,77.027062745177,1316.267578125,32.59299087524414,45.38656997680664,124.38549041748047,1,1,367.393,Anthropogenic
30.89025092927759,77.02687763457352,1295.7457275390625,31.773887634277344,42.34733963012695,124.38549041748047,1,1,689.214,Anthropogenic
30.8907330851786,77.0276353772459,1321.13623046875,31.644655227661133,42.99202346801758,124.38549041748047,1,1,369.834,Anthropogenic
30.88932596518251,77.0257197763521,1255.3856201171875,29.593263626098633,39.6456184387207,124.38549041748047,1,1,344.633,Anthropogenic
30.89120818248639,77.02208735134354,1273.053466796875,19.94644546508789,27.782453536987305,124.38549041748047,1,1,607.29,Natural
30.895759226478614,77.02520658227104,1443.5509033203125,23.416851043701172,31.186643600463867,124.38549041748047,1,1,442.289,Anthropogenic
30.895440154383827,77.02547725058851,1423.5936279296875,16.86037254333496,26.11864471435547,124.38549041748047,1,1,404.627,Anthropogenic
30.89446490991025,77.02319975074936,1377.1241455078125,30.418777465820312,40.47052764892578,124.38549041748047,1,1,324.961,Anthropogenic
30.89367021707046,77.02313053737444,1339.192626953125,30.10586929321289,40.17255401611328,124.38549041748047,1,1,319.781,Anthropogenic
30.894493779103247,77.02705988879865,1370.3802490234375,35.78084945678711,49.99401092529297,124.38549041748047,1,1,144.91,Anthropogenic
30.889985163054643,77.03872495180873,1562.658447265625,30.9186954498291,41.977333068847656,124.38549041748047,1,1,161.886,Natural
30.888348635224947,77.03531461210787,1438.3035888671875,29.230457305908203,41.68827819824219,124.38549041748047,1,1,588.476,Anthropogenic
30.888543434114133,77.0359470217397,1436.719970703125,28.39453125,40.9093017578125,124.38549041748047,1,1,1349.12,Anthropogenic
30.88838481632952,77.03486151994737,1430.2987060546875,32.880306243896484,45.63095474243164,124.38549041748047,1,1,515.628,Anthropogenic
30.88824545246684,77.03682641682911,1444.1082763671875,38.766334533691406,55.51594161987305,124.38549041748047,1,1,514.096,Anthropogenic
30.884831754180485,77.03455770486434,1299.0238037109375,30.876956939697266,41.242210388183594,124.38549041748047,1,1,791.49,Anthropogenic
30.88524276756593,77.03431016707107,1340.7652587890625,30.14565086364746,40.61621856689453,124.38549041748047,1,1,478.657,Anthropogenic
30.88585402355727,77.03372313509321,1345.4461669921875,31.178495407104492,41.86973190307617,124.38549041748047,1,1,418.059,Anthropogenic
30.88466698071954,77.0259902156647,1247.406494140625,38.1086540222168,54.186279296875,124.38549041748047,1,1,858.65,Anthropogenic
30.88282823111554,77.02605965353216,1239.4547119140625,30.64832305908203,41.01095199584961,124.38549041748047,1,1,769.176,Natural
30.883153503225664,77.02607914376085,1240.189697265625,28.161968231201172,37.55717086791992,124.38549041748047,1,1,90.7872,Anthropogenic
30.883065162139204,77.02580697506886,1258.262939453125,32.053775787353516,43.72623062133789,124.38549041748047,1,1,398.696,Natural
30.883672674133898,77.02729295461417,1207.307861328125,21.479225158691406,28.064058303833008,124.38549041748047,1,1,432.996,Anthropogenic
30.88291667149788,77.03731131691758,1350.85791015625,31.457252502441406,42.118011474609375,124.38549041748047,1,1,1939.78,Natural
30.878399258759217,77.04178777456647,1494.180908203125,37.80327224731445,53.193023681640625,124.38549041748047,1,1,495.843,Natural
30.87508707158876,77.03950875949992,1349.2679443359375,29.864070892333984,39.86833572387695,124.38549041748047,1,1,1942.63,Natural
30.87414973921646,77.04375412505517,1354.63623046875,29.590009689331055,39.57094192504883,,1,0,676.035,Natural
30.878647592870614,77.03168928748266,1230.02392578125,23.398181915283203,31.339263916015625,124.38549041748047,1,1,517.334,Natural
30.89898193049389,77.09768544926561,1377.896728515625,15.347761154174805,22.672374725341797,124.38549041748047,1,1,1044.92,Anthropogenic
30.899254576149136,77.09810946892202,1360.6832275390625,0.5028070211410522,18.182039260864258,124.38549041748047,1,1,5135.16,Anthropogenic
30.90123427132098,77.09900133559506,1424.1435546875,10.59660530090332,22.348726272583008,124.38549041748047,1,1,1633.07,Anthropogenic
30.901639472125225,77.09913245658446,1427.8673095703125,16.700733184814453,24.448015213012695,124.38549041748047,1,1,792.032,Anthropogenic
30.899804839972226,77.09716808067323,1389.4757080078125,22.863258361816406,30.137451171875,124.38549041748047,1,1,448.59,Anthropogenic
30.901332513581714,77.10027167250209,1391.99072265625,17.70256996154785,23.155418395996094,124.38549041748047,1,1,417.718,Anthropogenic
30.902919304212556,77.09973899499057,1436.119140625,12.12479019165039,17.152307510375977,124.38549041748047,1,1,569.698,Anthropogenic
30.903241984504625,77.1045342403381,1453.0780029296875,12.62370777130127,15.663238525390625,124.38549041748047,1,1,1193.93,Anthropogenic
30.904073716022136,77.1004534115147,1436.653564453125,29.13222885131836,39.984500885009766,124.38549041748047,1,1,552.896,Anthropogenic
30.906640096731966,77.1140533000231,1527.98046875,24.0119571685791,31.906875610351562,124.38549041748047,1,1,708.141,Anthropogenic
30.8715811979646,77.03069282391166,1219.31591796875,33.87101364135742,46.4097785949707,,1,0,498.678,Natural
30.870551441630244,77.03522206762773,1154.71826171875,14.071152687072754,27.85085678100586,,1,0,296.12,Natural
30.871388779804413,77.03515660280912,1188.2939453125,21.523147583007812,28.368240356445312,,1,0,1168.73,Natural
30.876311204123965,77.03476124284269,1284.810791015625,15.411886215209961,20.032184600830078,124.38549041748047,1,1,263.637,Natural
30.901829379264566,77.14442044591435,1324.25341796875,34.58979797363281,46.44474411010742,100.44458770751953,1,1,754.37,Anthropogenic
30.90352973708329,77.14557889106825,1289.5078125,23.259727478027344,30.86820411682129,100.44458770751953,1,1,823.814,Anthropogenic
30.904068262242085,77.14448246518015,1297.9364013671875,19.148088455200195,28.502887725830078,100.44458770751953,1,1,187.122,Natural
30.903327591000753,77.14670341168315,1323.53662109375,16.79439926147461,26.157197952270508,100.44458770751953,1,1,476.319,Anthropogenic
30.903039786458415,77.1427034526941,1372.0379638671875,17.634275436401367,22.858163833618164,100.44458770751953,1,1,149.963,Anthropogenic
30.904646349428738,77.1433478679667,1341.3780517578125,13.991236686706543,19.613218307495117,100.44458770751953,1,1,333.835,Anthropogenic
30.90355957342955,77.14406503976225,1318.809814453125,17.154447555541992,24.215763092041016,100.44458770751953,1,1,286.447,Anthropogenic
30.906768251788673,77.1344328366102,1489.4171142578125,36.22568130493164,51.39759063720703,100.44458770751953,1,1,885.978,Natural
30.896249369865078,77.14147965575617,1385.0150146484375,36.660972595214844,50.44769287109375,100.44458770751953,1,1,255.517,Anthropogenic
30.89687914971774,77.1417506611482,1404.741455078125,30.251127243041992,41.63129806518555,100.44458770751953,1,1,307.18,Anthropogenic
30.897110046717746,77.14303279903008,1356.24169921875,33.073848724365234,45.022029876708984,100.44458770751953,1,1,191.253,Natural
30.871975514471558,77.1265106802639,1310.0777587890625,25.872055053710938,35.4622802734375,169.64889526367188,1,1,1843.5,Natural
30.872176115439935,77.12728099385761,1309.7327880859375,19.895402908325195,26.189218521118164,169.64889526367188,1,1,2144.35,Natural
30.873200240883204,77.13673166111523,1443.486572265625,30.903932571411133,41.15676498413086,169.64889526367188,1,1,550.516,Anthropogenic
30.873326375416127,77.12726925232299,1377.3818359375,17.23768424987793,22.63671112060547,169.64889526367188,1,1,607.5,Anthropogenic
30.87148195651337,77.1313214364266,1344.3243408203125,29.136255264282227,38.80841827392578,169.64889526367188,1,1,674.505,Anthropogenic
30.870372400424625,77.12583642614767,1266.85009765625,19.363874435424805,25.366100311279297,169.64889526367188,1,1,484.012,Anthropogenic
30.87594862150579,77.13305833157436,1583.016357421875,24.9376220703125,31.714839935302734,100.44458770751953,1,1,399.464,Anthropogenic
30.874528111766992,77.13889654622643,1533.8311767578125,29.25577735900879,39.3054313659668,169.64889526367188,1,1,408.818,Anthropogenic
30.872049898758387,77.1380992320618,1442.67919921875,19.54070281982422,28.251161575317383,169.64889526367188,1,1,862.369,Anthropogenic
30.90404517248528,77.1819803975506,1021.4171752929688,16.916603088378906,25.63941192626953,100.44458770751953,1,1,536.165,Natural
30.910205964049513,77.17667419435242,1098.121337890625,27.459909439086914,36.649051666259766,100.44458770751953,1,1,701.236,Natural
30.897295374584704,77.18545011669465,1230.28076171875,34.33585739135742,48.3072509765625,100.44458770751953,1,1,2344.07,Anthropogenic
30.898742277946848,77.18685228284276,1122.4215087890625,25.65268898010254,34.232730865478516,100.44458770751953,1,1,293.599,Natural
30.89577980857137,77.19041047650617,1177.3310546875,37.45412826538086,54.089725494384766,100.44458770751953,1,1,669.664,Anthropogenic
30.906908702437597,77.17896970612723,1094.1761474609375,33.519527435302734,46.78327178955078,100.44458770751953,1,1,1219.76,Natural
30.907348535311776,77.18706222649783,1017.0098266601562,38.495731353759766,55.64615249633789,100.44458770751953,1,1,872.433,Natural
30.90815844176728,77.1897640328367,1065.3096923828125,49.304962158203125,81.03952026367188,100.44458770751953,1,1,1411.25,Natural
30.907589778683946,77.18997271160802,1047.4239501953125,52.55603790283203,89.8362808227539,100.44458770751953,1,1,1286.12,Natural
30.907265952249883,77.19023747560477,1045.6717529296875,49.8756217956543,82.11576843261719,100.44458770751953,1,1,1767.18,Natural
30.91003218005079,77.18840258668057,1086.6103515625,46.49443054199219,72.77412414550781,100.44458770751953,1,1,1630.83,Anthropogenic
30.910105041893193,77.18877255393068,1067.6571044921875,48.73564910888672,78.6178970336914,100.44458770751953,1,1,1563.06,Anthropogenic
30.905947410540378,77.19359172877648,1089.8388671875,23.920032501220703,31.189786911010742,100.44458770751953,1,1,570.319,Anthropogenic
30.90489759772971,77.19359026852408,1087.94482421875,29.277206420898438,39.46392822265625,100.44458770751953,1,1,446.717,Anthropogenic
30.90242253690807,77.19444055300274,1004.9303588867188,35.71998596191406,50.729190826416016,100.44458770751953,1,1,450.655,Anthropogenic
30.903003042012287,77.19433239020188,1045.410400390625,38.1596794128418,54.23133087158203,100.44458770751953,1,1,411.933,Anthropogenic
30.902530341693563,77.19996906204396,1123.0938720703125,17.378185272216797,24.203126907348633,100.44458770751953,1,1,531.379,Anthropogenic
30.897047685694634,77.20972608013447,1001.1700439453125,14.796822547912598,20.864961624145508,100.44458770751953,1,1,739.669,Natural
30.900390836640078,77.20277033971759,1085.1409912109375,28.190196990966797,37.751365661621094,100.44458770751953,1,1,1230.33,Natural
30.901661190661926,77.20215636211006,1075.2508544921875,17.957006454467773,38.581146240234375,100.44458770751953,1,1,845.962,Natural
30.90198125566957,77.20326441472835,1102.072509765625,24.20107078552246,32.96084213256836,100.44458770751953,1,1,449.78,Natural
30.90193836260494,77.20274499106777,1101.83349609375,28.537872314453125,38.07089614868164,100.44458770751953,1,1,353.523,Natural
30.9016612528556,77.2033341602713,1094.2242431640625,21.60245704650879,31.330080032348633,100.44458770751953,1,1,321.802,Natural
30.899530210363597,77.20334829523036,1050.937255859375,17.482542037963867,23.388988494873047,100.44458770751953,1,1,634.854,Anthropogenic
30.899372546721477,77.20150061649518,1081.13427734375,17.78471565246582,26.597126007080078,100.44458770751953,1,1,536.192,Natural
30.902878382644996,77.20159406399104,1108.8631591796875,24.58003044128418,31.31853675842285,100.44458770751953,1,1,366.43,Anthropogenic
30.902692221377528,77.20126419199336,1104.33740234375,11.20765209197998,29.94707489013672,100.44458770751953,1,1,975.908,Natural
30.90309530705133,77.20133466200501,1122.6690673828125,21.754013061523438,29.09481430053711,100.44458770751953,1,1,888.402,Anthropogenic
30.902923798012413,77.20060442346572,1133.4610595703125,16.616703033447266,22.16438102722168,100.44458770751953,1,1,143.649,Natural
30.90074124207176,77.20294823660142,1059.21923828125,21.11656379699707,32.392024993896484,100.44458770751953,1,1,285.881,Natural
30.901444474275557,77.20274494694638,1072.489013671875,12.438533782958984,27.33408546447754,100.44458770751953,1,1,381.49,Natural
30.90335145187383,77.20252360733964,1132.552001953125,15.815269470214844,21.89978790283203,100.44458770751953,1,1,414.095,Anthropogenic
30.903449465302707,77.20098213347957,1131.633544921875,19.188493728637695,23.47560691833496,100.44458770751953,1,1,661.622,Anthropogenic
30.902545447402737,77.20236086500378,1108.662841796875,18.612152099609375,26.503849029541016,100.44458770751953,1,1,111.99,Natural
30.90326901972557,77.20162089008389,1140.3551025390625,22.974437713623047,30.490633010864258,100.44458770751953,1,1,124.906,Anthropogenic
30.903101486499715,77.2021552600222,1125.505615234375,17.085121154785156,21.459762573242188,100.44458770751953,1,1,116.164,Anthropogenic
30.903324790034592,77.19852156330614,1144.8265380859375,15.793774604797363,22.896041870117188,100.44458770751953,1,1,210.985,Anthropogenic
30.90333330910825,77.19894124702563,1141.5218505859375,16.314624786376953,23.23263931274414,100.44458770751953,1,1,282.81,Anthropogenic
30.903046791599117,77.19898571814825,1133.7095947265625,9.348152160644531,22.8023681640625,100.44458770751953,1,1,377.159,Anthropogenic
30.902902157179867,77.19869579375681,1149.14892578125,15.393535614013672,20.971254348754883,100.44458770751953,1,1,655.637,Anthropogenic
30.89316687520596,77.20426599990728,984.260498046875,31.08371925354004,41.03877258300781,100.44458770751953,1,1,1652.11,Anthropogenic
30.89283947040782,77.20458116101277,970.0562133789062,36.47914123535156,51.1804313659668,100.44458770751953,1,1,1211.92,Anthropogenic
30.892712574945694,77.20488157068954,972.0813598632812,39.705711364746094,56.968929290771484,100.44458770751953,1,1,594.164,Anthropogenic
30.89232913475674,77.20501240607896,921.7338256835938,32.1834716796875,44.4647216796875,100.44458770751953,1,1,547.585,Anthropogenic
30.889595633263884,77.19967241872939,1101.572509765625,24.852764129638672,34.82411575317383,100.44458770751953,1,1,591.609,Anthropogenic
30.88992239284531,77.19580184900857,1132.83740234375,35.74909591674805,53.577388763427734,100.44458770751953,1,1,507.262,Anthropogenic
30.88955781129738,77.19575788999072,1161.0556640625,29.41802406311035,44.12745666503906,100.44458770751953,1,1,443.313,Anthropogenic
30.889500885939004,77.19765263756305,1155.4439697265625,19.787559509277344,26.350770950317383,100.44458770751953,1,1,1001.37,Anthropogenic
30.882900955679105,77.20218828354042,1157.762939453125,35.89134216308594,50.34659194946289,100.44458770751953,1,1,647.84,Anthropogenic
30.877066939370728,77.21054129238387,1015.7056274414062,24.197851181030273,35.738861083984375,100.44458770751953,1,1,505.293,Anthropogenic
30.876836230615368,77.21037257703355,1024.82568359375,18.658950805664062,35.22812271118164,100.44458770751953,1,1,341.483,Anthropogenic
30.87660907507295,77.21158588951643,987.716064453125,20.147512435913086,34.510833740234375,100.44458770751953,1,1,202.322,Anthropogenic
30.8757385126983,77.21083818652765,1024.2120361328125,24.832069396972656,32.33018112182617,100.44458770751953,1,1,314.706,Natural
30.8754832154938,77.20848858152635,1068.3526611328125,6.289201259613037,8.028749465942383,100.44458770751953,1,1,422.207,Natural
30.876987709729622,77.20655767377679,1089.33154296875,11.56375503540039,16.15007972717285,100.44458770751953,1,1,506.947,Anthropogenic
30.86459131592967,77.19344770037358,1086.7152099609375,32.27663040161133,44.460269927978516,169.64889526367188,1,1,938.762,Anthropogenic
30.865067843294334,77.19104229386886,1140.3433837890625,31.23984718322754,41.66615676879883,169.64889526367188,1,1,593.184,Anthropogenic
30.865327944899988,77.19882736491904,986.3436889648438,30.98777198791504,42.800567626953125,169.64889526367188,1,1,505.608,Anthropogenic
30.866842917460826,77.18780442194782,1199.8414306640625,26.29566764831543,39.204856872558594,169.64889526367188,1,1,404.347,Anthropogenic
30.859318242542678,77.17796678708142,1130.699462890625,35.64069747924805,51.373374938964844,169.64889526367188,1,1,985.534,Natural
30.859839667514184,77.17696518397179,1124.0662841796875,34.42116928100586,46.599674224853516,169.64889526367188,1,1,1072.82,Natural
30.858384825350402,77.17768545009775,1124.0789794921875,34.40589141845703,51.49515914916992,169.64889526367188,1,1,375.181,Natural
30.860159266570143,77.18287075847077,1012.9652099609375,14.776226043701172,29.385608673095703,169.64889526367188,1,1,537.504,Anthropogenic
30.85907612544261,77.17659112889577,1115.6737060546875,36.90644454956055,53.28224182128906,169.64889526367188,1,1,1665.84,Natural
30.861347253012294,77.17877791138088,1169.3587646484375,20.15631866455078,25.970775604248047,169.64889526367188,1,1,442.762,Anthropogenic
30.861311222310075,77.17929992116063,1161.427490234375,28.551464080810547,39.3114013671875,169.64889526367188,1,1,499.308,Anthropogenic
30.85711899647822,77.18429966087665,1045.20654296875,32.56904602050781,46.31951904296875,169.64889526367188,1,1,405.808,Natural
30.857458266388925,77.18437003171476,1010.6521606445312,35.1293830871582,48.86610794067383,169.64889526367188,1,1,514.315,Natural
30.856657736951206,77.17839288530861,1119.523193359375,20.821949005126953,25.712217330932617,169.64889526367188,1,1,491.152,Natural
30.853613064146618,77.18494659302725,986.0194702148438,20.204072952270508,27.87744903564453,169.64889526367188,1,1,3518.71,Natural
30.854863211989745,77.17956778398205,1106.656982421875,19.695844650268555,25.792564392089844,169.64889526367188,1,1,287.299,Anthropogenic
30.853023137554548,77.17877531193756,1107.783935546875,18.15007781982422,31.414810180664062,169.64889526367188,1,1,547.716,Anthropogenic
30.85369818319376,77.18105188142913,1095.3759765625,34.731170654296875,48.082340240478516,169.64889526367188,1,1,308.02,Natural
30.854663580403958,77.17585049645601,1145.460205078125,9.250473022460938,25.65653419494629,169.64889526367188,1,1,280.579,Anthropogenic
30.85302806016561,77.1805333305978,1113.5477294921875,24.740440368652344,34.926414489746094,169.64889526367188,1,1,386.776,Natural
30.852428736224784,77.18149670272251,1064.7642822265625,25.0460147857666,32.954315185546875,169.64889526367188,1,1,538.817,Anthropogenic
30.85323390337563,77.17986743407808,1128.8822021484375,18.324792861938477,26.42157745361328,169.64889526367188,1,1,770.27,Anthropogenic
30.850681617804845,77.18002728538252,989.5902099609375,39.71015548706055,56.98609924316406,169.64889526367188,1,1,288.113,Natural
30.85350796686013,77.18378333352085,986.056640625,13.767213821411133,30.492273330688477,169.64889526367188,1,1,201.482,Natural
30.853321223666253,77.18433357934177,979.800537109375,16.634279251098633,28.426851272583008,169.64889526367188,1,1,216.139,Natural
30.849177723769568,77.19986817705227,1461.99853515625,14.811065673828125,19.188190460205078,169.64889526367188,1,1,1357.67,Natural
30.844017486779673,77.19507809155368,1203.851318359375,16.75455665588379,24.96578598022461,169.64889526367188,1,1,997.846,Natural
30.84171102550869,77.2105285141502,1659.6376953125,32.757537841796875,46.47566604614258,169.64889526367188,1,1,631.617,Anthropogenic
30.840447062723538,77.21033915300087,1664.65185546875,17.624849319458008,22.358613967895508,169.64889526367188,1,1,701.866,Anthropogenic
30.834862432276648,77.20073337809899,1413.8306884765625,22.6042423248291,29.13787078857422,169.64889526367188,1,1,967.744,Anthropogenic
30.831629263978655,77.22469614734563,1427.625244140625,20.268924713134766,25.968143463134766,169.64889526367188,1,1,434.414,Anthropogenic
30.916389898994677,76.94406024319007,1138.9859619140625,37.830379486083984,54.27278137207031,124.38549041748047,1,1,1529.74,Natural
30.91592732166756,76.94440762330812,1157.539306640625,38.22365951538086,55.380523681640625,124.38549041748047,1,1,317.541,Natural
30.918497305101166,76.94727203710222,1038.7333984375,38.76144027709961,55.606536865234375,124.38549041748047,1,1,1128.4,Anthropogenic
30.919261710486758,76.94601136550028,1042.65380859375,25.473371505737305,36.16600036621094,124.38549041748047,1,1,697.456,Natural
30.91456540534648,76.95055191616999,1145.057861328125,24.9830265045166,35.46445846557617,124.38549041748047,1,1,502.493,Natural
30.915276837337654,76.94984344590445,1107.6590576171875,15.352081298828125,26.461837768554688,124.38549041748047,1,1,328.182,Natural
30.916293264304166,76.94916481011865,1069.4498291015625,33.65231704711914,45.73858642578125,124.38549041748047,1,1,364.584,Anthropogenic
30.918644441004126,76.9477854328179,1047.87353515625,35.514007568359375,53.74879837036133,124.38549041748047,1,1,277.218,Anthropogenic
30.919198605141023,76.9483485439322,1050.814208984375,36.141326904296875,50.76057052612305,124.38549041748047,1,1,370.044,Anthropogenic
30.918974588959042,76.94818355921468,1048.341552734375,38.5761833190918,54.56147766113281,124.38549041748047,1,1,256.917,Anthropogenic
30.92012859317022,76.94163601937018,948.8955078125,11.007497787475586,18.13167953491211,124.38549041748047,1,1,398.186,Natural
30.922786209547215,76.94518152550995,1190.277099609375,39.10981750488281,56.039371490478516,124.38549041748047,1,1,2455.9,Anthropogenic
30.92085353810837,76.95062707885303,1042.1234130859375,27.674053192138672,43.798301696777344,124.38549041748047,1,1,828.505,Natural
30.922745235373,76.95113296458175,1220.0130615234375,35.20878982543945,48.74777603149414,124.38549041748047,1,1,476.311,Anthropogenic
30.92488770514101,76.95281703063773,1217.136474609375,28.66904640197754,39.615806579589844,124.38549041748047,1,1,473.091,Natural
30.925428261632483,76.95787524134681,1281.6854248046875,35.01212692260742,53.08771514892578,124.38549041748047,1,1,342.113,Anthropogenic
30.92503302930976,76.95814105182173,1239.5364990234375,33.120182037353516,48.484527587890625,124.38549041748047,1,1,730.218,Natural
30.925444100876746,76.95857724072417,1281.665283203125,35.68180847167969,50.50543212890625,124.38549041748047,1,1,337.545,Anthropogenic
30.924888563655852,76.95855620309537,1228.5753173828125,34.14815139770508,50.2833137512207,124.38549041748047,1,1,1322.54,Anthropogenic
30.927420134553486,76.953170457653,1296.7821044921875,18.06043815612793,30.24778175354004,124.38549041748047,1,1,365.897,Anthropogenic
30.92805505962597,76.95264653138331,1341.5103759765625,39.94502639770508,58.102970123291016,124.38549041748047,1,1,3167.22,Anthropogenic
30.928344566802352,76.95930624055335,1285.27294921875,39.837581634521484,57.44955825805664,124.38549041748047,1,1,1497.44,Anthropogenic
30.929672734343363,76.95905153790203,1317.86669921875,37.80825424194336,53.81694793701172,124.38549041748047,1,1,1299.07,Anthropogenic
30.930030294188086,76.96040991825701,1274.5999755859375,21.48697280883789,28.268835067749023,124.38549041748047,1,1,443.864,Anthropogenic
30.930702180678157,76.95780828259913,1433.0721435546875,34.67433166503906,48.514156341552734,124.38549041748047,1,1,333.782,Anthropogenic
30.928235586357886,76.96024389789726,1238.638427734375,19.629615783691406,30.554039001464844,124.38549041748047,1,1,375.158,Natural
30.93626073852151,76.94016610758612,1108.7935791015625,32.30911636352539,45.402889251708984,124.38549041748047,1,1,463.991,Anthropogenic
30.930781814473175,76.94476987115478,1379.9482421875,40.163787841796875,58.68761444091797,124.38549041748047,1,1,340.502,Natural
30.994910295170055,76.95328850644242,1141.65087890625,28.493194580078125,40.62763595581055,124.38549041748047,1,1,845.743,Natural
30.994377600975984,76.95401361962999,1099.1246337890625,30.05381965637207,43.224205017089844,124.38549041748047,1,1,1396.15,Natural
30.99187766858138,76.95391180294024,1125.632568359375,30.5224552154541,41.54045104980469,124.38549041748047,1,1,1693.67,Anthropogenic
30.990333108380796,76.94578247138823,1164.9833984375,31.195585250854492,44.214202880859375,124.38549041748047,1,1,548.224,Anthropogenic
31.000767730052534,76.96254617170071,933.9144287109375,24.61341667175293,33.17304229736328,124.38549041748047,1,1,2478.72,Natural
31.001404264245195,76.96204678853017,965.6493530273438,27.06875228881836,40.31668472290039,124.38549041748047,1,1,661.404,Natural
31.000173169003876,76.96173715808578,960.009521484375,16.327905654907227,21.463407516479492,124.38549041748047,1,1,328.803,Natural
31.000447572067337,76.96184519627948,940.2130737304688,18.44440460205078,22.662445068359375,124.38549041748047,1,1,430.091,Natural
31.0008131058847,76.96063436329112,980.1314086914062,15.166078567504883,18.635488510131836,124.38549041748047,1,1,898.466,Natural
31.00046843748697,76.960730514077,968.5764770507812,12.931628227233887,16.871562957763672,124.38549041748047,1,1,217.837,Natural
31.000012741684184,76.96151276713972,957.5936889648438,11.6345853805542,18.422157287597656,124.38549041748047,1,1,184.445,Natural
31.00202276405372,76.96147161045148,937.6181030273438,25.332895278930664,38.427188873291016,124.38549041748047,1,1,440.005,Natural
31.000834247318224,76.96376648211326,877.3941040039062,7.761524200439453,27.422622680664062,124.38549041748047,1,1,383.065,Natural
31.001704286627096,76.96270984811534,903.4296264648438,33.47053146362305,47.10153579711914,124.38549041748047,1,1,421.97,Natural
31.00186315082371,76.96883521072496,923.5921630859375,27.281269073486328,36.981197357177734,124.38549041748047,1,1,1556.73,Natural
31.00172974260245,76.96971416778489,929.38232421875,21.29114532470703,28.83058738708496,124.38549041748047,1,1,2065.14,Natural
31.000765489499823,76.97005337855889,949.3984375,10.65955924987793,13.496522903442383,124.38549041748047,1,1,475.366,Natural
31.001097693547816,76.97008809068552,943.815673828125,12.671525955200195,17.53367042541504,124.38549041748047,1,1,464.971,Natural
31.001243525704034,76.97182732184393,950.1050415039062,14.519875526428223,18.34815216064453,124.38549041748047,1,1,635.082,Natural
31.002052154208943,76.97310358733418,945.4991455078125,16.020204544067383,23.85204315185547,124.38549041748047,1,1,553.036,Anthropogenic
31.001889666478778,76.97285430845918,946.1732788085938,6.520697593688965,14.061663627624512,124.38549041748047,1,1,282.119,Anthropogenic
31.0021328863667,76.97151157417673,934.0579223632812,9.021665573120117,19.703256607055664,124.38549041748047,1,1,223.455,Natural
30.99068844670852,76.96390752143847,942.326904296875,22.370899200439453,28.57613754272461,124.38549041748047,1,1,2473.23,Natural
30.990537882870886,76.96314717376107,945.5433959960938,15.963822364807129,27.662857055664062,124.38549041748047,1,1,1573.84,Natural
30.989796960053066,76.96064173984634,974.8892822265625,20.052000045776367,27.728063583374023,124.38549041748047,1,1,795.112,Anthropogenic
30.990140198451982,76.95960282870162,998.0460205078125,12.686060905456543,15.621805191040039,124.38549041748047,1,1,751.01,Anthropogenic
30.990350361968208,76.9606828940301,995.1061401367188,19.863237380981445,26.116558074951172,124.38549041748047,1,1,615.236,Anthropogenic
30.990441516187634,76.96110300118872,985.7344970703125,23.878629684448242,31.435068130493164,124.38549041748047,1,1,630.357,Anthropogenic
30.99101566519701,76.96296408253563,978.2711791992188,22.263078689575195,28.36203384399414,124.38549041748047,1,1,456.465,Anthropogenic
30.99005138234961,76.96185962117424,952.2047729492188,14.228150367736816,26.98921012878418,124.38549041748047,1,1,795.112,Anthropogenic
30.990693898782286,76.96120886761462,985.7344970703125,8.189627647399902,18.212688446044922,124.38549041748047,1,1,243.826,Anthropogenic
30.99638051161881,76.9692987078398,906.91064453125,34.98546600341797,48.01662063598633,124.38549041748047,1,1,875.058,Anthropogenic
30.995745304343384,76.97045984328851,957.2838134765625,23.539098739624023,31.01957893371582,124.38549041748047,1,1,1243.46,Anthropogenic
30.976410463535746,76.9774092328464,943.6414184570312,33.254119873046875,45.72634506225586,124.38549041748047,1,1,8562.26,Natural
30.975422388435028,76.977778621756,932.5225219726562,37.80794143676758,54.67120361328125,124.38549041748047,1,1,3252.27,Anthropogenic
30.97451384724554,76.97627356267294,909.5543823242188,29.490171432495117,39.16422653198242,124.38549041748047,1,1,521.989,Anthropogenic
30.975482810979365,76.97633001671942,905.9146118164062,16.515769958496094,20.644866943359375,124.38549041748047,1,1,1393.37,Natural
30.975692904608827,76.97391091477044,981.6065673828125,6.199444770812988,8.646537780761719,124.38549041748047,1,1,627.276,Anthropogenic
30.974785674362714,76.9748651455147,954.4435424804688,26.68411636352539,37.03282165527344,124.38549041748047,1,1,458.434,Anthropogenic
30.97606732423373,76.97417761634175,976.8461303710938,17.546592712402344,24.818161010742188,124.38549041748047,1,1,155.857,Anthropogenic
30.97510240469193,76.97453353826671,969.583740234375,21.60891342163086,28.108522415161133,124.38549041748047,1,1,601.06,Natural
30.975288024322314,76.97414484477412,976.4345703125,12.877300262451172,16.857860565185547,124.38549041748047,1,1,481.982,Anthropogenic
30.978316156001338,76.97432621340711,944.4466552734375,26.608135223388672,34.73319625854492,124.38549041748047,1,1,629.167,Anthropogenic
30.964977694910793,76.97982357498641,958.4021606445312,37.38447570800781,52.41595458984375,124.38549041748047,1,1,1227.04,Anthropogenic
30.96619072511215,76.97572905306004,965.1600952148438,35.57515335083008,49.11060333251953,124.38549041748047,1,1,1763.0,Anthropogenic
30.964235779342335,76.97432828290822,951.5889282226562,25.780902862548828,34.441104888916016,124.38549041748047,1,1,931.901,Natural
30.96710377110035,76.9764639581653,978.68896484375,32.72909164428711,45.41535949707031,124.38549041748047,1,1,495.72,Anthropogenic
30.966847340860774,76.97632336531606,967.0465087890625,34.57261276245117,48.03862380981445,124.38549041748047,1,1,342.743,Anthropogenic
30.96550138762307,76.97920017377307,969.00341796875,36.45440673828125,51.72810745239258,124.38549041748047,1,1,5168.86,Anthropogenic
31.000428233989478,77.02752401332135,966.6185913085938,28.047779083251953,36.0582160949707,124.38549041748047,1,1,514.534,Natural
30.999525769375914,77.02606511697513,992.4248657226562,27.478229522705078,35.64705276489258,124.38549041748047,1,1,716.891,Natural
31.000888590311547,77.02655029977193,967.7164916992188,21.19777488708496,29.090065002441406,124.38549041748047,1,1,870.245,Anthropogenic
30.999076963832337,77.02658753080696,967.1693725585938,22.68509292602539,31.7635498046875,124.38549041748047,1,1,570.1,Natural
30.998457260492877,77.0264322943308,988.6724243164062,16.789674758911133,23.53194236755371,124.38549041748047,1,1,488.063,Natural
30.99867021519731,77.02654422385501,978.24462890625,20.077062606811523,25.386734008789062,124.38549041748047,1,1,520.397,Natural
30.998454689821212,77.02527626028281,1009.5546264648438,22.3125,28.830785751342773,124.38549041748047,1,1,348.255,Natural
30.99872531119983,77.02561993204348,1022.8900756835938,15.575172424316406,26.29720115661621,124.38549041748047,1,1,246.425,Natural
30.998788984589183,77.02482318950358,1041.6065673828125,20.205718994140625,27.680112838745117,124.38549041748047,1,1,606.494,Natural
30.998050262958436,77.02581712359387,985.3320922851562,30.726125717163086,41.08207321166992,124.38549041748047,1,1,2606.95,Natural
30.99670813354211,77.02555398928058,997.2985229492188,23.47359275817871,32.00685501098633,124.38549041748047,1,1,331.638,Natural
30.996939730245572,77.02585349844856,998.771484375,24.14727783203125,30.176305770874023,124.38549041748047,1,1,1385.66,Natural
30.99427574425767,77.02463625712284,1006.6655883789062,22.318443298339844,30.039339065551758,124.38549041748047,1,1,409.947,Natural
30.994414726818217,77.02498284278913,1010.3067626953125,13.261014938354492,25.801258087158203,124.38549041748047,1,1,477.712,Natural
30.995172125798202,77.02559963794008,998.54638671875,25.758176803588867,35.82497787475586,124.38549041748047,1,1,532.473,Natural
30.99586382064472,77.02512670585887,1035.33837890625,32.30036926269531,44.207496643066406,124.38549041748047,1,1,238.891,Natural
30.997004980655415,77.02468826652604,1010.20166015625,29.792428970336914,40.01316452026367,124.38549041748047,1,1,697.859,Natural
30.99737040799686,77.02346686054229,1026.8663330078125,19.191455841064453,31.223825454711914,124.38549041748047,1,1,1024.26,Natural
30.99467324764919,77.0232793857495,1052.3873291015625,24.015966415405273,31.39727783203125,124.38549041748047,1,1,391.151,Natural
30.994840697595947,77.02305612835457,1057.007568359375,16.18096351623535,22.3046817779541,124.38549041748047,1,1,168.886,Natural
30.996168214607952,77.02351699325584,1033.0391845703125,18.761985778808594,25.90198516845703,124.38549041748047,1,1,493.008,Anthropogenic
30.996384414752907,77.02414517434144,1030.0390625,14.763500213623047,24.796070098876953,124.38549041748047,1,1,528.369,Natural
30.996609159991653,77.02403843392533,1042.4248046875,17.385976791381836,32.81997299194336,124.38549041748047,1,1,340.301,Natural
30.996539373947073,77.02382238697798,1048.8450927734375,19.795522689819336,24.505483627319336,124.38549041748047,1,1,269.107,Natural
30.99660100832322,77.02360261313267,1052.292236328125,12.622265815734863,23.075176239013672,124.38549041748047,1,1,228.941,Anthropogenic
30.996197349164873,77.02375980986012,1028.1297607421875,6.4453630447387695,25.6009521484375,124.38549041748047,1,1,175.388,Natural
30.99660934924074,77.02460679067173,1016.13623046875,20.740022659301758,28.7982234954834,124.38549041748047,1,1,323.92,Natural
30.996806999367173,77.02412234190155,1035.6416015625,28.903400421142578,44.610652923583984,124.38549041748047,1,1,230.989,Natural
30.996887636122985,77.0200268341218,1125.0582275390625,27.8109188079834,36.718143463134766,124.38549041748047,1,1,501.671,Anthropogenic
30.99655157164649,77.01971042133007,1115.7025146484375,17.23118019104004,22.679222106933594,124.38549041748047,1,1,365.975,Anthropogenic
30.997153494353967,77.01888687797805,1150.3692626953125,5.590437889099121,25.272960662841797,124.38549041748047,1,1,259.507,Anthropogenic
30.996620762999076,77.01877187870564,1131.3631591796875,16.449254989624023,20.186317443847656,124.38549041748047,1,1,171.231,Anthropogenic
30.996925265142828,77.01843760719859,1146.1878662109375,11.288074493408203,17.044414520263672,124.38549041748047,1,1,106.407,Anthropogenic
30.99726443525297,77.01811486936488,1139.5572509765625,12.16629409790039,16.159563064575195,124.38549041748047,1,1,307.53,Anthropogenic
30.995734524960806,77.02260104298996,1057.952880859375,6.7390031814575195,15.554140090942383,124.38549041748047,1,1,234.139,Anthropogenic
30.995845369185666,77.0217876354692,1066.5155029296875,10.773119926452637,14.963302612304688,124.38549041748047,1,1,440.084,Anthropogenic
30.99595123088201,77.02127942511979,1070.17919921875,11.706513404846191,14.691401481628418,124.38549041748047,1,1,670.364,Anthropogenic
30.99573853919381,77.0220386546571,1065.114990234375,10.405911445617676,13.442499160766602,124.38549041748047,1,1,429.531,Anthropogenic
30.99597000362157,77.0233726093995,1039.5068359375,11.170404434204102,24.27431297302246,124.38549041748047,1,1,329.372,Anthropogenic
30.998184441195377,77.02249652022061,1061.8009033203125,21.057554244995117,28.459962844848633,124.38549041748047,1,1,417.84,Anthropogenic
30.999265918597956,77.02670027676545,967.1693725585938,14.436385154724121,26.34332847595215,124.38549041748047,1,1,195.313,Natural
30.999768944369194,77.02683002859239,952.717041015625,15.001834869384766,24.77621841430664,124.38549041748047,1,1,310.295,Natural
30.997277796856114,77.02604428071109,993.0487670898438,24.81687355041504,38.93034362792969,124.38549041748047,1,1,427.404,Natural
30.957211348931164,76.9901229572896,1055.6978759765625,32.695335388183594,43.38435363769531,124.38549041748047,1,1,605.4,Natural
30.957638506436528,76.99052833977923,1062.167236328125,34.307373046875,47.05241775512695,124.38549041748047,1,1,4488.7,Natural
30.958183454212197,76.9872346861523,1020.9851684570312,29.121112823486328,38.55282974243164,124.38549041748047,1,1,2530.01,Natural
30.960249407808337,76.98415915477521,987.2617797851562,29.95064353942871,40.56825637817383,124.38549041748047,1,1,828.68,Natural
30.961219322301005,76.98655244135641,1068.5283203125,25.353857040405273,33.591636657714844,124.38549041748047,1,1,1678.14,Natural
30.961076099881197,76.9870281596504,1074.8448486328125,22.30260467529297,32.52914810180664,124.38549041748047,1,1,634.198,Anthropogenic
30.942659495064742,77.0461564234011,1282.8978271484375,33.49298095703125,47.37420654296875,124.38549041748047,1,1,2161.17,Natural
30.943083879098907,77.04645220286679,1264.417236328125,33.092533111572266,44.68148422241211,124.38549041748047,1,1,574.257,Natural
30.944169161167828,77.04499721449946,1265.982421875,35.951168060302734,50.450416564941406,124.38549041748047,1,1,416.09,Natural
30.94502356463632,77.04244382694597,1314.6805419921875,25.931652069091797,34.847564697265625,124.38549041748047,1,1,902.185,Anthropogenic
30.945194843647975,77.0430613773119,1317.286865234375,23.120683670043945,32.56129837036133,124.38549041748047,1,1,289.425,Natural
30.944969790835216,77.04509964006623,1275.5770263671875,35.69375228881836,49.8604621887207,124.38549041748047,1,1,355.492,Natural
30.945538982073785,77.04352751625848,1319.08203125,16.119192123413086,21.478458404541016,124.38549041748047,1,1,264.267,Anthropogenic
30.945003862383086,77.04436943234248,1292.498046875,16.579259872436523,21.015857696533203,124.38549041748047,1,1,167.276,Natural
30.945724949219425,77.04496309189662,1340.27490234375,37.22136306762695,53.43500518798828,124.38549041748047,1,1,708.324,Anthropogenic
30.94573643844864,77.04089484578546,1397.6767578125,35.65622329711914,49.593257904052734,124.38549041748047,1,1,292.379,Anthropogenic
30.948030890025628,77.04941305281469,1235.197021484375,40.557491302490234,59.31163024902344,124.38549041748047,1,1,500.673,Natural
30.948254364588166,77.05069312066958,1183.050537109375,29.165430068969727,43.41170883178711,124.38549041748047,1,1,250.057,Natural
30.947530035451823,77.04143048732206,1403.101318359375,38.35728454589844,57.34666442871094,124.38549041748047,1,1,303.68,Anthropogenic
30.9478334651441,77.04095295160343,1452.5152587890625,22.922204971313477,33.43696975708008,124.38549041748047,1,1,292.479,Natural
30.94775604719096,77.04121653277588,1433.34716796875,39.36417770385742,57.03718566894531,124.38549041748047,1,1,168.851,Natural
30.947462983711905,77.04231361394147,1390.5364990234375,34.99593734741211,48.998775482177734,124.38549041748047,1,1,194.893,Anthropogenic
30.947687888901616,77.04209666523273,1414.8056640625,34.35096740722656,47.97398376464844,124.38549041748047,1,1,271.898,Anthropogenic
30.94722011557632,77.04217097330576,1372.9530029296875,26.059017181396484,36.96160888671875,124.38549041748047,1,1,150.51,Anthropogenic
30.94262817945216,77.04113035680616,1396.5416259765625,21.822708129882812,27.28526496887207,124.38549041748047,1,1,349.367,Natural
30.942407335709973,77.0408649362673,1410.541259765625,17.430877685546875,22.366674423217773,124.38549041748047,1,1,356.148,Natural
30.939648019868795,77.0615348685267,1188.604736328125,20.078432083129883,31.01071548461914,124.38549041748047,1,1,470.781,Natural
30.93976606205659,77.05827240586214,1263.5970458984375,12.755884170532227,20.025110244750977,124.38549041748047,1,1,330.553,Anthropogenic
30.94017945275728,77.05814580847093,1276.4342041015625,14.695761680603027,18.955368041992188,124.38549041748047,1,1,272.799,Anthropogenic
30.940117354934916,77.05864317752635,1254.5849609375,16.490400314331055,27.08806037902832,124.38549041748047,1,1,823.211,Anthropogenic
30.940293166716963,77.05916497453588,1234.5538330078125,14.62889575958252,40.853973388671875,124.38549041748047,1,1,388.088,Anthropogenic
30.94039851626275,77.05944714937856,1225.9378662109375,14.62889575958252,40.853973388671875,124.38549041748047,1,1,705.515,Anthropogenic
30.940575207484336,77.06021884056115,1204.7249755859375,14.682669639587402,31.374645233154297,124.38549041748047,1,1,316.552,Anthropogenic
30.9423460693674,77.05861502119451,1181.6705322265625,21.57331657409668,27.61436653137207,124.38549041748047,1,1,1021.19,Natural
30.941924047150575,77.05825950767074,1184.89306640625,13.280766487121582,28.10109519958496,124.38549041748047,1,1,951.844,Natural
30.942025155433665,77.05743316548413,1212.0299072265625,32.458587646484375,44.30480194091797,124.38549041748047,1,1,2926.19,Natural
30.942343391490027,77.05747714180883,1225.7176513671875,31.82611083984375,43.691959381103516,124.38549041748047,1,1,924.717,Anthropogenic
30.94270601036671,77.05868373378713,1188.5045166015625,16.965810775756836,25.23935890197754,124.38549041748047,1,1,362.274,Natural
30.940172039976357,77.05464995112114,1262.68701171875,39.428653717041016,57.754695892333984,124.38549041748047,1,1,300.136,Anthropogenic
30.939940996335537,77.05486736186415,1224.710205078125,27.232051849365234,38.99957275390625,124.38549041748047,1,1,836.695,Anthropogenic
30.939355995071164,77.05386890225833,1267.2869873046875,28.898151397705078,37.9047966003418,124.38549041748047,1,1,578.693,Anthropogenic
30.93221108367307,77.0583586240677,1423.5223388671875,17.892854690551758,22.443458557128906,124.38549041748047,1,1,868.276,Anthropogenic
30.935126726640092,77.05315341329253,1333.5098876953125,21.407310485839844,28.442943572998047,124.38549041748047,1,1,369.441,Natural
30.936018584305764,77.05158827680278,1321.9259033203125,32.938961029052734,44.72712326049805,124.38549041748047,1,1,505.687,Natural
30.936057255440364,77.05107635018518,1333.56689453125,25.849666595458984,35.99789047241211,124.38549041748047,1,1,370.779,Natural
30.935131229367634,77.05000351912007,1343.3271484375,27.070545196533203,34.98777389526367,124.38549041748047,1,1,347.389,Natural
30.934826611830673,77.05015431835625,1320.3521728515625,25.148595809936523,33.38182067871094,124.38549041748047,1,1,636.106,Natural
30.93714503630065,77.05269317479612,1270.6011962890625,20.134288787841797,33.70418930053711,124.38549041748047,1,1,804.889,Natural
30.937444857109398,77.05285455590673,1273.9788818359375,20.53670310974121,30.75035858154297,124.38549041748047,1,1,342.312,Anthropogenic
30.937772193455498,77.0528747766691,1269.3251953125,29.483949661254883,39.54499816894531,124.38549041748047,1,1,290.136,Anthropogenic
30.93810688723307,77.05295140682252,1248.8323974609375,17.855562210083008,39.67539978027344,124.38549041748047,1,1,467.491,Anthropogenic
30.944225050728445,77.05964559010111,1227.2554931640625,29.936206817626953,41.90135955810547,124.38549041748047,1,1,292.707,Natural
30.94419567831319,77.05990668044392,1207.1043701171875,33.42974090576172,46.453800201416016,124.38549041748047,1,1,371.024,Natural
30.946870615267596,77.05982220589516,1142.980712890625,37.20561981201172,52.58761215209961,124.38549041748047,1,1,1269.71,Natural
30.947156674137066,77.05851184913536,1167.639404296875,36.717323303222656,51.14574432373047,124.38549041748047,1,1,1254.4,Natural
30.946873431579753,77.05847482299058,1165.1165771484375,38.6221809387207,55.36703872680664,124.38549041748047,1,1,273.018,Natural
30.946974774598548,77.05911017627925,1123.7774658203125,19.99773406982422,38.013824462890625,124.38549041748047,1,1,812.491,Natural
30.945320837140862,77.05935945230979,1192.1346435546875,39.24120330810547,56.05327224731445,124.38549041748047,1,1,996.691,Natural
30.944763504045657,77.0584156089758,1255.2384033203125,29.758140563964844,41.021324157714844,124.38549041748047,1,1,891.684,Anthropogenic
30.938213753760866,77.06727368472703,1278.27197265625,39.227230072021484,56.916038513183594,124.38549041748047,1,1,664.388,Natural
30.93834164428174,77.06527695184052,1180.0650634765625,27.020872116088867,35.55498123168945,124.38549041748047,1,1,1010.91,Natural
30.94041732008459,77.06522977300611,1263.224365234375,33.96460723876953,47.39212417602539,124.38549041748047,1,1,338.21,Natural
30.917895664410388,77.03221036894904,1472.621337890625,38.11741638183594,55.0654182434082,124.38549041748047,1,1,597.883,Natural
30.917830633176987,77.03250298734689,1483.218994140625,40.92815399169922,60.20797348022461,124.38549041748047,1,1,1412.24,Natural
30.91170191381766,77.03755660447813,1408.4349365234375,32.97016906738281,45.31371307373047,124.38549041748047,1,1,1090.6,Natural
30.913790563008703,77.03496777129574,1445.0391845703125,33.62131118774414,47.544437408447266,124.38549041748047,1,1,426.538,Natural
30.913442102103485,77.03420283998378,1389.81494140625,30.151681900024414,40.23759460449219,124.38549041748047,1,1,1060.36,Anthropogenic
30.912790885273083,77.03622250034695,1439.257568359375,35.051639556884766,49.54300308227539,124.38549041748047,1,1,1419.48,Natural
30.912396891286285,77.03570375236329,1414.618408203125,30.143524169921875,43.54206085205078,124.38549041748047,1,1,327.307,Natural
30.912563453993926,77.04023497540099,1419.1651611328125,23.105234146118164,40.49924087524414,124.38549041748047,1,1,959.483,Natural
30.91247694082324,77.04068921666283,1425.6292724609375,21.924419403076172,40.91840744018555,124.38549041748047,1,1,296.12,Natural
30.913619781136568,77.04086847161904,1489.9638671875,12.512117385864258,22.79905128479004,124.38549041748047,1,1,591.819,Natural
30.91412451382485,77.04025792022203,1521.265869140625,19.9832706451416,27.563161849975586,124.38549041748047,1,1,429.268,Natural
30.91576390127733,77.0396555350604,1597.7298583984375,22.03927993774414,31.6739501953125,124.38549041748047,1,1,2019.85,Natural
30.916876517036584,77.03922637977294,1668.7183837890625,31.124134063720703,41.465641021728516,124.38549041748047,1,1,439.06,Natural
30.919744034137945,77.02935918449074,1424.695556640625,21.526214599609375,33.9769401550293,124.38549041748047,1,1,2768.26,Natural
30.983158678886934,77.15616505330644,1244.48193359375,35.88273620605469,52.75265884399414,100.44458770751953,1,1,1854.25,Anthropogenic
30.983553563417644,77.15359665324561,1235.41455078125,37.80946350097656,54.09208297729492,100.44458770751953,1,1,273.438,Natural
30.984059561932426,77.14774070462175,1275.8988037109375,36.1157112121582,49.908321380615234,100.44458770751953,1,1,214.494,Anthropogenic
30.985007515046146,77.14844652561736,1232.2642822265625,30.80414390563965,43.17420959472656,100.44458770751953,1,1,2205.77,Anthropogenic
30.98094871789604,77.15205465951469,1206.42822265625,24.521751403808594,42.50349426269531,100.44458770751953,1,1,490.094,Natural
30.982383196016308,77.1504453795185,1179.0501708984375,29.556049346923828,40.77719497680664,100.44458770751953,1,1,258.238,Natural
30.981580217709887,77.15198627847585,1263.11328125,42.32634353637695,63.52785873413086,100.44458770751953,1,1,245.401,Natural
30.98122131180073,77.15651251273255,1338.2342529296875,38.2545280456543,54.56785202026367,100.44458770751953,1,1,481.903,Natural
30.9795867432135,77.15902268828236,1300.668701171875,31.427257537841797,44.21796798706055,100.44458770751953,1,1,1084.07,Natural
30.97954372082045,77.1580979179879,1349.33251953125,20.90990447998047,27.276531219482422,100.44458770751953,1,1,442.21,Natural
30.97935275537256,77.15883550755322,1307.805908203125,34.65351104736328,52.2928352355957,100.44458770751953,1,1,221.381,Natural
30.97896369827737,77.15846144871229,1354.70654296875,22.133270263671875,28.775619506835938,100.44458770751953,1,1,334.395,Natural
30.977343740623045,77.15389775532549,1347.9437255859375,30.55510711669922,42.36095428466797,100.44458770751953,1,1,1230.47,Natural
30.96672367088995,77.17182846282677,1536.8914794921875,28.198326110839844,39.04264831542969,100.44458770751953,1,1,2972.85,Anthropogenic
30.967378192744484,77.16366536263689,1576.224609375,38.53621292114258,55.461143493652344,100.44458770751953,1,1,1303.87,Natural
30.966155700911468,77.17250446233658,1547.621337890625,22.058076858520508,29.065448760986328,100.44458770751953,1,1,397.066,Anthropogenic
30.964898170877024,77.17659277885312,1544.3668212890625,24.48061180114746,35.69845199584961,100.44458770751953,1,1,672.806,Natural
30.953113203950082,77.15834611249177,1558.5738525390625,38.73964309692383,56.02419662475586,100.44458770751953,1,1,345.263,Anthropogenic
30.952967960796688,77.16217858663529,1539.976806640625,30.776443481445312,43.171730041503906,100.44458770751953,1,1,402.597,Anthropogenic
30.953469806792423,77.16285369299882,1543.78125,21.708789825439453,35.60696029663086,100.44458770751953,1,1,226.894,Anthropogenic
30.94300249724469,77.18500024230784,1490.0654296875,26.147794723510742,35.184593200683594,100.44458770751953,1,1,194.053,Anthropogenic
30.9432623027862,77.18522704543734,1494.0531005859375,21.911226272583008,29.513641357421875,100.44458770751953,1,1,1071.39,Anthropogenic
30.943980056994857,77.18534751593276,1520.75537109375,16.8748722076416,22.18060874938965,100.44458770751953,1,1,1574.47,Anthropogenic
30.942443695484442,77.18342499628062,1456.195068359375,33.28186798095703,45.04252243041992,100.44458770751953,1,1,665.009,Anthropogenic
30.979689473990188,77.13160074546862,1244.106201171875,28.799053192138672,39.1761589050293,100.44458770751953,1,1,399.446,Natural
30.979765749250646,77.13196631728256,1224.4658203125,8.754548072814941,26.693431854248047,100.44458770751953,1,1,542.466,Natural
30.977351064067562,77.1318410740031,1299.1229248046875,35.89895248413086,51.401432037353516,100.44458770751953,1,1,1150.77,Anthropogenic
30.976536985212828,77.13586867681597,1193.2518310546875,31.991432189941406,43.932884216308594,100.44458770751953,1,1,296.12,Natural
30.98102093846955,77.12985553849232,1321.707275390625,27.03468132019043,37.93488311767578,100.44458770751953,1,1,540.996,Anthropogenic
30.9821672318897,77.12963783973117,1314.4727783203125,38.57523727416992,56.4666633605957,100.44458770751953,1,1,550.516,Anthropogenic
30.982378229785027,77.1298051241845,1318.9066162109375,37.13080596923828,53.49647903442383,100.44458770751953,1,1,657.483,Anthropogenic
30.982840385388094,77.12984292230405,1328.7530517578125,36.76387405395508,51.7347526550293,100.44458770751953,1,1,287.859,Anthropogenic
30.98326941389908,77.13024997562766,1314.3184814453125,16.11784553527832,27.43770408630371,100.44458770751953,1,1,241.796,Anthropogenic
30.980436813611906,77.13622119202743,1322.4432373046875,20.32082748413086,26.55674934387207,100.44458770751953,1,1,762.63,Anthropogenic
30.97432947825593,77.13849859055338,1144.1646728515625,39.98604965209961,58.009124755859375,100.44458770751953,1,1,580.898,Anthropogenic
30.972887904249944,77.13422932073193,1140.160888671875,35.461334228515625,49.107933044433594,100.44458770751953,1,1,516.354,Anthropogenic
30.910055209396443,77.2184222477586,1228.7579345703125,28.7564697265625,39.38815689086914,100.44458770751953,1,1,785.347,Anthropogenic
30.90987882755594,77.21935545200033,1237.9405517578125,27.49644660949707,36.99317932128906,100.44458770751953,1,1,962.704,Anthropogenic
30.909923452749045,77.22097271205793,1264.947021484375,32.30009460449219,44.84584045410156,100.44458770751953,1,1,451.11,Anthropogenic
30.906383240854993,77.22193905051893,1110.5809326171875,41.572113037109375,62.28657150268555,100.44458770751953,1,1,217.233,Natural
30.90760322942876,77.22021097989689,1132.3822021484375,40.74807357788086,59.13661193847656,100.44458770751953,1,1,342.804,Natural
30.984922944028174,77.20196206645853,1953.56494140625,32.7266960144043,45.33641052246094,100.44458770751953,1,1,403.62,Natural
30.98397766845475,77.19785105643298,1892.0001220703125,35.59765625,52.282440185546875,100.44458770751953,1,1,245.891,Anthropogenic
30.95771923608546,77.1514069472829,1413.885498046875,31.39536476135254,47.504703521728516,100.44458770751953,1,1,1131.89,Natural
30.95231142864455,77.15070819406031,1285.31005859375,18.489072799682617,26.96596336364746,100.44458770751953,1,1,463.151,Natural
30.953886548010175,77.15211960259084,1362.0081787109375,32.76271438598633,44.00550842285156,100.44458770751953,1,1,853.916,Anthropogenic
30.960027697501506,77.15276881337591,1516.324951171875,38.883174896240234,56.58263397216797,100.44458770751953,1,1,751.64,Anthropogenic
30.968450693049054,77.1284391997834,1193.1990966796875,40.7806510925293,59.654693603515625,100.44458770751953,1,1,375.82,Natural
30.970351912025553,77.13044203577493,1203.43017578125,25.24254035949707,36.957061767578125,100.44458770751953,1,1,493.253,Natural
30.974476452220063,77.13406341682034,1133.2852783203125,37.28268051147461,51.94498825073242,100.44458770751953,1,1,344.475,Natural
30.973329997577505,77.13476017806131,1136.8443603515625,30.394195556640625,40.17427444458008,100.44458770751953,1,1,274.856,Anthropogenic
30.97349972680803,77.13464834348534,1121.1827392578125,36.404205322265625,51.02812194824219,100.44458770751953,1,1,189.012,Anthropogenic
30.974013372986036,77.13351548541158,1185.1314697265625,37.14974594116211,51.217987060546875,100.44458770751953,1,1,184.13,Anthropogenic
30.974049570672868,77.13416758896824,1135.77294921875,37.3077507019043,54.866294860839844,100.44458770751953,1,1,300.057,Natural
30.973888708127006,77.13324426123879,1208.866943359375,33.05508804321289,45.41011428833008,100.44458770751953,1,1,546.797,Anthropogenic
30.988856376623644,77.14471144565898,1250.614013671875,10.737123489379883,14.107409477233887,100.44458770751953,1,1,323.334,Natural
30.987016493738647,77.14119381873087,1320.016845703125,18.081695556640625,24.96665382385254,100.44458770751953,1,1,1007.41,Anthropogenic
30.988107061475073,77.14174361502694,1267.3555908203125,23.25981330871582,34.078975677490234,100.44458770751953,1,1,367.629,Anthropogenic
30.98810943956637,77.1448466603111,1243.0107421875,39.5699348449707,57.2503776550293,100.44458770751953,1,1,687.612,Anthropogenic
30.987823004001275,77.14493396902805,1197.537353515625,31.59890365600586,55.96118927001953,100.44458770751953,1,1,659.732,Anthropogenic
30.987912971307278,77.14254991056501,1249.912841796875,28.274883270263672,40.54424285888672,100.44458770751953,1,1,286.984,Anthropogenic
30.988536776046022,77.14568560362999,1232.420654296875,19.0665283203125,25.707189559936523,100.44458770751953,1,1,125.461,Anthropogenic
30.98502430344825,77.14784501931501,1269.688232421875,26.09366226196289,34.46934509277344,100.44458770751953,1,1,362.589,Anthropogenic
30.991444136894003,77.14685671464557,1268.139404296875,24.126497268676758,31.70905876159668,100.44458770751953,1,1,1699.8,Anthropogenic
30.99160377745505,77.14652380953709,1301.4959716796875,24.594928741455078,32.88519287109375,100.44458770751953,1,1,661.963,Anthropogenic
30.95102347445864,77.22015562696296,1764.0670166015625,35.034576416015625,50.269996643066406,100.44458770751953,1,1,495.633,Anthropogenic
30.95275745269267,77.22121888083063,1729.71044921875,33.86805725097656,51.2008056640625,100.44458770751953,1,1,1096.88,Natural
30.94889337629088,77.2100582995451,1718.4326171875,34.03184509277344,48.202545166015625,100.44458770751953,1,1,412.607,Anthropogenic
30.949230747740295,77.2109233991917,1685.8192138671875,31.626171112060547,43.00151824951172,100.44458770751953,1,1,363.324,Anthropogenic
30.949004627775405,77.2121861676878,1657.374755859375,28.49658966064453,36.963829040527344,100.44458770751953,1,1,465.111,Anthropogenic
30.952640420226757,77.21275896985917,1731.151611328125,28.80166244506836,39.32398223876953,100.44458770751953,1,1,418.269,Anthropogenic
30.955891009970657,77.21040253568204,1889.3399658203125,26.845909118652344,40.81976318359375,100.44458770751953,1,1,282.731,Anthropogenic
30.953998175724948,77.21488184714988,1739.3798828125,22.92775535583496,35.283935546875,100.44458770751953,1,1,653.423,Anthropogenic
30.954638679226537,77.21539240812845,1779.64306640625,18.260452270507812,28.340545654296875,100.44458770751953,1,1,786.152,Anthropogenic
30.95488040040614,77.21562305697587,1786.9949951171875,23.487594604492188,35.275856018066406,100.44458770751953,1,1,866.937,Anthropogenic
31.050489899652508,77.19892167452166,1457.6336669921875,34.900882720947266,47.50520324707031,100.44458770751953,1,1,1865.62,Natural
31.051021647069348,77.19859040683566,1474.80615234375,24.756742477416992,33.053348541259766,100.44458770751953,1,1,535.535,Anthropogenic
31.04848544440262,77.19555334486273,1444.427978515625,42.53761291503906,63.82912063598633,100.44458770751953,1,1,1737.23,Natural
31.05038245044911,77.19095679151198,1572.921630859375,33.33135986328125,45.27924728393555,100.44458770751953,1,1,1085.07,Natural
31.05117176666258,77.19246820420614,1439.559814453125,13.437418937683105,29.395896911621094,100.44458770751953,1,1,466.406,Natural
30.991240907557263,77.13586680236443,1329.7679443359375,33.205562591552734,45.76851272583008,100.44458770751953,1,1,730.008,Natural
30.99093680058944,77.1372784280154,1291.4141845703125,22.21649169921875,31.249784469604492,100.44458770751953,1,1,399.866,Natural
30.99058427601464,77.13699118508718,1305.2725830078125,20.08514404296875,27.89995002746582,100.44458770751953,1,1,252.297,Natural
30.990748211096697,77.1371502423753,1291.4141845703125,22.564353942871094,30.55413055419922,100.44458770751953,1,1,208.474,Natural
31.042205512779457,77.1824394195477,1642.831298828125,30.488571166992188,40.426021575927734,100.44458770751953,1,1,1802.55,Anthropogenic
31.041171820293272,77.18259088816973,1586.6212158203125,39.63836669921875,56.43341064453125,100.44458770751953,1,1,398.816,Anthropogenic
31.03952025143362,77.17987445224554,1554.4395751953125,32.35861587524414,43.62255859375,100.44458770751953,1,1,886.539,Anthropogenic
31.03927016654203,77.1836265491128,1516.033203125,36.74469757080078,51.39909744262695,100.44458770751953,1,1,389.226,Anthropogenic
31.039036632782125,77.18580935560452,1449.5489501953125,22.813812255859375,29.047544479370117,100.44458770751953,1,1,750.87,Anthropogenic
31.039116730017334,77.18483304968751,1458.0531005859375,11.039008140563965,15.883506774902344,100.44458770751953,1,1,358.004,Anthropogenic
31.03836877499048,77.18559316456161,1434.4027099609375,27.174419403076172,37.17849349975586,100.44458770751953,1,1,209.034,Anthropogenic
31.03504922165806,77.18238756602449,1392.0872802734375,35.143131256103516,48.87599182128906,100.44458770751953,1,1,323.443,Anthropogenic
31.035324937135773,77.18287820009132,1406.2906494140625,30.709213256835938,41.69915771484375,100.44458770751953,1,1,302.661,Anthropogenic
31.035601752290404,77.18027503520538,1371.3402099609375,22.942781448364258,33.144466400146484,100.44458770751953,1,1,536.235,Anthropogenic
31.03645520897622,77.17243165749086,1419.260498046875,41.15781784057617,61.60484313964844,100.44458770751953,1,1,321.741,Anthropogenic
31.037726953430194,77.17695253231341,1340.9283447265625,28.05235481262207,39.406341552734375,100.44458770751953,1,1,400.394,Natural
31.037484522963215,77.17653567430996,1323.5582275390625,26.593507766723633,36.440670013427734,100.44458770751953,1,1,214.936,Natural
31.0381511949715,77.17646002178829,1357.049560546875,25.346426010131836,35.699920654296875,100.44458770751953,1,1,271.268,Natural
31.037188164895326,77.1744504735792,1264.4293212890625,12.830487251281738,23.915376663208008,100.44458770751953,1,1,1473.49,Anthropogenic
31.03811754244262,77.17419117459826,1264.23193359375,21.075849533081055,31.258779525756836,100.44458770751953,1,1,1056.03,Natural
31.038518575468345,77.17365012290726,1268.8275146484375,14.946361541748047,31.7551326751709,100.44458770751953,1,1,759.659,Natural
31.035712591258932,77.17260863127552,1440.205322265625,34.71726608276367,48.95895767211914,100.44458770751953,1,1,614.509,Anthropogenic
31.036544427495322,77.17203708200921,1418.2747802734375,38.021766662597656,55.07674026489258,100.44458770751953,1,1,339.577,Anthropogenic
31.03672744575311,77.17160743975566,1422.8475341796875,37.643524169921875,53.337711334228516,100.44458770751953,1,1,514.643,Anthropogenic
31.033934194493913,77.17917204548758,1302.59130859375,25.585351943969727,37.5248908996582,100.44458770751953,1,1,285.759,Natural
31.034571406320694,77.17972583815539,1317.5335693359375,26.50106430053711,34.478389739990234,100.44458770751953,1,1,578.518,Anthropogenic
31.03457130364043,77.17943704049847,1326.0255126953125,28.670005798339844,39.89554977416992,100.44458770751953,1,1,190.693,Natural
31.03589674723629,77.17952747803996,1404.390869140625,17.47124671936035,22.400575637817383,100.44458770751953,1,1,463.851,Anthropogenic
31.032408952068355,77.1813644120129,1326.1453857421875,40.80641555786133,60.37628173828125,100.44458770751953,1,1,390.766,Anthropogenic
31.022828629314013,77.1805186574855,1363.1280517578125,11.687627792358398,16.541051864624023,100.44458770751953,1,1,517.658,Natural
31.023664237502185,77.17933514709692,1328.9234619140625,27.689599990844727,37.201385498046875,100.44458770751953,1,1,452.212,Natural
30.948757388460557,77.002280675743,1271.2510986328125,30.963699340820312,42.479042053222656,124.38549041748047,1,1,1262.32,Anthropogenic
30.948903553248417,77.00267230824845,1264.0509033203125,33.0059700012207,44.65219497680664,124.38549041748047,1,1,820.734,Anthropogenic
30.949274747123287,77.00365215464251,1266.817626953125,26.865400314331055,38.53630447387695,124.38549041748047,1,1,682.965,Anthropogenic
30.94821825512327,77.00222812332875,1230.200439453125,29.586637496948242,39.10117721557617,124.38549041748047,1,1,222.335,Anthropogenic
30.94701769255841,77.00363661064115,1253.0509033203125,32.87697219848633,44.91238784790039,124.38549041748047,1,1,1224.59,Anthropogenic
30.936532218715918,76.99772788622353,1163.80615234375,32.77570724487305,47.01334762573242,124.38549041748047,1,1,555.382,Anthropogenic
30.93675324791091,76.99786577229631,1163.80615234375,31.763832092285156,42.983821868896484,124.38549041748047,1,1,495.843,Anthropogenic
30.938261659676005,76.99855107786794,1144.08447265625,32.63374328613281,43.92414093017578,124.38549041748047,1,1,475.051,Anthropogenic
30.937913422564954,76.99887718171215,1115.88427734375,19.825536727905273,28.966575622558594,124.38549041748047,1,1,781.007,Anthropogenic
30.938825594520758,76.99876037936976,1145.198486328125,23.184226989746094,32.467308044433594,124.38549041748047,1,1,660.887,Anthropogenic
30.938556048705724,76.99911964506178,1119.4351806640625,28.953306198120117,39.40420913696289,124.38549041748047,1,1,650.824,Anthropogenic
30.938291023604666,76.999247996914,1111.4423828125,20.12144660949707,31.233333587646484,124.38549041748047,1,1,427.903,Anthropogenic
30.938799841706977,76.99936864765094,1113.31787109375,34.847652435302734,48.13874053955078,124.38549041748047,1,1,825.179,Anthropogenic
30.938003451633346,76.99946510568827,1108.659912109375,27.195024490356445,37.11132049560547,124.38549041748047,1,1,336.897,Anthropogenic
30.9718258229095,77.09097745833138,1291.7813720703125,33.98114013671875,46.619510650634766,124.38549041748047,1,1,1208.75,Anthropogenic
30.971898591103134,77.09155033249698,1259.167724609375,14.073800086975098,36.63646697998047,124.38549041748047,1,1,402.877,Natural
31.050266479172766,77.20636694758663,1413.8365478515625,40.08475875854492,58.779273986816406,100.44458770751953,1,1,566.757,Natural
31.052055102648094,77.20472707554642,1455.71875,27.818124771118164,37.94001770019531,100.44458770751953,1,1,1206.32,Anthropogenic
31.053094929836664,77.20968574632859,1548.326904296875,19.653779983520508,26.222929000854492,100.44458770751953,1,1,1093.75,Anthropogenic
31.04623980755768,77.21535627014663,1462.92138671875,45.64729690551758,70.47563171386719,100.44458770751953,1,1,1408.77,Natural
31.045906197861566,77.21091697631464,1586.5146484375,18.449481964111328,31.30774688720703,100.44458770751953,1,1,694.306,Anthropogenic
31.067734097793835,77.04601280989358,1366.8138427734375,25.219619750976562,33.22985076904297,124.38549041748047,1,1,619.978,Anthropogenic
31.0677972737707,77.04473458424832,1395.121337890625,28.961307525634766,39.44192123413086,124.38549041748047,1,1,388.526,Anthropogenic
31.068172909046083,77.04474066076983,1411.452392578125,34.26020050048828,46.96588134765625,124.38549041748047,1,1,498.564,Anthropogenic
31.067722319787872,77.04389709297868,1428.9700927734375,29.709007263183594,39.71760559082031,124.38549041748047,1,1,554.349,Anthropogenic
31.067547913218405,77.04278228659327,1411.2587890625,37.09720993041992,52.51102066040039,124.38549041748047,1,1,362.038,Anthropogenic
31.067573508559356,77.04296825660765,1411.9801025390625,37.89313888549805,53.77157974243164,124.38549041748047,1,1,187.752,Anthropogenic
31.067808926675628,77.0429638821772,1437.1219482421875,36.20502853393555,50.29136276245117,124.38549041748047,1,1,114.073,Anthropogenic
31.067734683978163,77.04323722493933,1441.9151611328125,36.20502853393555,50.29136276245117,124.38549041748047,1,1,152.925,Anthropogenic
31.06866072988051,77.03675489651987,1465.2327880859375,29.07265281677246,42.22483444213867,124.38549041748047,1,1,603.86,Natural
31.0518711163322,77.02066632892688,1365.0682373046875,36.468292236328125,53.273193359375,124.38549041748047,1,1,1029.49,Anthropogenic
31.051361588003886,77.02114738897853,1320.9781494140625,33.15562438964844,45.095741271972656,124.38549041748047,1,1,249.496,Anthropogenic
31.053731050951324,77.02038047694141,1382.78466796875,38.19743728637695,54.536041259765625,124.38549041748047,1,1,239.556,Anthropogenic
31.053897486802942,77.02046046448355,1355.1802978515625,34.66802215576172,49.00608444213867,124.38549041748047,1,1,440.749,Anthropogenic
31.052738957952965,77.0164734681565,1355.56982421875,28.228914260864258,41.04715347290039,124.38549041748047,1,1,550.971,Natural
31.054455659376615,77.02615449323311,1330.3988037109375,30.328754425048828,40.297523498535156,124.38549041748047,1,1,484.502,Anthropogenic
31.05293897951153,77.03457227883062,1358.1114501953125,21.29890251159668,32.847042083740234,124.38549041748047,1,1,562.312,Natural
31.053429023069263,77.03405452317001,1384.6168212890625,38.73597717285156,55.742122650146484,124.38549041748047,1,1,396.926,Natural
31.053202044557704,77.03433450327996,1374.4864501953125,32.71405029296875,45.56853485107422,124.38549041748047,1,1,291.709,Natural
31.052851453590492,77.03162021604179,1445.7294921875,32.98274230957031,46.346614837646484,124.38549041748047,1,1,400.391,Natural
31.052341475937723,77.03710794595081,1276.1024169921875,12.241917610168457,23.499277114868164,124.38549041748047,1,1,1026.34,Natural
31.053481460473105,77.0328607402733,1464.27099609375,37.05796813964844,53.54425048828125,124.38549041748047,1,1,482.927,Natural
31.05424926777963,77.03397190242723,1428.909912109375,35.514381408691406,50.0517463684082,124.38549041748047,1,1,526.715,Anthropogenic
31.078949212622657,77.01306074652223,1048.4892578125,27.058706283569336,36.35527420043945,124.38549041748047,1,1,1506.85,Natural
31.07908586783517,77.00884113099836,1037.462646484375,31.839107513427734,43.10508346557617,124.38549041748047,1,1,2415.16,Natural
31.078778756778437,77.00944316831217,991.7445678710938,16.863967895507812,33.26449966430664,124.38549041748047,1,1,678.87,Natural
31.078569084836104,77.00886409251133,1025.6533203125,25.678329467773438,34.54589080810547,124.38549041748047,1,1,2288.0,Natural
31.078131273491458,77.00976743421927,1009.920166015625,20.020429611206055,28.195106506347656,124.38549041748047,1,1,535.22,Natural
31.0783841227857,77.00969630118597,998.5430908203125,19.50049591064453,32.47171401977539,124.38549041748047,1,1,257.897,Natural
31.078954222717933,77.00969180095758,978.9853515625,26.566970825195312,41.89280319213867,124.38549041748047,1,1,762.91,Natural
31.077764799308753,77.00961401128296,1013.7122802734375,18.184030532836914,23.3636531829834,124.38549041748047,1,1,2077.56,Natural
31.077868520510986,77.00805515546611,998.1724243164062,35.321250915527344,47.923988342285156,124.38549041748047,1,1,7129.83,Natural
31.078286803441646,77.00853103071483,1034.649658203125,12.401813507080078,21.795269012451172,124.38549041748047,1,1,1537.86,Natural
31.07744315891395,77.00717507149726,986.2213745117188,12.6947660446167,32.56116485595703,124.38549041748047,1,1,1389.59,Natural
31.07874803374901,77.00612157175247,986.4656372070312,29.5446834564209,39.64990234375,124.38549041748047,1,1,770.541,Natural
31.07880287784012,77.00764613033188,1023.8961791992188,35.72621536254883,50.371036529541016,124.38549041748047,1,1,1888.23,Natural
31.07897057030727,77.00710809956131,981.9169311523438,31.810075759887695,46.001861572265625,124.38549041748047,1,1,753.845,Natural
31.078367622743848,77.00705849011501,981.4788818359375,20.056598663330078,27.61627197265625,124.38549041748047,1,1,408.267,Natural
31.08007909264024,77.00966064211954,1008.63720703125,31.691303253173828,42.9400520324707,124.38549041748047,1,1,9025.89,Anthropogenic
31.075898027516615,77.00762504378788,1081.5172119140625,20.287145614624023,26.19822120666504,124.38549041748047,1,1,345.578,Natural
31.075501738900684,77.00854120068928,1050.374267578125,27.717960357666016,37.213836669921875,124.38549041748047,1,1,362.274,Natural
31.076213699544862,77.00863772788067,1030.2301025390625,34.39484405517578,47.27490997314453,124.38549041748047,1,1,568.613,Natural
31.07624594050974,77.0083206738262,1051.2393798828125,34.43857192993164,49.379920959472656,124.38549041748047,1,1,171.056,Natural
31.076445492199547,77.00827505846864,1032.603515625,33.28718948364258,45.39110565185547,124.38549041748047,1,1,208.859,Natural
31.076067691062608,77.00946882400638,1018.3157958984375,20.820236206054688,26.667638778686523,124.38549041748047,1,1,314.391,Natural
31.07831447145231,77.00578339651356,1004.0232543945312,29.535282135009766,40.70176315307617,124.38549041748047,1,1,583.103,Natural
31.07503419803812,77.01627000876496,1111.0802001953125,26.67146873474121,34.71029281616211,124.38549041748047,1,1,891.859,Natural
31.074669415101756,77.0140205090623,1022.3985595703125,20.75493621826172,39.76829147338867,124.38549041748047,1,1,458.67,Natural
31.075540596894065,77.01429830927252,1103.91064453125,21.259225845336914,28.22636604309082,124.38549041748047,1,1,315.301,Natural
31.075503541570246,77.0150631038203,1107.7728271484375,26.159961700439453,33.863067626953125,124.38549041748047,1,1,708.027,Natural
31.074659590670418,77.01540731137047,1072.9932861328125,38.57620620727539,55.545658111572266,124.38549041748047,1,1,213.374,Natural
31.07465636797535,77.01771967038358,1147.956787109375,22.43484115600586,29.403852462768555,124.38549041748047,1,1,246.416,Natural
31.073457810216357,77.01690536040586,1041.7430419921875,25.1843318939209,39.00425720214844,124.38549041748047,1,1,983.565,Natural
31.07312841345755,77.01625009959614,1068.3817138671875,19.1782169342041,31.213876724243164,124.38549041748047,1,1,889.899,Natural
31.074539566788786,77.0148217532067,1017.1591796875,40.226619720458984,60.12964630126953,124.38549041748047,1,1,656.503,Natural
31.07256492501215,77.01384682804154,1096.8289794921875,21.600765228271484,28.502817153930664,124.38549041748047,1,1,502.633,Natural
31.072894380687263,77.01400937798083,1098.04833984375,20.78759002685547,30.860855102539062,124.38549041748047,1,1,1283.88,Natural
31.07301901059276,77.01452268238047,1052.306640625,40.834739685058594,61.56986999511719,124.38549041748047,1,1,3694.14,Natural
31.074700459792147,77.01450718062948,1044.4639892578125,44.01571273803711,66.24401092529297,124.38549041748047,1,1,929.661,Natural
31.07100501774847,77.01350448785253,1107.5970458984375,34.39311599731445,46.99653625488281,124.38549041748047,1,1,1100.37,Natural
31.070959331992306,77.01575566679081,1118.8197021484375,18.76232147216797,32.102317810058594,124.38549041748047,1,1,2123.87,Natural
31.071691047356445,77.0144428975609,1107.057373046875,28.749919891357422,38.07209014892578,124.38549041748047,1,1,1074.54,Natural
31.071270905702406,77.018350642697,1116.582763671875,18.744422912597656,22.88301658630371,124.38549041748047,1,1,1451.62,Natural
31.071357850193433,77.01572880288762,1105.1708984375,19.40700912475586,34.941612243652344,124.38549041748047,1,1,687.375,Natural
31.071359423363724,77.01621449763134,1077.501220703125,31.854154586791992,45.88424301147461,124.38549041748047,1,1,613.24,Natural
31.070386331517632,77.01392426081121,1109.5418701171875,22.014833450317383,29.637081146240234,124.38549041748047,1,1,439.629,Natural
31.070280378952887,77.01595599569859,1139.0906982421875,23.250131607055664,33.69688034057617,124.38549041748047,1,1,345.963,Natural
31.07042504476182,77.01615764170374,1112.0228271484375,38.7765998840332,55.146820068359375,124.38549041748047,1,1,546.736,Natural
31.07050581735917,77.01687745787135,1064.8931884765625,29.492313385009766,41.667484283447266,124.38549041748047,1,1,481.352,Natural
31.070574337624258,77.0198483181489,1135.6337890625,21.459943771362305,28.939605712890625,124.38549041748047,1,1,908.94,Natural
31.069230227119757,77.01910278004394,1152.395751953125,27.95120620727539,36.56120300292969,124.38549041748047,1,1,469.696,Natural
31.070648619547587,77.02346506191066,1148.766845703125,13.584837913513184,25.248544692993164,124.38549041748047,1,1,335.602,Natural
31.070851804035954,77.0231429440305,1167.00341796875,22.75973892211914,35.7529182434082,124.38549041748047,1,1,561.017,Natural
31.071143366551375,77.02134059364253,1111.6343994140625,19.121938705444336,27.070201873779297,124.38549041748047,1,1,632.842,Natural
31.07112542271115,77.02163368259599,1116.43798828125,22.123138427734375,31.91678810119629,124.38549041748047,1,1,404.627,Natural
31.069765338218645,77.02261892073605,1152.9720458984375,16.94660758972168,23.683937072753906,124.38549041748047,1,1,287.159,Natural
31.070015152995815,77.0184305747771,1129.344970703125,28.267915725708008,38.128684997558594,124.38549041748047,1,1,232.485,Natural
31.07156830187913,77.0200876854814,1086.3961181640625,13.467978477478027,21.764511108398438,124.38549041748047,1,1,479.532,Natural
31.066498516439612,77.01788315632746,1151.31689453125,23.377031326293945,30.280038833618164,124.38549041748047,1,1,1453.47,Anthropogenic
31.072507858756985,77.01840388593095,1054.114990234375,6.914427757263184,37.17180633544922,124.38549041748047,1,1,256.392,Natural
31.072718683674527,77.01860251432646,1085.362060546875,30.117353439331055,41.04151153564453,124.38549041748047,1,1,444.092,Natural
31.072502844349838,77.01876443140097,1066.6212158203125,16.27090835571289,29.71142578125,124.38549041748047,1,1,250.267,Natural
31.07282734451696,77.01884552929943,1082.9202880859375,26.92194366455078,37.0433349609375,124.38549041748047,1,1,188.794,Natural
31.07363115749458,77.01928656333898,1118.027099609375,20.789918899536133,29.775373458862305,124.38549041748047,1,1,413.684,Natural
31.073886202837546,77.01906430232548,1128.82763671875,20.188417434692383,26.351892471313477,124.38549041748047,1,1,192.513,Natural
31.070431893125697,77.02118408751853,1127.813232421875,20.658754348754883,29.747751235961914,124.38549041748047,1,1,443.436,Natural
31.077107573071128,77.01043769054736,1003.8934936523438,14.105037689208984,31.550365447998047,124.38549041748047,1,1,433.154,Natural
31.076410408689295,77.01060043970463,1019.5940551757812,23.929323196411133,31.343639373779297,124.38549041748047,1,1,521.316,Natural
31.076488796940918,77.01255027059912,1075.2158203125,37.26689910888672,54.16005325317383,124.38549041748047,1,1,466.406,Natural
31.076513558386942,77.01091864575157,1004.0469360351562,4.658229827880859,27.813325881958008,124.38549041748047,1,1,501.627,Natural
31.075431872639545,77.00922913188118,1031.025146484375,24.941648483276367,31.7169189453125,124.38549041748047,1,1,206.514,Natural
31.075455754069363,77.01037267264607,1051.968505859375,19.348392486572266,27.0726375579834,124.38549041748047,1,1,213.295,Natural
31.075514448201627,77.01111588374032,1036.4779052734375,16.289077758789062,25.28919792175293,124.38549041748047,1,1,196.232,Natural
31.075354568475106,77.01172767939845,1030.2366943359375,26.546289443969727,35.21731185913086,124.38549041748047,1,1,323.115,Natural
31.07572982573117,77.01183426604716,1001.2733154296875,12.57465934753418,26.47679901123047,124.38549041748047,1,1,141.322,Natural
31.07536724198711,77.0120175639219,1016.022705078125,10.047660827636719,28.427906036376953,124.38549041748047,1,1,195.138,Natural
31.070634158843816,77.01236408060353,1076.6004638671875,30.34782600402832,40.3717155456543,124.38549041748047,1,1,2176.05,Natural
31.07101547305022,77.01243687659938,1071.419189453125,24.862098693847656,33.01245880126953,124.38549041748047,1,1,712.297,Natural
31.071379131542013,77.01231754165772,1085.0479736328125,19.300731658935547,25.676525115966797,124.38549041748047,1,1,3601.52,Natural
31.072134384947333,77.01242439638045,1056.5447998046875,13.171761512756348,19.74529266357422,124.38549041748047,1,1,2392.63,Natural
31.072716982201705,77.01010293647377,1088.224609375,13.59498405456543,21.828096389770508,124.38549041748047,1,1,476.906,Natural
31.072920439704205,77.01031291351507,1074.7176513671875,10.812178611755371,20.379779815673828,124.38549041748047,1,1,504.252,Natural
31.073011667770228,77.01148428280062,1053.0516357421875,23.933429718017578,31.238794326782227,124.38549041748047,1,1,354.617,Natural
31.072636799855985,77.01202334440673,1060.839599609375,16.36124610900879,21.38217544555664,124.38549041748047,1,1,308.895,Natural
31.074061292306602,77.00984963409681,1088.2373046875,31.999502182006836,49.06014633178711,124.38549041748047,1,1,644.042,Natural
31.073292862773087,77.01213611162319,1043.845703125,25.878414154052734,41.14303970336914,124.38549041748047,1,1,2106.92,Natural
31.073850509061984,77.01160497308611,1039.0931396484375,19.051433563232422,31.65433120727539,124.38549041748047,1,1,952.063,Natural
31.0737109517684,77.00256802216343,1111.39208984375,19.562623977661133,25.737998962402344,124.38549041748047,1,1,477.782,Natural
31.073328767332363,77.0037273364766,1116.845703125,18.311946868896484,24.480979919433594,124.38549041748047,1,1,409.746,Natural
31.074189004149805,77.00437599781925,1067.709716796875,18.920120239257812,30.74850082397461,124.38549041748047,1,1,754.3,Natural
31.074785768157632,77.00265187882175,1105.8839111328125,27.38915252685547,37.20781707763672,124.38549041748047,1,1,212.639,Natural
31.075056191316083,77.00283600704785,1113.962890625,25.16937255859375,33.624290466308594,124.38549041748047,1,1,217.014,Natural
31.07550693691412,77.00452657297802,1080.5252685546875,33.589847564697266,45.69411087036133,124.38549041748047,1,1,504.471,Natural
31.075512225265484,77.00249714402051,1131.833740234375,20.049049377441406,25.580121994018555,124.38549041748047,1,1,430.747,Anthropogenic
31.071191973798076,76.99861036199395,1131.6365966796875,27.01900863647461,36.149478912353516,124.38549041748047,1,1,1467.91,Anthropogenic
31.071789049594727,76.99784464503979,1126.622314453125,31.493555068969727,41.78352737426758,124.38549041748047,1,1,916.765,Anthropogenic
31.064042063790076,77.02069824895632,1180.683837890625,19.718029022216797,24.802108764648438,124.38549041748047,1,1,664.694,Natural
31.06418801472112,77.02343600350174,1197.633056640625,22.03439712524414,27.85153579711914,124.38549041748047,1,1,338.962,Natural
31.065856015997408,77.01951282845943,1145.9798583984375,28.653207778930664,40.91354751586914,124.38549041748047,1,1,531.755,Natural
30.957276774199006,77.0333550880353,1220.35302734375,27.160579681396484,37.2392578125,124.38549041748047,1,1,0.0,Anthropogenic
30.957422257846805,77.03503706599123,1292.935791015625,30.445287704467773,42.76536178588867,124.38549041748047,1,1,0.0,Anthropogenic
30.956876988278008,77.03051723013894,1187.82861328125,3.415980100631714,5.505099296569824,124.38549041748047,1,1,0.0,Anthropogenic
30.957287418106482,77.02946414714789,1180.256103515625,8.289996147155762,11.689386367797852,124.38549041748047,1,1,0.0,Anthropogenic
30.99657681904787,77.00151575362969,990.7333984375,29.475107192993164,46.481746673583984,124.38549041748047,1,1,0.0,Natural
30.99713187686474,76.99859776328033,937.9415283203125,17.015281677246094,29.8751277923584,124.38549041748047,1,1,0.0,Natural
30.997307338694608,76.99941110259758,970.0055541992188,32.63477325439453,47.935394287109375,124.38549041748047,1,1,0.0,Natural
30.997729925577175,76.99911791551436,981.7540283203125,25.896080017089844,35.361881256103516,124.38549041748047,1,1,0.0,Natural
31.054647036162276,77.00734025630084,1279.3038330078125,34.25990676879883,46.84467697143555,124.38549041748047,1,1,0.0,Natural
31.060773595042857,77.00384962207607,1088.2578125,17.444660186767578,25.736398696899414,124.38549041748047,1,1,0.0,Natural
31.060914750627422,77.00285332450709,1079.8349609375,13.587380409240723,22.61545753479004,124.38549041748047,1,1,0.0,Natural
31.06762127063264,77.00990588047978,1172.339111328125,25.10792350769043,32.88261795043945,124.38549041748047,1,1,0.0,Anthropogenic
31.08857242877257,76.99173585919213,1056.5521240234375,16.544105529785156,22.571897506713867,124.38549041748047,1,1,0.0,Natural
31.088492416057402,76.99506098636718,1030.964111328125,29.807437896728516,38.52287292480469,124.38549041748047,1,1,0.0,Natural
31.08572609683533,76.99629173003859,1051.1697998046875,26.29930305480957,35.47616195678711,124.38549041748047,1,1,0.0,Anthropogenic
31.085795687931398,76.99674029386279,1038.5550537109375,25.739015579223633,35.36589050292969,124.38549041748047,1,1,0.0,Natural
31.086176455896236,76.99688300001154,1016.7557373046875,28.765785217285156,42.733760833740234,124.38549041748047,1,1,0.0,Natural
31.086276156168353,76.99744765916412,1006.1859130859375,21.006561279296875,27.19914436340332,124.38549041748047,1,1,0.0,Natural
31.086162367310546,76.99863229462999,966.58349609375,22.730239868164062,30.829763412475586,124.38549041748047,1,1,0.0,Natural
31.0854993315274,76.99978999172062,978.1024169921875,26.757570266723633,36.07357406616211,124.38549041748047,1,1,0.0,Natural
31.085396113953664,76.99814092901963,1025.166259765625,32.531742095947266,44.83232879638672,124.38549041748047,1,1,0.0,Natural
31.083983760538057,76.99917711667634,1047.0401611328125,35.9086799621582,49.304500579833984,124.38549041748047,1,1,0.0,Natural
31.081335305091496,77.00297712583047,993.3260498046875,8.064996719360352,28.32048225402832,124.38549041748047,1,1,0.0,Natural
31.082107613464483,77.00341780642738,967.791259765625,31.13761329650879,41.818119049072266,124.38549041748047,1,1,0.0,Natural
31.08234680410027,77.00169439017638,1049.08837890625,31.166833877563477,41.635990142822266,124.38549041748047,1,1,0.0,Natural
31.085188442523428,77.00809378422784,1125.7322998046875,26.872865676879883,35.81801986694336,124.38549041748047,1,1,0.0,Anthropogenic
31.086356093926085,77.00351482548312,1019.6796875,22.645648956298828,34.73237609863281,124.38549041748047,1,1,0.0,Natural
31.086493243995736,77.00420923393398,1021.8672485351562,30.51978874206543,40.81114959716797,124.38549041748047,1,1,0.0,Natural
31.08635234565727,77.0049133254148,1040.0350341796875,25.38010025024414,34.898738861083984,124.38549041748047,1,1,0.0,Natural
31.08673983235618,77.0051253167695,1058.3265380859375,25.16437339782715,33.86503601074219,124.38549041748047,1,1,0.0,Natural
31.085774631044366,77.00277959847668,984.06494140625,14.838764190673828,22.46990203857422,124.38549041748047,1,1,0.0,Natural
31.08585545101518,77.00314739382802,984.5164184570312,18.677637100219727,24.86573028564453,124.38549041748047,1,1,0.0,Natural
31.085082977514524,77.00630078645892,1060.8917236328125,30.091707229614258,39.90128707885742,124.38549041748047,1,1,0.0,Natural
31.08466867281706,77.0014985368309,974.5664672851562,36.33863067626953,50.58611297607422,124.38549041748047,1,1,0.0,Anthropogenic
31.085301886586706,77.00561017746669,1032.4840087890625,26.77625274658203,35.283023834228516,124.38549041748047,1,1,0.0,Natural
31.08519097274858,77.00511931968585,1026.556396484375,23.98044204711914,34.37163543701172,124.38549041748047,1,1,0.0,Natural
31.08466080093795,77.00313820737311,997.08544921875,31.608264923095703,46.27439498901367,124.38549041748047,1,1,0.0,Natural
31.08683692108738,77.00234839989169,997.54345703125,27.662187576293945,38.7427978515625,124.38549041748047,1,1,0.0,Anthropogenic
31.087018381766548,77.00264600255505,988.3531494140625,29.743383407592773,43.80015182495117,124.38549041748047,1,1,0.0,Anthropogenic
31.088373134199813,77.00134312446731,1029.212158203125,20.458614349365234,25.115375518798828,124.38549041748047,1,1,0.0,Anthropogenic
31.0874751634401,77.0028293706808,1029.1790771484375,19.349145889282227,27.680696487426758,124.38549041748047,1,1,0.0,Anthropogenic
31.087305855811007,77.00316714416941,1006.552001953125,23.334150314331055,37.78702163696289,124.38549041748047,1,1,0.0,Anthropogenic
31.08742541492911,77.00367724417507,1028.738525390625,16.974353790283203,29.034074783325195,124.38549041748047,1,1,0.0,Anthropogenic
31.087627147248423,77.0039291621802,1020.0878295898438,22.05990982055664,27.47437858581543,124.38549041748047,1,1,0.0,Anthropogenic
31.087923652476167,77.00411881612017,1037.91796875,20.254377365112305,25.825729370117188,124.38549041748047,1,1,0.0,Anthropogenic
31.088271514498032,77.00426615273784,1048.051025390625,19.210491180419922,23.752307891845703,124.38549041748047,1,1,0.0,Anthropogenic
31.088212279702574,77.0050206997987,1059.346435546875,20.883249282836914,26.920658111572266,124.38549041748047,1,1,0.0,Anthropogenic
31.088573279312367,77.00547584504712,1079.5340576171875,22.740571975708008,28.799457550048828,124.38549041748047,1,1,0.0,Anthropogenic
31.086687104336008,77.00030354629345,952.213623046875,28.870431900024414,39.31862258911133,124.38549041748047,1,1,0.0,Anthropogenic
31.086886035116578,77.00090124441171,982.759033203125,31.547557830810547,45.11494445800781,124.38549041748047,1,1,0.0,Anthropogenic
31.08828154901799,77.00186331963708,1039.615478515625,19.486021041870117,24.571258544921875,124.38549041748047,1,1,0.0,Anthropogenic
31.087011785445576,77.00164446748396,976.6719360351562,44.64603042602539,69.07273864746094,124.38549041748047,1,1,0.0,Anthropogenic
31.09003237319439,76.99329654190313,1010.2050170898438,30.44376564025879,41.51132583618164,124.38549041748047,1,1,0.0,Natural
31.09016013402936,76.99380447300143,1018.4267578125,29.927406311035156,39.609580993652344,124.38549041748047,1,1,0.0,Natural
31.090562118252727,76.99378435509979,1030.811279296875,23.42908477783203,32.13990020751953,124.38549041748047,1,1,0.0,Natural
31.090252292289072,76.99447274684134,998.9776611328125,22.701581954956055,33.530860900878906,124.38549041748047,1,1,0.0,Natural
31.090404968322233,76.99419232249357,1005.8760986328125,28.29848289489746,37.223018646240234,124.38549041748047,1,1,0.0,Natural
31.091715629169222,76.99891445033509,1025.7764892578125,30.058683395385742,42.231040954589844,124.38549041748047,1,1,0.0,Natural
31.089688824746403,76.99763384038062,938.28125,27.954185485839844,37.79767608642578,124.38549041748047,1,1,0.0,Anthropogenic
31.090682069450178,76.99820473068931,974.1399536132812,23.667415618896484,31.495561599731445,124.38549041748047,1,1,0.0,Anthropogenic
31.089685295876087,76.99803572636203,966.8021240234375,30.92566680908203,41.40352249145508,124.38549041748047,1,1,0.0,Anthropogenic
31.089052365132886,76.99850010493516,979.1566162109375,27.075420379638672,36.92298889160156,124.38549041748047,1,1,0.0,Anthropogenic
31.089075985438395,76.99886860354582,978.6863403320312,21.612821578979492,31.35678482055664,124.38549041748047,1,1,0.0,Anthropogenic
31.09060204069516,76.99895109505786,982.3004150390625,23.838134765625,35.50408935546875,124.38549041748047,1,1,0.0,Anthropogenic
31.09136195464836,77.00024634404541,1060.167236328125,15.12381649017334,19.764888763427734,124.38549041748047,1,1,0.0,Natural
31.089982568565958,77.00063324397736,1039.890869140625,13.269918441772461,24.947988510131836,124.38549041748047,1,1,0.0,Anthropogenic
31.089529303695613,77.00049918957836,1016.834228515625,23.572689056396484,29.886693954467773,124.38549041748047,1,1,0.0,Anthropogenic
31.097220563603138,77.00341893985717,1012.442138671875,25.823150634765625,33.765159606933594,124.38549041748047,1,1,0.0,Anthropogenic
31.097427248210998,77.00243020302835,982.7731323242188,37.881874084472656,53.9857177734375,124.38549041748047,1,1,0.0,Anthropogenic
31.096346279446152,77.0033510704676,966.6837768554688,8.367668151855469,25.30854606628418,124.38549041748047,1,1,0.0,Natural
31.097723748972584,76.99681298031159,938.3094482421875,25.882770538330078,37.29311752319336,124.38549041748047,1,1,0.0,Natural
31.097965115609544,76.99938234792748,972.0088500976562,28.609994888305664,37.237945556640625,124.38549041748047,1,1,0.0,Natural
31.097823064879428,77.00138414224384,975.7232055664062,35.38590621948242,49.55272674560547,124.38549041748047,1,1,0.0,Natural
31.09804481514958,77.0016820800044,990.7218017578125,33.3361930847168,46.02281188964844,124.38549041748047,1,1,0.0,Natural
31.098044208804712,77.00250019448033,1003.0470581054688,31.05049705505371,43.820072174072266,124.38549041748047,1,1,0.0,Anthropogenic
31.097395243734994,77.0003665622578,967.495361328125,31.570886611938477,43.169532775878906,124.38549041748047,1,1,0.0,Natural
31.098203403707775,76.99652234070622,959.7902221679688,21.6359920501709,28.128511428833008,124.38549041748047,1,1,0.0,Anthropogenic
31.09895521821387,76.9963757834866,950.6940307617188,20.483375549316406,27.282930374145508,124.38549041748047,1,1,0.0,Anthropogenic
31.098709586135946,77.00480308120612,1015.3604125976562,30.099018096923828,41.65009689331055,124.38549041748047,1,1,0.0,Anthropogenic
31.099561310393486,77.00336589193412,995.7411499023438,24.68627166748047,39.081321716308594,124.38549041748047,1,1,0.0,Anthropogenic
31.097176472789126,77.00458788472689,1027.182373046875,28.311891555786133,38.099342346191406,124.38549041748047,1,1,0.0,Anthropogenic
31.096877078834357,77.00586782908807,1015.7265625,30.068931579589844,39.956764221191406,124.38549041748047,1,1,0.0,Anthropogenic
31.09944604668014,77.0007406424229,991.00830078125,23.994346618652344,34.08961486816406,124.38549041748047,1,1,0.0,Anthropogenic
31.098886798998322,77.00011740308355,970.0560913085938,6.927675247192383,26.65811538696289,124.38549041748047,1,1,0.0,Anthropogenic
31.099817432935552,77.00238176607697,1004.5929565429688,24.46654510498047,31.706562042236328,124.38549041748047,1,1,0.0,Anthropogenic
31.099939616432724,77.00270520348786,1014.2770385742188,23.572790145874023,29.59946060180664,124.38549041748047,1,1,0.0,Anthropogenic
31.099255331705592,77.00027757360968,982.4796752929688,23.640790939331055,30.431169509887695,124.38549041748047,1,1,0.0,Anthropogenic
31.099159433529273,77.00162612608554,982.105224609375,16.837905883789062,26.910417556762695,124.38549041748047,1,1,0.0,Anthropogenic
31.09936692157475,77.00179001942864,997.2479858398438,16.837905883789062,26.910417556762695,124.38549041748047,1,1,0.0,Anthropogenic
31.099625951270433,77.00142590497984,1016.073974609375,25.039432525634766,34.3536491394043,124.38549041748047,1,1,0.0,Anthropogenic
31.098986704981048,77.00062831859962,971.6429443359375,13.436741828918457,20.510822296142578,124.38549041748047,1,1,0.0,Anthropogenic
31.099409885686864,77.00302856033024,994.7664794921875,16.93401527404785,23.947938919067383,124.38549041748047,1,1,0.0,Anthropogenic
31.097190819558925,76.99831600129671,978.969482421875,32.65510177612305,44.85265350341797,124.38549041748047,1,1,0.0,Natural
31.096726696812286,76.99818797140696,1017.6455078125,28.053035736083984,37.349830627441406,124.38549041748047,1,1,0.0,Natural
31.0964730854464,76.99893022565634,1017.2504272460938,29.197460174560547,38.44954299926758,124.38549041748047,1,1,0.0,Natural
31.102910751180936,76.99205968009908,902.4310913085938,13.882128715515137,20.842201232910156,124.38549041748047,1,1,0.0,Anthropogenic
31.10322836478509,76.99210262411032,924.2935791015625,21.000749588012695,27.94270896911621,124.38549041748047,1,1,0.0,Anthropogenic
31.103148184932326,76.9916268155744,913.64599609375,18.92701530456543,27.45646095275879,124.38549041748047,1,1,0.0,Anthropogenic
31.103328309364326,76.99171979747813,924.6593017578125,18.92701530456543,27.45646095275879,124.38549041748047,1,1,0.0,Anthropogenic
31.103696785123393,76.99109066096348,897.417236328125,28.720664978027344,40.5553092956543,124.38549041748047,1,1,0.0,Anthropogenic
31.10382306058785,76.99199797215002,951.910400390625,24.48600959777832,32.28998565673828,124.38549041748047,1,1,0.0,Anthropogenic
31.103779127196194,76.99232602465895,955.6762084960938,28.873153686523438,38.63822555541992,124.38549041748047,1,1,0.0,Anthropogenic
31.1042166923918,76.9925430618599,980.7701416015625,25.217479705810547,34.39391326904297,124.38549041748047,1,1,0.0,Anthropogenic
31.104219988518764,76.9950955058743,961.3615112304688,23.129613876342773,36.47344207763672,124.38549041748047,1,1,0.0,Natural
31.104215126244355,76.99454212106207,977.1306762695312,19.853557586669922,32.19694137573242,124.38549041748047,1,1,0.0,Natural
31.10391533309877,76.99409557942299,993.9114990234375,21.95203399658203,28.04950714111328,124.38549041748047,1,1,0.0,Anthropogenic
31.103003214671027,76.99412821736897,986.454345703125,26.868375778198242,34.84836959838867,124.38549041748047,1,1,0.0,Anthropogenic
31.10338578565554,76.994548820344,990.3176879882812,20.270627975463867,25.502275466918945,124.38549041748047,1,1,0.0,Anthropogenic
31.105713202523958,76.98931545976123,957.3744506835938,16.107555389404297,33.26274108886719,124.38549041748047,1,1,0.0,Natural
31.10556065423641,76.99014779294082,937.8145751953125,32.62923049926758,45.55659866333008,124.38549041748047,1,1,0.0,Natural
31.105395398616903,76.9905702315099,931.9073486328125,25.132442474365234,32.94230651855469,124.38549041748047,1,1,0.0,Anthropogenic
31.105345511088238,76.98961719299248,913.125732421875,31.138187408447266,42.7673454284668,124.38549041748047,1,1,0.0,Anthropogenic
31.10619713535959,76.98504822033075,887.7594604492188,24.394861221313477,35.784549713134766,124.38549041748047,1,1,0.0,Natural
31.1067634785914,76.98493093008551,922.7976684570312,27.80207061767578,38.27326965332031,124.38549041748047,1,1,0.0,Anthropogenic
31.107041083867177,76.9856524011318,944.5366821289062,25.459365844726562,33.03143310546875,124.38549041748047,1,1,0.0,Anthropogenic
31.106488794345157,76.987564554099,924.32421875,29.973939895629883,40.30802917480469,124.38549041748047,1,1,0.0,Natural
31.10713103835977,76.98487438530651,956.43603515625,28.721389770507812,37.793739318847656,124.38549041748047,1,1,0.0,Anthropogenic
31.10733232914847,76.98230683044765,946.2705688476562,29.579776763916016,43.748233795166016,124.38549041748047,1,1,0.0,Natural
31.10731668087014,76.98293904773516,923.5822143554688,27.200321197509766,37.76018142700195,124.38549041748047,1,1,0.0,Natural
31.106974488077668,76.98378878855074,961.0918579101562,33.6239013671875,47.190738677978516,124.38549041748047,1,1,0.0,Natural
31.10789346177663,76.98199242517752,965.9198608398438,18.85850715637207,22.576148986816406,124.38549041748047,1,1,0.0,Natural
31.108137549973364,76.98195002761855,950.3992309570312,14.715254783630371,22.15125274658203,124.38549041748047,1,1,0.0,Anthropogenic
31.11328062637308,76.97537759564324,920.4608764648438,36.711666107177734,51.74108123779297,124.38549041748047,1,1,0.0,Anthropogenic
31.112636690546577,76.97477289721998,953.1483154296875,38.35356140136719,58.379878997802734,124.38549041748047,1,1,0.0,Anthropogenic
31.02113715973303,77.10640291335083,1603.478271484375,28.015472412109375,38.42554473876953,124.38549041748047,1,1,0.0,Anthropogenic
31.02083051472054,77.10728425600381,1542.4595947265625,23.705854415893555,41.00694274902344,124.38549041748047,1,1,0.0,Natural
31.027649948769703,77.11298779429124,1682.6883544921875,13.23210620880127,22.428546905517578,124.38549041748047,1,1,0.0,Anthropogenic
31.045615363129357,77.111993168711,1444.04638671875,19.363101959228516,32.281124114990234,124.38549041748047,1,1,0.0,Natural
31.048175635941686,77.1106745964202,1423.730712890625,27.261363983154297,39.277400970458984,124.38549041748047,1,1,0.0,Natural
31.055781736953183,77.10522155820262,1312.8917236328125,33.82494354248047,46.91292953491211,124.38549041748047,1,1,0.0,Anthropogenic
31.0558594302558,77.10499702588666,1314.121826171875,35.1279296875,48.677364349365234,124.38549041748047,1,1,0.0,Anthropogenic
31.07112822428072,77.08705359057659,1253.2005615234375,26.428857803344727,35.14011001586914,124.38549041748047,1,1,0.0,Natural
31.07332867114879,77.08544396266802,1297.1351318359375,20.014753341674805,25.953927993774414,124.38549041748047,1,1,0.0,Natural
31.073488150694804,77.08598799858373,1287.5821533203125,18.172348022460938,24.77989959716797,124.38549041748047,1,1,0.0,Natural
31.07030315886663,77.08903961352813,1188.3643798828125,24.40766716003418,34.8290901184082,124.38549041748047,1,1,0.0,Natural
31.07167565778874,77.08904218215079,1234.25244140625,24.53249168395996,31.557695388793945,124.38549041748047,1,1,0.0,Natural
31.06997785859427,77.08782575563251,1228.5057373046875,16.77726173400879,28.13625717163086,124.38549041748047,1,1,0.0,Natural
31.072311300663277,77.09003742886468,1240.9449462890625,29.123592376708984,39.30555725097656,124.38549041748047,1,1,0.0,Anthropogenic
31.072028970128677,77.09036409241658,1214.0325927734375,32.77393341064453,43.25468063354492,124.38549041748047,1,1,0.0,Natural
31.07229862311268,77.09054776494574,1228.404052734375,34.077945709228516,46.5748291015625,124.38549041748047,1,1,0.0,Anthropogenic
31.072505630637057,77.0909644238103,1229.9246826171875,30.147430419921875,39.99317169189453,124.38549041748047,1,1,0.0,Anthropogenic
31.07257586172231,77.09047641029335,1244.6912841796875,32.75590896606445,44.20576858520508,124.38549041748047,1,1,0.0,Anthropogenic
31.07277501964403,77.09060008728773,1258.534912109375,27.60430335998535,37.65899658203125,124.38549041748047,1,1,0.0,Anthropogenic
31.072906395550024,77.09042174807021,1258.534912109375,18.291505813598633,28.235273361206055,124.38549041748047,1,1,0.0,Anthropogenic
31.072743743032458,77.09128963973271,1224.4664306640625,20.836139678955078,27.12096405029297,124.38549041748047,1,1,0.0,Natural
31.073575780194822,77.08689333908059,1260.8763427734375,21.712120056152344,28.055727005004883,124.38549041748047,1,1,0.0,Natural
31.0742187485256,77.08759693390454,1262.0716552734375,9.090550422668457,24.719152450561523,124.38549041748047,1,1,0.0,Natural
31.074831059593137,77.08775418146199,1265.1326904296875,23.016338348388672,29.265079498291016,124.38549041748047,1,1,0.0,Natural
31.07428042508276,77.09573375826031,1247.0794677734375,31.532018661499023,42.962833404541016,124.38549041748047,1,1,0.0,Natural
31.06994573926381,77.0998577465951,1282.345703125,25.513099670410156,37.81611251831055,124.38549041748047,1,1,0.0,Anthropogenic
31.070541094019337,77.09941159834118,1307.8746337890625,17.31288719177246,22.26580238342285,124.38549041748047,1,1,0.0,Anthropogenic
31.07491112508157,77.10717431752418,1340.716552734375,14.436781883239746,21.240978240966797,124.38549041748047,1,1,0.0,Natural
31.08637766969062,77.11068455451561,1474.915283203125,22.619766235351562,29.553407669067383,124.38549041748047,1,1,0.0,Natural
31.0859391311416,77.11078772545552,1445.3328857421875,27.51900291442871,37.056270599365234,124.38549041748047,1,1,0.0,Natural
31.086152789045027,77.11363594486643,1444.830810546875,31.25750732421875,41.401817321777344,124.38549041748047,1,1,0.0,Natural
31.08589839299839,77.11484064623389,1454.5576171875,30.009136199951172,41.154178619384766,124.38549041748047,1,1,0.0,Anthropogenic
31.116307767153398,77.0915257991525,1535.1939697265625,26.467288970947266,34.31624984741211,124.38549041748047,1,1,0.0,Anthropogenic
31.11859761125469,77.1058500947737,1675.01220703125,21.837602615356445,33.61151123046875,124.38549041748047,1,1,0.0,Natural
31.119631293659324,77.10712990252145,1669.656982421875,36.4683952331543,51.74612808227539,124.38549041748047,1,1,0.0,Natural
31.118822691230964,77.10602347339125,1666.445556640625,13.550538063049316,34.21125793457031,124.38549041748047,1,1,0.0,Natural
31.119427961909928,77.10730116761673,1644.7781982421875,23.443632125854492,42.01075744628906,124.38549041748047,1,1,0.0,Natural
31.119289686410898,77.107013334643,1642.4488525390625,8.636650085449219,37.78264617919922,124.38549041748047,1,1,0.0,Natural
31.119895591498388,77.10870435066606,1631.9761962890625,34.8588752746582,48.814170837402344,124.38549041748047,1,1,0.0,Anthropogenic
31.087306311330476,77.08242112021883,1337.1334228515625,22.319644927978516,29.003326416015625,124.38549041748047,1,1,0.0,Anthropogenic
31.032327872058428,77.18726593567857,1298.9664306640625,23.830068588256836,34.78288650512695,100.44458770751953,1,1,0.0,Natural
31.03177695983027,77.18950418623655,1347.1890869140625,26.529895782470703,38.38481903076172,100.44458770751953,1,1,0.0,Natural
31.03188114028899,77.18909166442668,1331.198486328125,30.67361068725586,55.21480941772461,100.44458770751953,1,1,0.0,Natural
31.030817816930433,77.190012167472,1359.1636962890625,25.900915145874023,44.640769958496094,100.44458770751953,1,1,0.0,Natural
31.031537915206936,77.1948348409692,1534.2852783203125,22.992582321166992,29.535144805908203,100.44458770751953,1,1,0.0,Anthropogenic
31.027755935513024,77.19371307548282,1509.3426513671875,22.16543197631836,29.071630477905273,100.44458770751953,1,1,0.0,Anthropogenic
31.029553527855214,77.20310009704643,1618.0582275390625,38.811798095703125,55.84217834472656,100.44458770751953,1,1,0.0,Anthropogenic
31.029294530867972,77.20305252797637,1597.829833984375,13.739656448364258,38.39156723022461,100.44458770751953,1,1,0.0,Anthropogenic
30.86418014131673,76.9608028483775,1211.69580078125,27.50690460205078,38.06910705566406,,1,0,0.0,Natural
30.87100758832872,76.95094658069111,1068.8060302734375,31.5881404876709,43.60166549682617,,1,0,0.0,Anthropogenic
30.865128033670636,76.94387899761975,940.3743896484375,18.653818130493164,28.92736053466797,,1,0,0.0,Natural
30.83689112648077,76.98041499790598,962.3956298828125,41.276100158691406,60.44914245605469,,1,0,0.0,Anthropogenic
30.84761940697794,76.97780822382472,1190.318359375,31.704362869262695,43.19040298461914,,1,0,0.0,Natural
30.85097105649969,76.97137247761934,1209.6112060546875,16.84821891784668,24.719989776611328,,1,0,0.0,Natural
30.845582327473963,76.976398376333,1103.255126953125,10.983150482177734,24.880573272705078,,1,0,0.0,Natural
30.845123909643473,76.97643031532638,1078.9150390625,29.166534423828125,45.32047653198242,,1,0,0.0,Natural
30.847713361086374,76.97396503825424,1216.513671875,21.288774490356445,31.589862823486328,,1,0,0.0,Natural
30.849215878887893,76.97330800125896,1310.8875732421875,6.168849468231201,15.504825592041016,,1,0,0.0,Natural
30.83614868095279,76.98712699224362,919.144775390625,26.69187355041504,37.17169952392578,,1,0,0.0,Anthropogenic
30.834882574639956,76.99000222454072,812.4893188476562,42.752262115478516,65.0201187133789,,1,0,0.0,Anthropogenic
30.83462914602711,76.98864249590986,815.3916625976562,38.75320053100586,55.76189041137695,,1,0,0.0,Natural
30.835040668335548,76.98881483981043,814.9585571289062,39.483497619628906,58.28938674926758,,1,0,0.0,Natural
30.834924828733413,76.98806244358278,858.0802001953125,23.04530906677246,32.44562911987305,,1,0,0.0,Anthropogenic
30.837935513342963,76.9909574911669,892.1217041015625,22.745338439941406,31.117881774902344,,1,0,0.0,Anthropogenic
30.837827864641735,76.99192628773186,816.6863403320312,33.56765365600586,51.62239074707031,,1,0,0.0,Natural
30.83810862239114,76.99238366202178,832.0748291015625,33.67448425292969,47.149627685546875,,1,0,0.0,Natural
30.83943412007785,76.99035707939186,921.5785522460938,27.684951782226562,36.5626335144043,,1,0,0.0,Anthropogenic
30.83964173671757,76.9904246455472,914.3818969726562,26.585050582885742,35.78350067138672,,1,0,0.0,Anthropogenic
30.839291346533543,76.99084216109247,886.6311645507812,23.009449005126953,32.03346633911133,,1,0,0.0,Anthropogenic
30.839181818685635,76.99128648826594,878.9361572265625,16.367813110351562,29.899526596069336,,1,0,0.0,Anthropogenic
30.839039124724824,76.99164335421759,882.7371215820312,24.527294158935547,37.112762451171875,,1,0,0.0,Anthropogenic
30.840204528922932,76.99085378392222,947.2108154296875,28.835792541503906,38.223243713378906,,1,0,0.0,Anthropogenic
30.840453978014388,76.99018325818241,957.3550415039062,21.848018646240234,30.25303077697754,,1,0,0.0,Anthropogenic
30.839013258147908,76.99244130101341,871.8746948242188,26.820659637451172,42.430999755859375,,1,0,0.0,Natural
30.841182124627345,76.99100319203635,1008.6502685546875,33.73935317993164,46.10867691040039,,1,0,0.0,Anthropogenic
30.84034170876014,76.9927371928278,905.3640747070312,44.48592758178711,69.10087585449219,,1,0,0.0,Anthropogenic
30.8412905293614,76.99347397515086,933.3238525390625,41.38301086425781,60.8271369934082,,1,0,0.0,Anthropogenic
30.841383108816377,76.99508583800981,846.6392211914062,40.810970306396484,59.337039947509766,,1,0,0.0,Natural
30.841867936328065,76.99420667405691,930.7783203125,40.02915954589844,58.519737243652344,,1,0,0.0,Natural
30.84416936597025,76.99125704086974,1011.0338745117188,21.867910385131836,38.12668228149414,,1,0,0.0,Anthropogenic
30.844161085796504,76.99169113430469,1019.7357177734375,32.41437911987305,44.48734664916992,,1,0,0.0,Anthropogenic
30.84374422796032,76.99428065233738,972.4791870117188,30.222347259521484,41.495845794677734,,1,0,0.0,Anthropogenic
30.843618149174283,76.9953643875407,897.6271362304688,29.722848892211914,47.792667388916016,,1,0,0.0,Natural
30.842541625407808,76.99465443315263,903.1176147460938,28.3980655670166,41.110958099365234,,1,0,0.0,Natural
30.84374687690584,76.99597223867758,860.4401245117188,33.957820892333984,49.56552505493164,,1,0,0.0,Natural
30.844253769710544,76.99786204587593,842.4475708007812,40.699275970458984,59.34382247924805,,1,0,0.0,Natural
30.84627675028653,76.9957153800123,995.0848388671875,32.86170196533203,45.55015182495117,,1,0,0.0,Anthropogenic
30.84788603646134,76.98628572898775,1331.3997802734375,33.92466735839844,46.77353286743164,,1,0,0.0,Anthropogenic
30.84614389248044,76.98819584625768,1143.5146484375,31.08970069885254,44.73643493652344,,1,0,0.0,Natural
30.84712721862408,76.98487687642744,1329.0506591796875,31.305051803588867,44.95587921142578,,1,0,0.0,Anthropogenic
30.847731593586435,76.98464352633664,1382.1376953125,38.12099838256836,55.0639533996582,,1,0,0.0,Anthropogenic
30.846274152068226,76.98598546636475,1256.4842529296875,28.901731491088867,40.63764572143555,,1,0,0.0,Natural
30.85267117702702,76.98421924167961,1455.524169921875,27.793649673461914,38.08708953857422,,1,0,0.0,Anthropogenic
30.85182907660359,76.9862463465216,1374.873046875,30.461246490478516,42.9158935546875,,1,0,0.0,Anthropogenic
30.851508645829902,76.98618327445828,1330.580078125,25.188758850097656,36.25373458862305,,1,0,0.0,Anthropogenic
30.852339500601467,76.98418426376462,1423.2730712890625,23.71064567565918,37.37724304199219,,1,0,0.0,Anthropogenic
30.849649701670387,76.99408960459736,1084.079345703125,31.478290557861328,43.45523452758789,,1,0,0.0,Anthropogenic
30.848794932780645,76.99565200604115,989.0233154296875,18.823448181152344,28.2095947265625,,1,0,0.0,Anthropogenic
30.8493138273227,76.99531898188333,1019.954833984375,33.51041030883789,47.86164855957031,,1,0,0.0,Anthropogenic
30.853111264114602,76.99657560707047,1184.9093017578125,25.51027488708496,35.022674560546875,,1,0,0.0,Natural
30.855714295329324,76.9927741277153,1287.24560546875,32.697757720947266,45.08988571166992,,1,0,0.0,Anthropogenic
30.858387704982583,76.99968235876582,1147.8255615234375,35.21179962158203,49.90462112426758,,1,0,0.0,Anthropogenic
30.858292783997864,77.00012970751514,1135.5318603515625,31.117130279541016,44.09083557128906,,1,0,0.0,Anthropogenic
30.857967948106985,76.99870905610715,1197.680908203125,38.601409912109375,55.40654754638672,,1,0,0.0,Anthropogenic
30.85816383517182,76.9986045850911,1197.680908203125,37.35773849487305,52.67991256713867,,1,0,0.0,Anthropogenic
30.858171020520693,76.99894144613837,1175.891845703125,34.230628967285156,48.195064544677734,,1,0,0.0,Anthropogenic
30.858434252451445,76.99863817072692,1200.2352294921875,35.27476501464844,51.22117233276367,,1,0,0.0,Anthropogenic
30.85904393082941,76.99889557755762,1211.609130859375,27.966548919677734,39.8818359375,,1,0,0.0,Anthropogenic
30.8590731336402,76.99909567535222,1190.434326171875,32.046146392822266,42.533626556396484,,1,0,0.0,Anthropogenic
30.85759000605785,76.99859767106129,1185.280029296875,38.33995819091797,54.511566162109375,,1,0,0.0,Anthropogenic
30.846580269676867,77.003042261527,926.6680908203125,39.37604904174805,56.653785705566406,,1,0,0.0,Natural
30.847585804090183,77.0016753596962,876.5565185546875,40.17233657836914,62.245513916015625,,1,0,0.0,Natural
30.848856012736565,77.00427923546324,911.137451171875,27.818134307861328,38.640079498291016,,1,0,0.0,Natural
30.849094569341688,77.00418250433505,924.5147705078125,30.804153442382812,40.75849151611328,,1,0,0.0,Natural
30.850540193175473,77.00213608169261,954.0521240234375,35.71848678588867,49.91502380371094,,1,0,0.0,Natural
30.85559404370707,77.0011343228402,1129.5657958984375,31.49394416809082,42.36256408691406,,1,0,0.0,Anthropogenic
30.855684739919166,77.00269498207062,1010.6968383789062,39.78557205200195,58.318851470947266,,1,0,0.0,Anthropogenic
30.85629362321934,77.00207890139973,1091.9290771484375,28.181774139404297,39.9837532043457,,1,0,0.0,Anthropogenic
30.85631359201414,77.00277095343289,1034.8121337890625,38.000370025634766,54.104408264160156,,1,0,0.0,Anthropogenic
30.856070734101703,77.0028039069148,1024.473876953125,40.433876037597656,59.11159133911133,,1,0,0.0,Anthropogenic
30.856003343699122,77.0038582406605,954.1832275390625,28.095121383666992,38.238948822021484,,1,0,0.0,Natural
30.85575351510579,77.00333346386985,977.7130737304688,30.032495498657227,41.85224914550781,,1,0,0.0,Natural
30.856622394020093,77.00394773610252,977.8689575195312,27.7919864654541,36.03766632080078,,1,0,0.0,Natural
30.856512380101265,77.00469538219198,928.0789794921875,27.266889572143555,36.43069076538086,,1,0,0.0,Natural
30.85510478021016,77.00422062189455,951.7472534179688,35.520660400390625,49.12602233886719,,1,0,0.0,Natural
30.853934744156177,77.00476724224733,979.2958374023438,27.54291343688965,38.2857551574707,,1,0,0.0,Anthropogenic
30.854533340264965,77.00447750528606,957.9896850585938,33.663360595703125,47.191741943359375,,1,0,0.0,Natural
30.85379724220575,77.00800613819233,944.98974609375,39.75552749633789,58.59410858154297,,1,0,0.0,Natural
30.852104052308395,77.00259855209463,1050.51953125,35.89753341674805,51.49447250366211,,1,0,0.0,Anthropogenic
30.862140893855813,76.99059133269046,1429.4755859375,31.714641571044922,43.09575653076172,,1,0,0.0,Anthropogenic
30.863189146806697,76.99370086622044,1337.70751953125,29.116382598876953,40.06106185913086,,1,0,0.0,Natural
30.86121698895447,77.00131113043695,1056.67138671875,24.554485321044922,42.3644905090332,,1,0,0.0,Anthropogenic
30.86240067459047,76.9980116034331,1150.8045654296875,33.3258056640625,45.227359771728516,,1,0,0.0,Anthropogenic
30.86308446435736,76.99789879789307,1188.8524169921875,32.33563232421875,45.19662094116211,,1,0,0.0,Anthropogenic
30.859367277054773,77.00090540012486,1092.973876953125,22.68709373474121,32.532081604003906,,1,0,0.0,Anthropogenic
30.86107632677088,77.00914090253023,971.0969848632812,36.21882629394531,51.048702239990234,,1,0,0.0,Natural
30.8614633502785,77.00915098183663,975.7994384765625,37.573333740234375,54.28049087524414,,1,0,0.0,Natural
30.86179536229734,77.00910540117977,978.71826171875,37.505104064941406,53.44213104248047,,1,0,0.0,Natural
30.862236610388532,77.00956477763928,968.1629638671875,34.199745178222656,46.651405334472656,,1,0,0.0,Natural
30.862456362834116,77.00974368387043,967.5421142578125,30.34247398376465,39.780029296875,,1,0,0.0,Natural
30.859460709588795,77.0098965871081,977.1742553710938,34.35216522216797,46.87590789794922,,1,0,0.0,Anthropogenic
30.858235187423542,77.00795868104592,951.043212890625,39.44580078125,57.60844802856445,,1,0,0.0,Natural
30.84039909889189,77.00200721655136,995.0809936523438,34.46818542480469,46.89154815673828,,1,0,0.0,Anthropogenic
30.84140355682481,77.00131693858087,1040.8883056640625,34.33388900756836,47.50527572631836,,1,0,0.0,Anthropogenic
30.849771876418565,76.98698551734826,1278.4708251953125,34.60158157348633,48.68745803833008,,1,0,0.0,Natural
30.848965731305263,76.99811468381652,955.5537719726562,38.87312698364258,58.03688430786133,,1,0,0.0,Natural
30.851315680132203,76.99889925928778,1009.2984619140625,34.912994384765625,50.843780517578125,,1,0,0.0,Anthropogenic
30.85098845819692,76.99840874184154,1028.9459228515625,38.0471076965332,54.46145248413086,,1,0,0.0,Anthropogenic
30.8387439108816,77.00772222380222,1102.7515869140625,39.638206481933594,57.34996032714844,,1,0,0.0,Natural
30.838160349388783,77.00757288341283,1049.5439453125,28.980178833007812,43.41975402832031,,1,0,0.0,Natural
30.838196026272357,77.00893162002589,1077.4818115234375,35.88041687011719,51.328819274902344,,1,0,0.0,Natural
30.83858081012059,77.00896765381668,1102.5831298828125,36.89704132080078,52.36470031738281,,1,0,0.0,Natural
30.839468130762118,77.00873587725549,1160.927734375,31.76091957092285,43.458072662353516,,1,0,0.0,Natural
30.839425668204406,77.00902921433517,1162.0684814453125,32.16931915283203,44.20414733886719,,1,0,0.0,Natural
30.840318471573095,77.01092202005024,1222.4263916015625,31.21808624267578,41.395774841308594,,1,0,0.0,Anthropogenic
30.83769151168933,77.01296702788483,1201.256103515625,28.412200927734375,38.41429138183594,,1,0,0.0,Natural
30.83807110710331,77.01697107324301,1243.331787109375,32.244266510009766,44.89723205566406,,1,0,0.0,Natural
30.836404868205104,77.0134326892557,1139.9473876953125,34.410640716552734,47.147682189941406,,1,0,0.0,Anthropogenic
30.83607453070261,77.00988662305954,1123.1988525390625,42.123870849609375,62.63294982910156,,1,0,0.0,Natural
30.833384538127206,77.01889260190858,1209.3997802734375,35.2010383605957,49.11131286621094,,1,0,0.0,Natural
30.834010176033072,77.01994043518124,1287.33935546875,32.226043701171875,44.14895248413086,,1,0,0.0,Natural
30.83432694042897,77.0192338105611,1271.8487548828125,33.28248977661133,46.42158508300781,,1,0,0.0,Natural
30.834697234429882,77.0192323000086,1291.461181640625,34.31846237182617,48.094852447509766,,1,0,0.0,Natural
30.835036312033022,77.01993207304824,1343.3345947265625,34.56690216064453,47.95563507080078,,1,0,0.0,Natural
30.838740850083656,77.01701161132969,1280.1815185546875,34.08676528930664,47.23500061035156,,1,0,0.0,Natural
30.838858230184393,77.01581543190436,1276.6851806640625,15.52801513671875,20.313007354736328,,1,0,0.0,Natural
30.85283105116031,77.00944465377326,961.8766479492188,41.31800842285156,62.38257598876953,,1,0,0.0,Natural
30.851863434689246,77.0117176779893,980.3966064453125,37.20330047607422,54.12884521484375,,1,0,0.0,Natural
30.852261401889578,77.01207757519869,1009.1388549804688,24.738006591796875,33.80281066894531,,1,0,0.0,Anthropogenic
30.851884305919924,77.01436406722617,1037.0531005859375,22.270112991333008,29.913732528686523,,1,0,0.0,Anthropogenic
30.851322231602033,77.01250391061583,972.328857421875,31.453510284423828,41.644439697265625,,1,0,0.0,Natural
30.851000097200625,77.01328301109757,993.7586059570312,24.025463104248047,30.96941375732422,,1,0,0.0,Natural
30.850491990951856,77.01512754029692,1011.8662109375,29.995670318603516,40.19939422607422,,1,0,0.0,Natural
30.85207097195341,77.01730617981899,1105.44384765625,32.834110260009766,45.259151458740234,,1,0,0.0,Anthropogenic
30.852848953560112,77.01688134539876,1104.2708740234375,20.15882110595703,36.70878601074219,,1,0,0.0,Natural
30.8530354054905,77.01633546302388,1120.9122314453125,30.866092681884766,43.38546371459961,,1,0,0.0,Natural
30.853226033605782,77.01682078443098,1144.9688720703125,31.978721618652344,42.08504867553711,,1,0,0.0,Natural
30.8517637176715,77.01597857351199,1080.149658203125,33.61695861816406,45.8917236328125,,1,0,0.0,Anthropogenic
30.85169131433282,77.01665058143381,1084.269287109375,30.64120864868164,40.985660552978516,,1,0,0.0,Anthropogenic
30.851802849260455,77.01695576884003,1080.8189697265625,29.53862953186035,42.007080078125,,1,0,0.0,Anthropogenic
30.8534876362746,77.01933178392767,1214.5416259765625,30.399173736572266,40.34204864501953,,1,0,0.0,Natural
30.854834710581564,77.01877606627554,1258.5032958984375,33.493309020996094,45.8547477722168,,1,0,0.0,Natural
30.854162846287004,77.01586579419195,1150.954833984375,23.592384338378906,31.728303909301758,,1,0,0.0,Natural
30.853904297135013,77.01627623393006,1152.892822265625,34.69290542602539,48.48072814941406,,1,0,0.0,Natural
30.85359722053476,77.01566790991413,1114.3741455078125,22.24712562561035,33.48537826538086,,1,0,0.0,Natural
30.853171060136052,77.01766838130015,1152.3043212890625,23.77373695373535,38.37765884399414,,1,0,0.0,Natural
30.85555615003659,77.02121133820505,1244.1497802734375,35.957027435302734,50.68317794799805,,1,0,0.0,Natural
30.856645795543987,77.02465666654841,1302.288818359375,33.467918395996094,46.05487823486328,,1,0,0.0,Natural
30.852079732517815,77.02106820980242,1114.4234619140625,29.732131958007812,40.24580764770508,,1,0,0.0,Natural
30.852012538593165,77.0219509605359,1112.05126953125,34.457618713378906,47.55902862548828,,1,0,0.0,Natural
30.850604505914585,77.01708152193586,1034.228515625,34.40105056762695,48.26803207397461,,1,0,0.0,Anthropogenic
30.851410149798184,77.01571985996644,1051.3291015625,32.33031463623047,44.297264099121094,,1,0,0.0,Anthropogenic
30.85025918590862,77.01761759429938,1030.2064208984375,37.14698028564453,52.06037521362305,,1,0,0.0,Anthropogenic
30.850742643219682,77.01772656106513,1079.5650634765625,34.532779693603516,48.12480163574219,,1,0,0.0,Anthropogenic
30.849013769209705,77.01884281403373,1017.6058349609375,17.417177200317383,29.679594039916992,,1,0,0.0,Natural
30.85652239754809,77.01496126813045,1094.22265625,31.70282554626465,43.296974182128906,,1,0,0.0,Anthropogenic
30.859808761779583,77.01678770653156,1108.5863037109375,36.967769622802734,52.06248474121094,,1,0,0.0,Anthropogenic
30.85494301049074,77.02296697302619,1176.966064453125,21.26356315612793,27.23900604248047,,1,0,0.0,Natural
30.855849336057897,77.02362144908611,1237.993408203125,34.1810188293457,47.25534439086914,,1,0,0.0,Natural
30.857319527000765,77.02938982987033,1366.6688232421875,33.99508285522461,46.60811233520508,,1,0,0.0,Natural
30.856889531378613,77.03018678215695,1369.7459716796875,34.006526947021484,46.69829177856445,,1,0,0.0,Natural
30.856164639476166,77.03190257991707,1366.0999755859375,31.92290687561035,42.87431716918945,,1,0,0.0,Natural
30.85785923407961,77.02991384340758,1416.9395751953125,34.88762664794922,48.321102142333984,,1,0,0.0,Anthropogenic
30.856671335504316,77.02985750536858,1333.2774658203125,28.6275577545166,38.95724868774414,,1,0,0.0,Natural
30.856205531365458,77.02978909651354,1298.958740234375,26.23774528503418,38.18031311035156,,1,0,0.0,Natural
30.85177819586677,77.00025110693569,1017.0853881835938,31.59840965270996,43.05644989013672,,1,0,0.0,Natural
30.845041076462977,77.02654405505858,1165.5321044921875,38.225215911865234,54.211341857910156,,1,0,0.0,Anthropogenic
30.84642245466906,77.02127163926598,1110.076171875,30.50445556640625,40.95991134643555,,1,0,0.0,Anthropogenic
30.84672426522883,77.02167946855668,1078.080322265625,30.833202362060547,41.08542251586914,,1,0,0.0,Anthropogenic
30.846606706854185,77.02182412230754,1061.730224609375,34.40537643432617,49.3206672668457,,1,0,0.0,Anthropogenic
30.83059110602036,77.01293760113262,1206.926025390625,30.370412826538086,43.72694778442383,,1,0,0.0,Anthropogenic
30.830777562091512,77.01322959651924,1201.6539306640625,7.745262145996094,20.49354362487793,,1,0,0.0,Anthropogenic
30.830256021314213,77.0131346081558,1212.8629150390625,11.424846649169922,24.850139617919922,,1,0,0.0,Anthropogenic
30.835946472474447,77.02293750589975,1408.65771484375,31.732004165649414,43.037330627441406,,1,0,0.0,Anthropogenic
30.83557901007226,77.0227884872823,1383.9630126953125,33.33441162109375,45.053955078125,,1,0,0.0,Natural
30.83096410868269,77.02633779208728,1389.400634765625,34.75259017944336,48.19028854370117,,1,0,0.0,Natural
30.83079292926827,77.02591633840966,1369.0804443359375,34.33783721923828,47.58681106567383,,1,0,0.0,Natural
30.82833683244389,77.0325553508159,1311.9273681640625,22.676637649536133,31.674039840698242,,1,0,0.0,Natural
30.83018024371421,77.03068517326746,1450.05322265625,36.153995513916016,51.817955017089844,,1,0,0.0,Natural
30.829320932318,77.0294243885312,1487.165283203125,29.81758689880371,40.15950012207031,,1,0,0.0,Natural
30.830982934463133,77.03094179167013,1510.84765625,33.56259536743164,48.31437301635742,,1,0,0.0,Natural
30.831010431797672,77.0324183885925,1391.6314697265625,33.9773063659668,46.87953567504883,,1,0,0.0,Natural
30.83189115149485,77.032336658498,1428.6942138671875,37.30836486816406,52.314903259277344,,1,0,0.0,Anthropogenic
30.832436045935644,77.0325372718888,1424.3114013671875,30.782798767089844,43.45825958251953,,1,0,0.0,Anthropogenic
30.829259144278026,77.03608583991961,1215.369384765625,30.016008377075195,39.64191818237305,,1,0,0.0,Anthropogenic
30.830097238539665,77.03585876000298,1228.1048583984375,22.276826858520508,34.95188903808594,,1,0,0.0,Natural
30.83420959582126,77.03447569944527,1371.0599365234375,32.28744888305664,43.64352798461914,,1,0,0.0,Natural
30.83417286195266,77.03478865842273,1353.833740234375,28.443065643310547,37.614463806152344,,1,0,0.0,Natural
30.83259862043319,77.03374239451239,1378.8890380859375,34.25798034667969,46.394283294677734,,1,0,0.0,Natural
30.83234836353354,77.03457516703351,1321.548095703125,28.970964431762695,40.69467544555664,,1,0,0.0,Natural
30.83230715566846,77.03536749355662,1278.30029296875,28.25109100341797,41.89553451538086,,1,0,0.0,Natural
30.831666839416116,77.03626902022381,1269.6348876953125,35.27985382080078,49.29653549194336,,1,0,0.0,Anthropogenic
30.832348442555254,77.03597115026948,1256.1829833984375,26.77399444580078,38.05448532104492,,1,0,0.0,Anthropogenic
30.837556846665446,77.03789672614522,1388.27197265625,34.31431198120117,47.77865982055664,,1,0,0.0,Natural
30.836481573629463,77.03652330081162,1395.3878173828125,30.34258270263672,40.59613800048828,,1,0,0.0,Natural
30.836379663652533,77.03756783192968,1392.613037109375,28.95656967163086,40.41950988769531,,1,0,0.0,Natural
30.83632854535031,77.03791531601664,1371.2220458984375,33.82429504394531,46.4150505065918,,1,0,0.0,Natural
30.83807259769873,77.0369473994291,1449.2098388671875,32.3105583190918,45.07489013671875,,1,0,0.0,Natural
30.843794735775163,77.03516557931505,1367.5565185546875,33.11241912841797,45.62580108642578,,1,0,0.0,Natural
30.843957729288867,77.03472971982303,1353.4259033203125,34.24620056152344,46.960472106933594,,1,0,0.0,Natural
30.842393581470628,77.0318091287509,1238.163818359375,28.20863151550293,38.022525787353516,,1,0,0.0,Natural
30.84234786282012,77.03215994070811,1218.875,27.277122497558594,36.4051513671875,,1,0,0.0,Natural
30.843140511282314,77.03260149181054,1272.55078125,31.402379989624023,42.46815490722656,,1,0,0.0,Natural
30.8357065265269,77.03437859115287,1401.19677734375,37.379920959472656,52.5980224609375,,1,0,0.0,Anthropogenic
30.83691578366912,77.04278532296274,1296.5927734375,35.23745346069336,48.923973083496094,,1,0,0.0,Anthropogenic
30.837026633776784,77.04099029498278,1278.2437744140625,34.14081954956055,46.72783279418945,,1,0,0.0,Anthropogenic
30.836383125996537,77.04143150837398,1253.6947021484375,25.090484619140625,32.92997741699219,,1,0,0.0,Anthropogenic
30.837439789358072,77.04243882433012,1319.501953125,33.90149688720703,46.697776794433594,,1,0,0.0,Anthropogenic
30.83733364731854,77.04138192469195,1274.2862548828125,26.300491333007812,37.52848434448242,,1,0,0.0,Anthropogenic
30.838069349643455,77.04039926818413,1349.531982421875,33.3515739440918,46.22808837890625,,1,0,0.0,Natural
30.83655361272561,77.04370918151835,1299.121337890625,26.780664443969727,36.54520034790039,,1,0,0.0,Anthropogenic
30.83675091838368,77.04327608098525,1291.3072509765625,35.027652740478516,48.09307098388672,,1,0,0.0,Anthropogenic
30.830067950628543,77.03986876899926,1120.0660400390625,28.54033660888672,38.566368103027344,,1,0,0.0,Natural
30.833183088797913,77.03893271991372,1210.4315185546875,34.45753860473633,47.47361373901367,,1,0,0.0,Anthropogenic
30.833146134869633,77.03935800248378,1219.849609375,33.19597244262695,45.17115783691406,,1,0,0.0,Anthropogenic
30.834628016519797,77.0391970714879,1290.8621826171875,31.053598403930664,43.47129440307617,,1,0,0.0,Anthropogenic
30.834220925150216,77.04105881269562,1183.5595703125,29.35968780517578,40.66291046142578,,1,0,0.0,Anthropogenic
30.835306328024547,77.04233784479212,1204.4232177734375,24.865434646606445,35.4107780456543,,1,0,0.0,Natural
30.831880128549617,77.04252517251692,1128.127685546875,33.1163215637207,45.17366409301758,,1,0,0.0,Anthropogenic
30.833454421803733,77.03425828000537,1379.945556640625,35.4361572265625,49.942935943603516,,1,0,0.0,Natural
30.83828769521249,77.04626576315239,1326.7501220703125,30.107437133789062,41.08359146118164,,1,0,0.0,Anthropogenic
30.840187379771407,77.04107245843974,1432.050537109375,30.784086227416992,41.0251350402832,,1,0,0.0,Natural
30.839301990074492,77.03936126221959,1408.28369140625,32.87705612182617,46.04890060424805,,1,0,0.0,Natural
30.839777244344496,77.04155313450863,1400.6630859375,32.078277587890625,43.31058883666992,,1,0,0.0,Natural
30.84023729415372,77.03905942213869,1469.6900634765625,28.684789657592773,38.061336517333984,,1,0,0.0,Anthropogenic
30.840025779437806,77.04551641105434,1418.2296142578125,31.375648498535156,44.17131423950195,,1,0,0.0,Anthropogenic
30.840297865887234,77.0458025449183,1439.3797607421875,28.269681930541992,39.492069244384766,,1,0,0.0,Anthropogenic
30.840036429854464,77.0440498693644,1412.787841796875,33.0687370300293,45.5227165222168,,1,0,0.0,Anthropogenic
30.840387179948525,77.04412380235611,1431.3997802734375,33.192291259765625,45.55295944213867,,1,0,0.0,Anthropogenic
30.839395019036893,77.04800191524528,1376.5521240234375,34.6871452331543,49.141578674316406,,1,0,0.0,Anthropogenic
30.83959249044092,77.04823427268526,1372.8031005859375,32.577091217041016,44.907386779785156,,1,0,0.0,Anthropogenic
30.83584012880932,77.04269370498915,1226.2305908203125,23.826553344726562,31.899328231811523,,1,0,0.0,Anthropogenic
30.83497666691855,77.05101127186792,1323.08544921875,29.73631477355957,41.92346954345703,,1,0,0.0,Anthropogenic
30.833973236223574,77.04415403578042,1196.152099609375,30.252553939819336,42.2067756652832,,1,0,0.0,Natural
30.852197556128782,77.03577916592072,1435.3277587890625,32.8558349609375,43.88542175292969,,1,0,0.0,Natural
30.850993195480864,77.03515271811246,1358.8900146484375,26.82025909423828,34.649784088134766,,1,0,0.0,Natural
30.85063939599922,77.03627946485824,1343.7069091796875,35.195430755615234,48.26102066040039,,1,0,0.0,Anthropogenic
30.848980683352078,77.04345413546628,1476.2574462890625,36.80014419555664,52.43352508544922,,1,0,0.0,Natural
30.843522974420257,77.0516896494026,1469.665771484375,33.10102844238281,44.942684173583984,,1,0,0.0,Natural
30.84781233617705,77.05329352582854,1366.31298828125,40.90230941772461,59.50700759887695,,1,0,0.0,Natural
30.830548184978607,77.04998584669742,1219.2564697265625,23.524093627929688,34.46366500854492,,1,0,0.0,Natural
30.829788904062852,77.05002300241206,1190.2137451171875,28.988162994384766,39.56892395019531,,1,0,0.0,Natural
30.82945505632439,77.04979935211209,1164.4927978515625,33.5933723449707,45.84562301635742,,1,0,0.0,Natural
30.828842199852907,77.04953433151238,1127.241943359375,21.877660751342773,29.164609909057617,,1,0,0.0,Natural
30.829201547268195,77.04957904777329,1140.5498046875,29.452611923217773,39.44236373901367,,1,0,0.0,Natural
30.82968109849528,77.04934195515494,1179.934326171875,33.057979583740234,45.5876350402832,,1,0,0.0,Natural
30.829331115282645,77.04904681510264,1156.1815185546875,27.680130004882812,37.8595085144043,,1,0,0.0,Natural
30.851936782015326,77.04765791987306,1269.3402099609375,18.695375442504883,23.4250431060791,,1,0,0.0,Anthropogenic
30.840968837304498,77.04988815850758,1437.780029296875,35.17781066894531,49.172637939453125,,1,0,0.0,Anthropogenic
30.84370413757268,77.04946897933269,1556.4249267578125,34.38788604736328,47.275474548339844,,1,0,0.0,Natural
30.844502164487086,77.05052357035271,1460.7357177734375,33.94074630737305,46.76024627685547,,1,0,0.0,Natural
30.84707035556776,77.04454642282286,1469.478759765625,31.21856117248535,42.86419677734375,,1,0,0.0,Natural
30.84721312713598,77.0448713113822,1436.8238525390625,22.682567596435547,32.47235870361328,,1,0,0.0,Natural
30.84767386760797,77.04506415210633,1423.092041015625,26.889385223388672,36.47343826293945,,1,0,0.0,Natural
30.848514318887613,77.04556227234872,1390.799560546875,16.926115036010742,22.416240692138672,,1,0,0.0,Natural
30.848834406838513,77.04614762995384,1370.82568359375,17.135211944580078,21.647090911865234,,1,0,0.0,Natural
30.84630177334187,77.04302559702009,1539.401611328125,35.0745735168457,51.73261260986328,,1,0,0.0,Anthropogenic
30.846279956780506,77.04240572094794,1572.395263671875,28.799564361572266,38.74964141845703,,1,0,0.0,Anthropogenic
30.845397913955715,77.04324811016062,1590.324951171875,33.9764404296875,47.41590881347656,,1,0,0.0,Anthropogenic
30.845593417835314,77.04349571250118,1559.2918701171875,37.4770622253418,52.903221130371094,,1,0,0.0,Anthropogenic
30.850792100185544,77.04294755939891,1484.1348876953125,35.97598648071289,50.7173957824707,,1,0,0.0,Natural
30.850270145447404,77.04352706589349,1480.072998046875,32.7679443359375,44.691436767578125,,1,0,0.0,Natural
30.848596217244285,77.07383926098912,1370.569580078125,24.77308464050293,32.2099494934082,,1,0,0.0,Natural
30.84807903022792,77.07254859333658,1370.4495849609375,21.089427947998047,27.967466354370117,,1,0,0.0,Anthropogenic
30.833303006919873,77.0790434607847,1480.4464111328125,34.02574157714844,46.8825569152832,,1,0,0.0,Natural
30.835359921853474,77.07867368251456,1577.16259765625,13.63918399810791,18.140819549560547,,1,0,0.0,Natural
30.82759439115967,77.06998623173772,1472.3909912109375,33.20365524291992,45.15407943725586,,1,0,0.0,Natural
30.823666108629144,77.07212215862543,1307.2684326171875,26.142940521240234,33.347564697265625,,1,0,0.0,Natural
30.823531185553048,77.07768367438042,1287.5152587890625,26.200721740722656,34.74568557739258,,1,0,0.0,Natural
30.81897567143317,77.08379595325283,1302.676513671875,33.26587677001953,45.312828063964844,,1,0,0.0,Natural
30.83430096097724,77.13340606092092,1146.9652099609375,17.048486709594727,28.1069278717041,169.64889526367188,1,1,0.0,Natural
30.833981968900552,77.13386109164915,1133.6466064453125,13.803839683532715,17.993724822998047,169.64889526367188,1,1,0.0,Natural
30.834471959112946,77.13403826046901,1141.0289306640625,32.19428253173828,43.24496078491211,169.64889526367188,1,1,0.0,Natural
30.82901966677653,77.14834484426407,1241.39794921875,28.060537338256836,37.8071174621582,169.64889526367188,1,1,0.0,Anthropogenic
30.819556313959374,77.14460617865586,1144.9796142578125,11.618993759155273,15.720340728759766,169.64889526367188,1,1,0.0,Natural
30.819790938057277,77.14394634116108,1156.4019775390625,8.937344551086426,13.635093688964844,169.64889526367188,1,1,0.0,Natural
30.81994961201775,77.14322422861738,1169.0419921875,7.358035564422607,12.266497611999512,169.64889526367188,1,1,0.0,Natural
30.81835159214887,77.15092404320932,1082.8597412109375,35.06557083129883,48.63469696044922,169.64889526367188,1,1,0.0,Natural
30.82322964379972,77.1451194027977,1134.7191162109375,10.996733665466309,19.364160537719727,169.64889526367188,1,1,0.0,Anthropogenic
30.831793997016256,77.15651253639916,1063.54150390625,19.54387092590332,25.482847213745117,169.64889526367188,1,1,0.0,Natural
30.80800495304389,77.13974998463601,1191.0682373046875,26.16316032409668,36.35042190551758,169.64889526367188,1,1,0.0,Natural
30.826628138621164,77.16315011950769,1041.8472900390625,32.3232307434082,45.16133117675781,169.64889526367188,1,1,0.0,Anthropogenic
30.826334277994256,77.16279488243869,1029.4927978515625,36.56119155883789,51.8166618347168,169.64889526367188,1,1,0.0,Anthropogenic
30.826500471952244,77.162329382493,1059.584716796875,43.20911407470703,64.66157531738281,169.64889526367188,1,1,0.0,Anthropogenic
30.826562988486547,77.16269396341163,1054.256103515625,32.906349182128906,48.99345016479492,169.64889526367188,1,1,0.0,Anthropogenic
30.826119286551478,77.16194411383049,1043.1961669921875,41.628753662109375,60.774208068847656,169.64889526367188,1,1,0.0,Anthropogenic
30.82653471377346,77.16177265381074,1100.849853515625,39.25203323364258,57.24424362182617,169.64889526367188,1,1,0.0,Anthropogenic
30.831079819163836,77.15760786456384,1087.3131103515625,28.27277183532715,38.977752685546875,169.64889526367188,1,1,0.0,Anthropogenic
30.831334573353356,77.15839861751734,1077.560791015625,20.345441818237305,28.368389129638672,169.64889526367188,1,1,0.0,Anthropogenic
30.822256628380224,77.16120797318162,1053.4813232421875,29.908832550048828,39.68517303466797,169.64889526367188,1,1,0.0,Natural
30.821714275241487,77.16205065982518,1025.951416015625,15.10271167755127,19.344446182250977,169.64889526367188,1,1,0.0,Natural
30.82344682728493,77.17076007677007,1127.7593994140625,24.50924301147461,32.6301383972168,169.64889526367188,1,1,0.0,Anthropogenic
30.82572199529814,77.16614213960331,1088.080078125,24.36129379272461,33.806175231933594,169.64889526367188,1,1,0.0,Natural
30.82577508082235,77.17916246601374,1175.4267578125,18.572961807250977,28.006027221679688,169.64889526367188,1,1,0.0,Natural
30.83455749655402,77.15947252137572,1035.8909912109375,32.275352478027344,43.95953369140625,169.64889526367188,1,1,0.0,Anthropogenic
30.819075193026787,77.15967223970306,1042.2152099609375,27.375455856323242,37.312469482421875,169.64889526367188,1,1,0.0,Anthropogenic
30.819584695263153,77.15982285193815,1075.49951171875,40.63604736328125,58.714210510253906,169.64889526367188,1,1,0.0,Anthropogenic
30.81991711977729,77.16011535966932,1084.22802734375,46.59102249145508,72.83989715576172,169.64889526367188,1,1,0.0,Natural
30.966940916313643,76.95074120849843,1398.5904541015625,27.376771926879883,36.40906524658203,124.38549041748047,1,1,0.0,Anthropogenic
30.966502919679954,76.95133737474254,1403.2020263671875,20.23441505432129,33.16488265991211,124.38549041748047,1,1,0.0,Anthropogenic
30.963355948928772,76.95290293239628,1348.1634521484375,31.276508331298828,43.25035095214844,124.38549041748047,1,1,0.0,Natural
30.971586418706874,76.98062750811766,1011.6633911132812,34.28813552856445,48.99153137207031,124.38549041748047,1,1,0.0,Anthropogenic
30.962008225980778,76.99253591253597,1232.054443359375,32.789947509765625,46.35612869262695,124.38549041748047,1,1,0.0,Anthropogenic
30.961633018504706,76.99210354387166,1219.1026611328125,32.72303771972656,44.069000244140625,124.38549041748047,1,1,0.0,Anthropogenic
30.964628389564044,76.99348317264584,1347.8240966796875,34.726348876953125,48.40544128417969,124.38549041748047,1,1,0.0,Anthropogenic
30.976688767087886,76.98436365164018,1161.7235107421875,31.03082275390625,42.09587097167969,124.38549041748047,1,1,0.0,Anthropogenic
30.989965387272928,76.97207090438354,973.137451171875,26.028518676757812,35.20518493652344,124.38549041748047,1,1,0.0,Anthropogenic
30.98953591747471,76.97235817052825,929.2679443359375,22.119918823242188,37.14653015136719,124.38549041748047,1,1,0.0,Anthropogenic
30.989705966666733,76.97169042506779,963.5288696289062,16.64270782470703,25.744285583496094,124.38549041748047,1,1,0.0,Anthropogenic
30.997126268458658,76.9781467919878,1065.29931640625,20.06086540222168,28.634841918945312,124.38549041748047,1,1,0.0,Natural
31.006833762412576,76.97968274688226,927.359375,19.080337524414062,23.73897361755371,124.38549041748047,1,1,0.0,Natural
31.006611095507292,76.9789086454548,942.34716796875,5.377237796783447,14.289233207702637,124.38549041748047,1,1,0.0,Natural
31.007272589709324,76.96424123020942,859.99951171875,37.348228454589844,52.40163803100586,124.38549041748047,1,1,0.0,Natural
31.008937617005916,76.96294660022392,902.0155639648438,32.75027084350586,44.45063018798828,124.38549041748047,1,1,0.0,Anthropogenic
31.00948490944818,76.96295602372857,902.1648559570312,26.539840698242188,37.96098709106445,124.38549041748047,1,1,0.0,Anthropogenic
31.009530901328834,76.96352627664595,858.6109008789062,38.37185287475586,55.87165832519531,124.38549041748047,1,1,0.0,Natural
31.010285555247847,76.96363527020276,892.5830078125,39.06650924682617,56.521724700927734,124.38549041748047,1,1,0.0,Anthropogenic
31.01072900455941,76.96370096080973,929.6025390625,28.856361389160156,40.493988037109375,124.38549041748047,1,1,0.0,Anthropogenic
31.006387827331476,76.95913743819922,947.1719970703125,28.777673721313477,38.13010787963867,124.38549041748047,1,1,0.0,Natural
31.00881926576232,76.95993572716816,919.2254028320312,31.87366485595703,42.970069885253906,124.38549041748047,1,1,0.0,Natural
31.01098207252578,76.95987456977308,919.7232666015625,29.920900344848633,40.32658004760742,124.38549041748047,1,1,0.0,Anthropogenic
31.011206504663523,76.96036985942604,912.782958984375,26.31618881225586,35.64393615722656,124.38549041748047,1,1,0.0,Natural
31.010723536569767,76.95925366997447,938.498046875,28.54910659790039,37.825740814208984,124.38549041748047,1,1,0.0,Anthropogenic
31.007058324772178,76.96195452117306,919.0704345703125,36.550167083740234,52.159690856933594,124.38549041748047,1,1,0.0,Natural
31.00687965683597,76.96121839359586,948.7380981445312,21.563013076782227,29.34849739074707,124.38549041748047,1,1,0.0,Anthropogenic
30.975505866427973,77.01578156240576,1011.0115966796875,21.970834732055664,36.770179748535156,124.38549041748047,1,1,0.0,Natural
30.97824496312351,77.01271580001871,1008.9383544921875,32.089561462402344,43.40363311767578,124.38549041748047,1,1,0.0,Natural
30.978033376644476,77.01431673022452,1016.1677856445312,24.93024253845215,35.81785202026367,124.38549041748047,1,1,0.0,Natural
30.977503574012946,77.007138366381,1042.1195068359375,23.20462417602539,30.061044692993164,124.38549041748047,1,1,0.0,Natural
30.97749752157295,77.00677032546655,1015.7266845703125,29.2695255279541,39.330238342285156,124.38549041748047,1,1,0.0,Anthropogenic
31.002251362524014,77.02309251179265,1019.1271362304688,28.4514217376709,38.798221588134766,124.38549041748047,1,1,0.0,Natural
31.002963960823507,77.02297760728061,998.3169555664062,33.46993637084961,45.64862823486328,124.38549041748047,1,1,0.0,Natural
31.003593753394895,77.02300783400277,977.0134887695312,33.37527084350586,45.8459358215332,124.38549041748047,1,1,0.0,Natural
31.004083567962507,77.02298066925691,953.5554809570312,14.45871353149414,31.554792404174805,124.38549041748047,1,1,0.0,Natural
31.005866844404814,77.02027268452426,951.4159545898438,27.284099578857422,35.708763122558594,124.38549041748047,1,1,0.0,Natural
31.00543857928415,77.01916829540635,986.6306762695312,25.5146427154541,34.13185119628906,124.38549041748047,1,1,0.0,Natural
31.005230075408207,77.02335094808728,932.943603515625,27.78360366821289,39.05258560180664,124.38549041748047,1,1,0.0,Natural
31.00558900767563,77.02786586175016,993.7973022460938,24.57441520690918,32.323097229003906,124.38549041748047,1,1,0.0,Natural
31.006260796751135,77.02338976146387,934.8875122070312,36.99215316772461,53.95277404785156,124.38549041748047,1,1,0.0,Natural
31.009100036186304,77.02361245466835,1014.0186157226562,12.094971656799316,20.8629207611084,124.38549041748047,1,1,0.0,Natural
31.00205749032561,77.03728281599004,1038.116943359375,16.245018005371094,22.62771987915039,124.38549041748047,1,1,0.0,Natural
31.002189653615357,77.0380779064852,1044.8974609375,16.779285430908203,21.15593910217285,124.38549041748047,1,1,0.0,Natural
31.00181471524758,77.03686841618577,1043.223388671875,25.130842208862305,31.966014862060547,124.38549041748047,1,1,0.0,Natural
31.042885322585214,77.01878342265877,1226.2520751953125,32.79489517211914,45.19694900512695,124.38549041748047,1,1,0.0,Natural
31.045003091932216,77.01791491744659,1328.600830078125,31.209815979003906,42.12320327758789,124.38549041748047,1,1,0.0,Natural
31.069730085114138,77.03072239177763,1374.5738525390625,34.90324020385742,49.37286376953125,124.38549041748047,1,1,0.0,Natural
31.065271562339483,77.04614205637323,1320.3006591796875,30.802291870117188,43.39113235473633,124.38549041748047,1,1,0.0,Anthropogenic
31.078473503754747,77.03041354926921,1148.5205078125,28.36501693725586,40.13591766357422,124.38549041748047,1,1,0.0,Natural
31.10031783966064,77.01958925764542,1168.569091796875,12.466096878051758,21.45454978942871,124.38549041748047,1,1,0.0,Anthropogenic
31.097020263187797,77.00729014492553,1043.623046875,31.6295166015625,42.913631439208984,124.38549041748047,1,1,0.0,Anthropogenic
31.106477729097417,77.02075645096686,1062.08349609375,10.747580528259277,17.33110809326172,124.38549041748047,1,1,0.0,Natural
31.10817479201193,77.00987442448665,1010.39599609375,40.0955810546875,59.14949035644531,124.38549041748047,1,1,0.0,Anthropogenic
31.112690858741047,77.00209763685956,947.01611328125,32.855098724365234,49.93817901611328,124.38549041748047,1,1,0.0,Anthropogenic
30.915433140479387,77.01805749077094,1260.2528076171875,24.06954002380371,30.77588653564453,124.38549041748047,1,1,0.0,Natural
30.921532183346173,77.01699781418202,1197.767578125,25.6986026763916,34.86034393310547,124.38549041748047,1,1,0.0,Natural
30.92011016913297,77.01752738482159,1195.494384765625,25.600221633911133,38.499420166015625,124.38549041748047,1,1,0.0,Natural
30.928006895937504,77.00957077650709,1154.88671875,32.437679290771484,44.333675384521484,124.38549041748047,1,1,0.0,Natural
30.926371783236487,77.0145527804554,1199.5858154296875,33.102195739746094,45.241294860839844,124.38549041748047,1,1,0.0,Natural
30.932946427671407,77.00250106894651,1110.6868896484375,37.87263107299805,55.709014892578125,124.38549041748047,1,1,0.0,Natural
30.933013366151112,77.0010298995164,1173.6072998046875,28.892391204833984,38.00190353393555,124.38549041748047,1,1,0.0,Anthropogenic
30.931559616640673,77.00168046037669,1212.559326171875,28.825122833251953,38.40270233154297,124.38549041748047,1,1,0.0,Natural
30.931967413015276,77.0026201113022,1170.444580078125,43.910423278808594,66.43559265136719,124.38549041748047,1,1,0.0,Natural
30.929132293774263,77.00461655439304,1180.8509521484375,37.17609786987305,52.61640548706055,124.38549041748047,1,1,0.0,Natural
30.928166049440307,77.00478388706897,1190.635986328125,32.004764556884766,44.683921813964844,124.38549041748047,1,1,0.0,Natural
30.93704534084962,77.00015440295489,1152.2012939453125,14.572297096252441,20.727006912231445,124.38549041748047,1,1,0.0,Natural
30.951233702756145,77.00084840284995,1252.700927734375,28.663516998291016,38.0600700378418,124.38549041748047,1,1,0.0,Anthropogenic
30.996434144889122,76.99692730911643,934.8753662109375,41.835693359375,61.42576217651367,124.38549041748047,1,1,0.0,Natural
31.02807863322121,76.97355153852952,895.6497192382812,37.191375732421875,52.72262191772461,124.38549041748047,1,1,0.0,Natural
31.03123060868833,76.97134577260026,919.0272827148438,23.2662410736084,30.548078536987305,124.38549041748047,1,1,0.0,Natural
31.031839439748577,76.96999815926195,906.9342651367188,11.262617111206055,26.66238784790039,124.38549041748047,1,1,0.0,Natural
31.026368655151014,76.97500539495303,856.1387939453125,20.338903427124023,28.466623306274414,124.38549041748047,1,1,0.0,Natural
31.025267390269093,76.97845960770731,905.923583984375,26.098352432250977,34.95181655883789,124.38549041748047,1,1,0.0,Natural
31.025088167798238,76.97463562560219,852.4715576171875,34.12050247192383,50.60525894165039,124.38549041748047,1,1,0.0,Anthropogenic
31.03756402519887,76.9759333076956,929.5223999023438,26.484651565551758,35.77123260498047,124.38549041748047,1,1,0.0,Natural
31.038353456655955,76.97361407583148,945.74365234375,13.729077339172363,17.69651985168457,124.38549041748047,1,1,0.0,Natural
31.038700200371657,76.97234770987069,973.7946166992188,16.736412048339844,21.936460494995117,124.38549041748047,1,1,0.0,Anthropogenic
31.039104971337874,76.97286558293695,956.8403930664062,13.497296333312988,20.470659255981445,124.38549041748047,1,1,0.0,Natural
31.095894964234613,77.01247408504005,1076.4439697265625,16.855680465698242,21.795690536499023,124.38549041748047,1,1,0.0,Natural
31.042787023811503,77.03863326663257,1250.6954345703125,35.34892272949219,49.22377395629883,124.38549041748047,1,1,0.0,Anthropogenic
31.01888838784882,77.03547786171308,1025.791015625,27.570720672607422,37.84424591064453,124.38549041748047,1,1,0.0,Natural
31.015694061352715,77.04040847493957,1032.400390625,24.218542098999023,35.13279724121094,124.38549041748047,1,1,0.0,Natural
31.00456013370935,77.0284108008245,971.5855102539062,35.78361892700195,49.9385871887207,124.38549041748047,1,1,0.0,Anthropogenic
31.004551454940593,77.02872705004097,977.267578125,37.21852111816406,52.642372131347656,124.38549041748047,1,1,0.0,Anthropogenic
31.0043410940173,77.02953472475131,1004.5694580078125,34.476871490478516,48.42577362060547,124.38549041748047,1,1,0.0,Anthropogenic
31.002897304147442,77.03208405548027,966.9945068359375,32.230796813964844,42.86207580566406,124.38549041748047,1,1,0.0,Anthropogenic
30.916165335649715,77.02786122089235,1261.5201416015625,24.883617401123047,35.377010345458984,124.38549041748047,1,1,0.0,Anthropogenic
30.916687576898557,77.02832447098402,1302.075439453125,24.29377555847168,32.66006088256836,124.38549041748047,1,1,0.0,Anthropogenic
30.916338429015646,77.02799392385575,1283.304931640625,36.92050552368164,52.70222473144531,124.38549041748047,1,1,0.0,Anthropogenic
30.93004281754932,77.16163597301717,1125.6663818359375,45.376434326171875,69.77522277832031,100.44458770751953,1,1,0.0,Anthropogenic
30.92700107912127,77.15940629065678,1039.2435302734375,37.972694396972656,55.3738899230957,100.44458770751953,1,1,0.0,Anthropogenic
30.97101603429543,76.9899360955292,1237.6917724609375,27.784238815307617,39.02071762084961,124.38549041748047,1,1,0.0,Anthropogenic
30.971601254600262,76.98727044388177,1132.5867919921875,17.72667694091797,28.253429412841797,124.38549041748047,1,1,0.0,Anthropogenic
30.946821417331808,76.9793234294079,1053.213623046875,17.582500457763672,22.303430557250977,124.38549041748047,1,1,0.0,Natural
30.942934818640275,76.98037036209506,1126.4862060546875,15.04183578491211,19.576583862304688,124.38549041748047,1,1,0.0,Natural
30.94381698563508,76.9788191634613,1097.1982421875,33.53376388549805,47.4278450012207,124.38549041748047,1,1,0.0,Natural
30.945659325608624,76.97901450622463,1058.05615234375,16.750986099243164,21.89798355102539,124.38549041748047,1,1,0.0,Natural
30.946110121749907,76.97914422429791,1055.0919189453125,21.171579360961914,29.088979721069336,124.38549041748047,1,1,0.0,Natural
30.947115275669756,76.97992782955896,1030.7818603515625,21.243206024169922,27.100379943847656,124.38549041748047,1,1,0.0,Natural
30.942761007446002,76.97910009216815,1125.9151611328125,30.205097198486328,43.04451370239258,124.38549041748047,1,1,0.0,Natural
30.920162787195917,77.01814221983648,1215.8031005859375,27.582075119018555,37.10219192504883,124.38549041748047,1,1,0.0,Natural
30.92598416670286,77.0127592173759,1158.046142578125,18.05586051940918,23.853076934814453,124.38549041748047,1,1,0.0,Natural
30.92611031688237,77.01033473883669,1147.3975830078125,19.710355758666992,24.78610610961914,124.38549041748047,1,1,0.0,Natural
30.928559929566823,77.01076609136338,1183.171875,31.76877784729004,43.007991790771484,124.38549041748047,1,1,0.0,Natural
30.929552153957516,77.00824003661157,1159.9169921875,31.863813400268555,42.57109832763672,124.38549041748047,1,1,0.0,Anthropogenic
30.92930698733963,77.00950461990804,1198.9915771484375,23.49675941467285,31.897653579711914,124.38549041748047,1,1,0.0,Natural
30.928806405003744,77.0044475081466,1200.8056640625,32.51205825805664,44.46072006225586,124.38549041748047,1,1,0.0,Natural
30.93062192554124,77.00333350576612,1201.30859375,20.297502517700195,26.03462791442871,124.38549041748047,1,1,0.0,Natural
30.932621516665286,77.00755102049494,1179.0579833984375,20.64349365234375,29.905323028564453,124.38549041748047,1,1,0.0,Natural
30.934198897140273,77.00608126390215,1159.76318359375,32.96864318847656,44.86161804199219,124.38549041748047,1,1,0.0,Natural
30.933774650525322,77.00663387868886,1146.2442626953125,22.193695068359375,33.03433609008789,124.38549041748047,1,1,0.0,Natural
30.93104299000416,77.00480247207572,1130.8836669921875,39.0047492980957,56.60933303833008,124.38549041748047,1,1,0.0,Anthropogenic
30.930344070829097,77.0045740840391,1185.9415283203125,35.444522857666016,49.859928131103516,124.38549041748047,1,1,0.0,Natural
30.934987070077685,77.00731256962779,1164.7216796875,23.037511825561523,30.76569175720215,124.38549041748047,1,1,0.0,Natural
30.938170743283028,77.00578466575611,1134.990234375,36.30661392211914,52.275001525878906,124.38549041748047,1,1,0.0,Natural
30.935576359425813,77.0070825252815,1187.2081298828125,25.86437225341797,37.099727630615234,124.38549041748047,1,1,0.0,Natural
30.93731700996697,77.00040687796005,1150.869140625,18.09281349182129,24.958112716674805,124.38549041748047,1,1,0.0,Natural
30.937898088421665,77.00152072951954,1121.3677978515625,37.558387756347656,54.20182800292969,124.38549041748047,1,1,0.0,Natural
30.936671447790815,76.99472224592199,1103.8858642578125,23.40145492553711,30.953927993774414,124.38549041748047,1,1,0.0,Natural
30.93728075184953,76.99432112445334,1117.8388671875,28.560543060302734,36.94624328613281,124.38549041748047,1,1,0.0,Natural
30.944365055773307,76.99571415120904,1054.2467041015625,25.90073013305664,35.31962966918945,124.38549041748047,1,1,0.0,Anthropogenic
30.95261354956213,76.97596008485563,1096.2877197265625,13.421554565429688,19.153160095214844,124.38549041748047,1,1,0.0,Natural
30.952888037085508,76.97622760960975,1094.872314453125,23.78763198852539,29.835811614990234,124.38549041748047,1,1,0.0,Natural
30.95408954714906,76.97667633423299,1070.1898193359375,20.08039093017578,28.311809539794922,124.38549041748047,1,1,0.0,Natural
30.954635712841394,76.97703875690965,1068.81005859375,18.52971076965332,26.421592712402344,124.38549041748047,1,1,0.0,Natural
30.95571139304022,76.97756831839926,1066.2198486328125,23.042810440063477,32.140323638916016,124.38549041748047,1,1,0.0,Natural
30.95396985385469,76.97491182858717,1062.851318359375,32.19326400756836,43.63080978393555,124.38549041748047,1,1,0.0,Natural
30.954421602435048,76.97540442793272,1057.0194091796875,20.39553451538086,32.46009063720703,124.38549041748047,1,1,0.0,Natural
30.954275129375606,76.97429930949721,1100.882568359375,7.782572269439697,11.829313278198242,124.38549041748047,1,1,0.0,Natural
30.949860348758083,76.98172802427963,1015.5604858398438,31.452577590942383,42.466983795166016,124.38549041748047,1,1,0.0,Natural
30.949923951675494,76.9803923326731,1067.1119384765625,26.18874740600586,40.07487106323242,124.38549041748047,1,1,0.0,Natural
30.949341624553835,76.97924175191682,1090.249755859375,23.270666122436523,30.30565643310547,124.38549041748047,1,1,0.0,Anthropogenic
30.949955561434166,76.97932598388645,1103.52001953125,22.90306854248047,29.70348358154297,124.38549041748047,1,1,0.0,Anthropogenic
30.949239151785722,76.97967154407125,1068.0157470703125,19.645307540893555,24.77326011657715,124.38549041748047,1,1,0.0,Natural
30.949298433040713,76.98096678660166,1016.6775512695312,24.681880950927734,34.291236877441406,124.38549041748047,1,1,0.0,Natural
30.946874568971477,76.97786482953268,1092.21630859375,18.703035354614258,23.276243209838867,124.38549041748047,1,1,0.0,Natural
30.94736636173561,76.97613819380832,1139.8028564453125,25.910400390625,34.23603057861328,124.38549041748047,1,1,0.0,Anthropogenic
30.942956218252665,76.97433936319021,1180.7957763671875,26.24109649658203,34.754112243652344,124.38549041748047,1,1,0.0,Natural
30.944204604956045,76.97607111011993,1120.6920166015625,30.28195571899414,41.224647521972656,124.38549041748047,1,1,0.0,Natural
30.942673542416216,76.97464077948598,1160.0457763671875,28.53396987915039,39.444854736328125,124.38549041748047,1,1,0.0,Natural
30.94230020419352,76.96867078621415,1339.0736083984375,33.257408142089844,44.83767318725586,124.38549041748047,1,1,0.0,Natural
30.95941352636919,76.97622922327186,1002.9343872070312,9.885009765625,24.271081924438477,124.38549041748047,1,1,0.0,Natural
30.95978611398217,76.973699037133,1060.8922119140625,19.240907669067383,25.951650619506836,124.38549041748047,1,1,0.0,Natural
30.959002687874165,76.97363024349166,1060.01904296875,22.53629493713379,30.30516242980957,124.38549041748047,1,1,0.0,Natural
30.960543541516113,76.97455961184862,1014.0758056640625,27.253055572509766,36.37022399902344,124.38549041748047,1,1,0.0,Natural
30.957137875982504,76.97331936238238,1055.6158447265625,25.153209686279297,33.140995025634766,124.38549041748047,1,1,0.0,Natural
30.957595928018232,76.97407866568904,1043.8046875,30.60558319091797,39.658390045166016,124.38549041748047,1,1,0.0,Natural
30.956786199113825,76.97638164500505,1019.584228515625,16.18996810913086,25.43126106262207,124.38549041748047,1,1,0.0,Natural
30.958963921284983,76.97851495617118,1007.3670043945312,15.824180603027344,26.32977867126465,124.38549041748047,1,1,0.0,Anthropogenic
30.958663402023493,76.97597692016734,1000.9409790039062,18.1760196685791,24.955373764038086,124.38549041748047,1,1,0.0,Natural
30.96129401012379,76.97306656919632,1040.755859375,32.710365295410156,44.40936279296875,124.38549041748047,1,1,0.0,Natural
30.961675561324252,76.97264425439423,1055.52587890625,18.770597457885742,25.857383728027344,124.38549041748047,1,1,0.0,Natural
30.961913359824276,76.9728534208308,1053.0213623046875,15.80138111114502,22.141708374023438,124.38549041748047,1,1,0.0,Natural
30.961589814303988,76.97423544950104,991.4913330078125,8.96371841430664,18.775564193725586,124.38549041748047,1,1,0.0,Natural
30.96218304095015,76.97387428651625,1007.6083984375,23.788665771484375,29.657211303710938,124.38549041748047,1,1,0.0,Natural
30.96189251599967,76.9732549122052,1032.3372802734375,25.531816482543945,33.16416549682617,124.38549041748047,1,1,0.0,Natural
30.96056414473523,76.97545445160014,985.4747314453125,27.85257339477539,35.85875701904297,124.38549041748047,1,1,0.0,Natural
30.962383511038094,76.97435176218552,982.1629638671875,23.998353958129883,31.33194351196289,124.38549041748047,1,1,0.0,Anthropogenic
30.963143228093035,76.97101919237281,1039.56103515625,25.655473709106445,34.927223205566406,124.38549041748047,1,1,0.0,Natural
30.96080668739913,76.97689562185091,1044.4400634765625,24.288536071777344,31.653024673461914,124.38549041748047,1,1,0.0,Natural
30.963316424534977,76.96544755123692,1085.1739501953125,35.13886642456055,49.70783233642578,124.38549041748047,1,1,0.0,Anthropogenic
30.96500748700031,76.96628250805335,1021.1962280273438,18.359275817871094,31.119638442993164,124.38549041748047,1,1,0.0,Anthropogenic
30.96532539550285,76.96580050800571,1056.6409912109375,27.378559112548828,40.651912689208984,124.38549041748047,1,1,0.0,Natural
30.966494276173847,76.96686431850324,1010.931884765625,28.352705001831055,38.51569366455078,124.38549041748047,1,1,0.0,Anthropogenic
30.967066920986632,76.96744755010731,1023.1781616210938,35.219032287597656,49.542091369628906,124.38549041748047,1,1,0.0,Anthropogenic
30.962440218341936,76.96094575942908,1096.0657958984375,29.581300735473633,41.7049560546875,124.38549041748047,1,1,0.0,Anthropogenic
30.963928400959983,76.9619337581598,1107.111572265625,23.068531036376953,32.770790100097656,124.38549041748047,1,1,0.0,Anthropogenic
30.975111422103733,76.96321093438591,1010.6792602539062,22.815696716308594,30.638446807861328,124.38549041748047,1,1,0.0,Natural
30.97566329829931,76.96334008052786,1011.0357666015625,24.959457397460938,38.70343017578125,124.38549041748047,1,1,0.0,Natural
30.97605711725889,76.96369082510026,980.1921997070312,27.27897834777832,38.1529655456543,124.38549041748047,1,1,0.0,Natural
30.977589673431115,76.96477341715556,980.8682861328125,6.9348602294921875,18.82738494873047,124.38549041748047,1,1,0.0,Natural
30.97807636823452,76.96516230646664,980.1474609375,5.6624579429626465,28.27284049987793,124.38549041748047,1,1,0.0,Natural
30.97723796129879,76.96336417658277,971.4286499023438,20.46012306213379,26.979663848876953,124.38549041748047,1,1,0.0,Natural
30.980358604098065,76.96405344833869,970.6746826171875,29.448684692382812,40.287376403808594,124.38549041748047,1,1,0.0,Natural
30.979990893058083,76.96454811910364,949.737548828125,28.096635818481445,38.42864227294922,124.38549041748047,1,1,0.0,Natural
30.980443581331386,76.9659774711441,955.0770874023438,8.831583976745605,14.860340118408203,124.38549041748047,1,1,0.0,Natural
30.980887888852337,76.96410701090456,972.7742919921875,27.4354305267334,39.69008255004883,124.38549041748047,1,1,0.0,Natural
30.98115875509093,76.96445550511432,944.4779052734375,37.232818603515625,52.75727844238281,124.38549041748047,1,1,0.0,Natural
30.981362531696256,76.9639285254235,975.9280395507812,29.424983978271484,41.85221862792969,124.38549041748047,1,1,0.0,Natural
30.98075390289837,76.96235381133661,965.9354248046875,26.26703453063965,34.6186637878418,124.38549041748047,1,1,0.0,Natural
30.984778836047536,76.96288777333099,955.59326171875,26.596555709838867,35.8380126953125,124.38549041748047,1,1,0.0,Natural
30.98360039691709,76.96170363380642,945.16455078125,34.677825927734375,48.88377380371094,124.38549041748047,1,1,0.0,Natural
30.98273336652076,76.96457607674857,910.38671875,22.039447784423828,29.96183204650879,124.38549041748047,1,1,0.0,Natural
30.982081838014206,76.96398512252259,967.973876953125,37.76653289794922,54.619998931884766,124.38549041748047,1,1,0.0,Natural
30.983549075309817,76.96562244756821,980.3726196289062,17.22225570678711,25.16724967956543,124.38549041748047,1,1,0.0,Natural
30.980862671115116,76.96949517611107,994.01953125,12.912666320800781,17.319190979003906,124.38549041748047,1,1,0.0,Natural
30.98053208407076,76.97136354349468,986.5238037109375,16.009052276611328,21.58789825439453,124.38549041748047,1,1,0.0,Natural
30.98139896073685,76.97109467325343,975.8983154296875,17.731239318847656,23.536117553710938,124.38549041748047,1,1,0.0,Natural
30.98124044739427,76.96964775720915,983.6870727539062,15.987119674682617,20.532114028930664,124.38549041748047,1,1,0.0,Natural
30.981539441809634,76.9698357865383,992.1394653320312,16.995847702026367,27.60478401184082,124.38549041748047,1,1,0.0,Natural
30.981931701578922,76.97014831027519,965.2205200195312,17.24437713623047,24.25147247314453,124.38549041748047,1,1,0.0,Natural
30.97948428700809,76.96743323223733,990.5361328125,16.634130477905273,20.327049255371094,124.38549041748047,1,1,0.0,Natural
30.97937932735676,76.97192364610642,970.0204467773438,17.253511428833008,23.623252868652344,124.38549041748047,1,1,0.0,Anthropogenic
30.98006850387248,76.96927907953436,1003.8505859375,9.758025169372559,14.03305435180664,124.38549041748047,1,1,0.0,Natural
30.98110888621881,76.97211140629705,967.7858276367188,18.748937606811523,29.722314834594727,124.38549041748047,1,1,0.0,Natural
30.980456674954144,76.96796999353327,971.9588012695312,23.918357849121094,30.724403381347656,124.38549041748047,1,1,0.0,Natural
30.980286603046995,76.96752432310124,1000.09521484375,10.579784393310547,27.2897891998291,124.38549041748047,1,1,0.0,Natural
30.979793190343884,76.96778036727807,988.9453125,15.88160514831543,22.019428253173828,124.38549041748047,1,1,0.0,Natural
30.98261211401815,76.969447769745,966.486572265625,20.668962478637695,30.188949584960938,124.38549041748047,1,1,0.0,Natural
30.98271862782206,76.97144912671263,974.617431640625,26.682498931884766,38.630985260009766,124.38549041748047,1,1,0.0,Natural
30.981590692609746,76.96774285118708,961.4360961914062,17.433734893798828,23.64789390563965,124.38549041748047,1,1,0.0,Natural
30.982527315334927,76.96648972478016,989.405517578125,20.473798751831055,37.45637130737305,124.38549041748047,1,1,0.0,Natural
30.982917069196507,76.96647348318545,987.9165649414062,4.784339904785156,19.92024040222168,124.38549041748047,1,1,0.0,Natural
30.983575831309867,76.96676618049858,979.1959838867188,16.99080467224121,21.366840362548828,124.38549041748047,1,1,0.0,Natural
30.9830197037001,76.967306615775,955.086181640625,30.41233253479004,40.87986755371094,124.38549041748047,1,1,0.0,Natural
30.983267757518668,76.96814831245797,919.5604858398438,10.747722625732422,19.73013687133789,124.38549041748047,1,1,0.0,Natural
30.983600111422405,76.96832767319785,910.0682983398438,17.2772274017334,23.1850643157959,124.38549041748047,1,1,0.0,Natural
30.98370521462605,76.96913944563325,924.8883056640625,28.928682327270508,39.08657455444336,124.38549041748047,1,1,0.0,Natural
30.984397421035354,76.96723303084445,968.43603515625,23.059078216552734,30.254684448242188,124.38549041748047,1,1,0.0,Natural
30.983835701537757,76.96771955798725,937.9769287109375,29.11851692199707,38.00041961669922,124.38549041748047,1,1,0.0,Natural
30.982851184592526,76.97164306458362,954.9293823242188,33.20489501953125,45.3618278503418,124.38549041748047,1,1,0.0,Natural
30.983061981655332,76.97184336646725,935.658935546875,33.20489501953125,45.3618278503418,124.38549041748047,1,1,0.0,Natural
30.98324362614345,76.97194305275474,939.528076171875,31.131900787353516,42.321319580078125,124.38549041748047,1,1,0.0,Natural
30.9835712091683,76.97227821673017,918.84326171875,31.465961456298828,44.782127380371094,124.38549041748047,1,1,0.0,Natural
30.98372517493032,76.97131471000192,932.4069213867188,32.12649917602539,42.97361755371094,124.38549041748047,1,1,0.0,Natural
30.9796898943684,76.97395943239262,949.7748413085938,30.681480407714844,40.43552780151367,124.38549041748047,1,1,0.0,Natural
30.985166727399275,76.96732474870015,959.9396362304688,21.111406326293945,28.96482276916504,124.38549041748047,1,1,0.0,Natural
30.985550350530776,76.96768081601326,935.2353515625,24.707847595214844,32.085628509521484,124.38549041748047,1,1,0.0,Natural
30.98482770395719,76.96802815003687,932.8887939453125,25.674287796020508,34.959468841552734,124.38549041748047,1,1,0.0,Natural
30.98773360398303,76.9677912862559,945.2946166992188,19.117963790893555,36.585693359375,124.38549041748047,1,1,0.0,Natural
30.986021067126774,76.9677210804456,928.4418334960938,25.81038475036621,34.438045501708984,124.38549041748047,1,1,0.0,Natural
30.986192497566158,76.9675255490719,941.8951416015625,18.991436004638672,25.321067810058594,124.38549041748047,1,1,0.0,Natural
30.985460388687933,76.96867221656215,903.5099487304688,16.473928451538086,24.931659698486328,124.38549041748047,1,1,0.0,Natural
30.98600611990134,76.96858506761843,890.806640625,10.373560905456543,25.297420501708984,124.38549041748047,1,1,0.0,Natural
30.98571347949435,76.9685659628965,897.5437622070312,13.401961326599121,22.46114730834961,124.38549041748047,1,1,0.0,Natural
30.987873224911837,76.96846280329815,892.9954223632812,16.150739669799805,33.08195114135742,124.38549041748047,1,1,0.0,Natural
30.986705566770517,76.96850634169924,891.1785278320312,4.328126430511475,23.26275062561035,124.38549041748047,1,1,0.0,Natural
30.98677543736823,76.96398633479933,934.2412719726562,19.238622665405273,24.660276412963867,124.38549041748047,1,1,0.0,Natural
30.987808864110832,76.96525849211555,916.8255615234375,30.317256927490234,41.05033874511719,124.38549041748047,1,1,0.0,Natural
30.98865811898806,76.96606332971352,883.5623779296875,21.9770565032959,29.453662872314453,124.38549041748047,1,1,0.0,Natural
30.987330279741034,76.96476420384256,938.4418334960938,24.097379684448242,36.210140228271484,124.38549041748047,1,1,0.0,Natural
30.987909106228226,76.96454524178657,951.1920776367188,20.36869239807129,24.527406692504883,124.38549041748047,1,1,0.0,Natural
30.98740518826191,76.96419907150829,953.9694213867188,16.57738494873047,21.945114135742188,124.38549041748047,1,1,0.0,Anthropogenic
30.98776902595871,76.96403010437926,960.58642578125,12.05088996887207,18.981489181518555,124.38549041748047,1,1,0.0,Anthropogenic
30.988983347238577,76.96491568787245,936.8756103515625,25.205753326416016,33.03658676147461,124.38549041748047,1,1,0.0,Natural
30.98962473932346,76.9651576820835,936.6484375,23.06572151184082,30.832223892211914,124.38549041748047,1,1,0.0,Natural
30.989388202723354,76.96571704913157,903.243896484375,21.678579330444336,32.551815032958984,124.38549041748047,1,1,0.0,Natural
30.989415162566193,76.96606805221904,896.1898193359375,22.02398681640625,30.06322479248047,124.38549041748047,1,1,0.0,Anthropogenic
30.99022989081353,76.96550445688224,945.8959350585938,15.931615829467773,29.578935623168945,124.38549041748047,1,1,0.0,Natural
30.99024181817965,76.96585377879614,926.2999877929688,34.5062370300293,47.84846878051758,124.38549041748047,1,1,0.0,Anthropogenic
30.986250666532115,76.96450257748832,906.6170043945312,24.113807678222656,30.68212890625,124.38549041748047,1,1,0.0,Anthropogenic
30.990722775398716,76.96658413494882,905.9384155273438,31.487930297851562,44.209285736083984,124.38549041748047,1,1,0.0,Anthropogenic
30.990694983106636,76.96697346021338,900.9307250976562,29.944238662719727,41.08366775512695,124.38549041748047,1,1,0.0,Anthropogenic
30.99056607785601,76.96595772666396,933.4325561523438,29.816471099853516,40.76457214355469,124.38549041748047,1,1,0.0,Anthropogenic
30.99170885838824,76.96785682663999,886.4165649414062,36.071998596191406,50.67169189453125,124.38549041748047,1,1,0.0,Natural
30.990903500167665,76.96606256473531,932.1064453125,18.355600357055664,31.123689651489258,124.38549041748047,1,1,0.0,Anthropogenic
31.00333386106198,76.96200075822563,923.3399658203125,30.515382766723633,42.334903717041016,124.38549041748047,1,1,0.0,Anthropogenic
31.0033940478941,76.96239161477938,920.0994873046875,27.36823272705078,36.8728141784668,124.38549041748047,1,1,0.0,Natural
31.00338613562331,76.9628079928738,927.9868774414062,27.763015747070312,37.42335891723633,124.38549041748047,1,1,0.0,Natural
31.00413561164956,76.96194200584671,937.9029541015625,30.954565048217773,40.96332550048828,124.38549041748047,1,1,0.0,Anthropogenic
31.00627177896265,76.96107654924906,940.0346069335938,28.232688903808594,37.41091537475586,124.38549041748047,1,1,0.0,Anthropogenic
31.002419239772905,76.95720162154595,962.8995971679688,36.94244384765625,51.3780403137207,124.38549041748047,1,1,0.0,Natural
31.002871369259648,76.95744766167293,972.4487915039062,39.05989074707031,57.01081466674805,124.38549041748047,1,1,0.0,Natural
31.002927746102426,76.95776785357782,990.6627197265625,30.707874298095703,48.486663818359375,124.38549041748047,1,1,0.0,Natural
31.00304274434093,76.95829726729842,975.3934936523438,40.60975646972656,61.98389434814453,124.38549041748047,1,1,0.0,Natural
31.003110876334528,76.95857041133141,960.2921752929688,42.497982025146484,62.0302734375,124.38549041748047,1,1,0.0,Natural
31.00330677124621,76.95894672295766,973.755126953125,38.79840850830078,55.9015007019043,124.38549041748047,1,1,0.0,Natural
31.00556100528912,76.95891856158063,939.0565185546875,18.33586311340332,33.59906005859375,124.38549041748047,1,1,0.0,Natural
31.006554158363066,76.95388353720895,1059.2926025390625,25.94670295715332,35.167118072509766,124.38549041748047,1,1,0.0,Natural
31.005993772978137,76.95371666721388,1058.0325927734375,24.530216217041016,31.85373878479004,124.38549041748047,1,1,0.0,Anthropogenic
31.00574950842663,76.95087600035241,1119.576904296875,36.308380126953125,50.59859085083008,124.38549041748047,1,1,0.0,Anthropogenic
31.005271815213717,76.95064401869638,1129.1700439453125,36.536964416503906,51.77338409423828,124.38549041748047,1,1,0.0,Anthropogenic
31.005961146382557,76.95235724723496,1073.233154296875,26.68749237060547,35.97053527832031,124.38549041748047,1,1,0.0,Anthropogenic
31.01398286461519,76.95767503294222,905.529052734375,19.481359481811523,25.662982940673828,124.38549041748047,1,1,0.0,Natural
31.014607428504576,76.95726903672303,915.2208862304688,10.287528038024902,19.31537437438965,124.38549041748047,1,1,0.0,Natural
31.01467799273218,76.95764542351401,899.83203125,18.961849212646484,27.860746383666992,124.38549041748047,1,1,0.0,Natural
31.015305514906935,76.95812044898437,888.6029663085938,28.701608657836914,37.33880615234375,124.38549041748047,1,1,0.0,Natural
31.01549853460578,76.95869389263076,862.5420532226562,12.958539962768555,26.184904098510742,124.38549041748047,1,1,0.0,Natural
31.01579915834633,76.95859911138321,868.2645874023438,19.80286979675293,29.270360946655273,124.38549041748047,1,1,0.0,Natural
31.01587718634204,76.95905345008194,845.1166381835938,11.291749000549316,20.553592681884766,124.38549041748047,1,1,0.0,Natural
31.014805610324885,76.9560515984086,925.8486328125,12.902566909790039,18.58021354675293,124.38549041748047,1,1,0.0,Anthropogenic
31.01608164776605,76.95709553451135,891.8838500976562,24.61093521118164,31.450393676757812,124.38549041748047,1,1,0.0,Natural
31.015735658597556,76.95609055211344,926.132080078125,21.07184600830078,26.489778518676758,124.38549041748047,1,1,0.0,Natural
31.01621336741424,76.95756154808345,878.6932983398438,30.194931030273438,38.950313568115234,124.38549041748047,1,1,0.0,Natural
31.01645905829051,76.95815163312072,868.4974975585938,31.57655143737793,41.56526184082031,124.38549041748047,1,1,0.0,Natural
31.01651562867858,76.95868235166313,847.4661865234375,21.803442001342773,31.368093490600586,124.38549041748047,1,1,0.0,Natural
31.01501948649861,76.95079798537367,910.141845703125,35.91030502319336,49.671478271484375,124.38549041748047,1,1,0.0,Natural
31.016327821475837,76.95216853227953,882.3158569335938,25.64508056640625,36.33671951293945,124.38549041748047,1,1,0.0,Natural
31.016808221464494,76.95167415977683,930.9891967773438,32.202537536621094,43.54407501220703,124.38549041748047,1,1,0.0,Natural
31.01686430067629,76.95244816311961,878.444091796875,35.528446197509766,49.40034866333008,124.38549041748047,1,1,0.0,Natural
31.017705652408075,76.95735449579809,903.7483520507812,22.83551597595215,29.02121925354004,124.38549041748047,1,1,0.0,Natural
31.017377713997437,76.95770545880468,867.47314453125,19.447526931762695,35.271995544433594,124.38549041748047,1,1,0.0,Natural
31.01667517603715,76.95897594022728,855.2743530273438,30.851762771606445,40.47599411010742,124.38549041748047,1,1,0.0,Natural
31.018417950122313,76.95891428482011,862.4776000976562,19.70857810974121,27.979780197143555,124.38549041748047,1,1,0.0,Anthropogenic
31.01846652002524,76.95843259203725,881.1272583007812,21.668006896972656,32.36623764038086,124.38549041748047,1,1,0.0,Anthropogenic
31.019190796093735,76.95806209798823,876.086181640625,19.253942489624023,31.639957427978516,124.38549041748047,1,1,0.0,Natural
31.019377015279616,76.95848974639092,868.4378051757812,21.593576431274414,31.211843490600586,124.38549041748047,1,1,0.0,Natural
31.019213760496033,76.95939556379568,843.9613037109375,27.576936721801758,37.966068267822266,124.38549041748047,1,1,0.0,Natural
31.019617225854155,76.95985597691774,836.2577514648438,31.751422882080078,43.2503776550293,124.38549041748047,1,1,0.0,Natural
31.020499163366193,76.95719054132034,828.580322265625,18.40140151977539,36.776126861572266,124.38549041748047,1,1,0.0,Natural
31.02040233207423,76.9568306720851,821.1240234375,31.902856826782227,43.529476165771484,124.38549041748047,1,1,0.0,Natural
31.02077038196472,76.95726874364235,845.3092651367188,36.3216552734375,51.2125358581543,124.38549041748047,1,1,0.0,Natural
31.020259437490395,76.95647550429057,849.8342895507812,27.86652183532715,40.06968688964844,124.38549041748047,1,1,0.0,Natural
31.0206279911375,76.95560922794324,890.2435913085938,32.863460540771484,44.828887939453125,124.38549041748047,1,1,0.0,Natural
31.02190690508877,76.95838781331207,866.62255859375,36.58622360229492,53.613609313964844,124.38549041748047,1,1,0.0,Anthropogenic
31.022119742374,76.95879350789136,844.4754638671875,38.65655517578125,54.51506042480469,124.38549041748047,1,1,0.0,Anthropogenic
31.020536302792106,76.95487037356652,911.82080078125,23.3042049407959,30.650346755981445,124.38549041748047,1,1,0.0,Natural
31.01960099644869,76.95454699143842,923.3059692382812,29.672473907470703,42.90769577026367,124.38549041748047,1,1,0.0,Natural
31.021871283570825,76.95504084906747,893.1121215820312,22.98271942138672,32.24930191040039,124.38549041748047,1,1,0.0,Natural
31.02109389596159,76.95616243854454,885.175048828125,20.071319580078125,30.49887466430664,124.38549041748047,1,1,0.0,Natural
31.019798807181008,76.95573551306151,842.159423828125,32.20149230957031,43.9960823059082,124.38549041748047,1,1,0.0,Natural
31.0212258500871,76.96020203484969,810.6087036132812,38.59079360961914,55.76628494262695,124.38549041748047,1,1,0.0,Natural
31.020710563449207,76.96020945721237,816.8411865234375,41.176692962646484,61.001197814941406,124.38549041748047,1,1,0.0,Natural
31.02374241036926,76.95836718092917,834.18359375,31.502519607543945,42.738731384277344,124.38549041748047,1,1,0.0,Anthropogenic
31.017624440631653,76.95205445876158,912.9840698242188,32.810420989990234,46.03877258300781,124.38549041748047,1,1,0.0,Anthropogenic
31.01882035950007,76.95342538882485,907.4532470703125,39.20460891723633,58.711002349853516,124.38549041748047,1,1,0.0,Anthropogenic
31.018112606240884,76.95425555803318,840.4226684570312,21.840633392333984,34.07099914550781,124.38549041748047,1,1,0.0,Natural
31.018450644715603,76.95335662911356,897.3631591796875,32.15705108642578,43.40016555786133,124.38549041748047,1,1,0.0,Anthropogenic
31.01775689515411,76.95228982952857,917.4366455078125,33.10663604736328,46.636375427246094,124.38549041748047,1,1,0.0,Anthropogenic
31.02019220198481,76.95270896223904,917.1890869140625,15.72523021697998,22.75789451599121,124.38549041748047,1,1,0.0,Natural
31.020607581934627,76.95306162221107,912.497802734375,21.90804100036621,28.0168399810791,124.38549041748047,1,1,0.0,Natural
31.02138281687877,76.95329208196667,906.2417602539062,22.684024810791016,31.08100700378418,124.38549041748047,1,1,0.0,Natural
31.021490359100365,76.95351304645249,890.255126953125,25.385635375976562,33.476646423339844,124.38549041748047,1,1,0.0,Natural
31.02180180962184,76.95277086862491,905.2850952148438,10.64505672454834,17.14086151123047,124.38549041748047,1,1,0.0,Natural
31.02342740829166,76.95564722315987,868.0308227539062,24.53881072998047,31.258499145507812,124.38549041748047,1,1,0.0,Anthropogenic
31.02176802564432,76.9537316570189,890.9744873046875,19.68278694152832,28.929668426513672,124.38549041748047,1,1,0.0,Natural
31.024130055112312,76.95641257270506,844.1319580078125,31.518024444580078,43.84379577636719,124.38549041748047,1,1,0.0,Anthropogenic
31.022220537493197,76.95397798049228,886.4409790039062,13.313156127929688,23.607521057128906,124.38549041748047,1,1,0.0,Natural
31.022683705567562,76.95439148065712,863.704833984375,19.886920928955078,26.60612678527832,124.38549041748047,1,1,0.0,Natural
31.022780233689897,76.95396576274176,886.7504272460938,9.803441047668457,30.408981323242188,124.38549041748047,1,1,0.0,Natural
31.02277281728533,76.95321281279163,869.3060302734375,20.887027740478516,29.86571502685547,124.38549041748047,1,1,0.0,Natural
31.023299585329596,76.95503511888356,879.4109497070312,23.193370819091797,28.902286529541016,124.38549041748047,1,1,0.0,Anthropogenic
31.024769082971105,76.95323720196325,873.9505004882812,30.390134811401367,40.74337387084961,124.38549041748047,1,1,0.0,Natural
31.02483955508879,76.95376430554812,840.3878784179688,35.88164138793945,50.92255783081055,124.38549041748047,1,1,0.0,Natural
31.024210943127013,76.95409746575787,826.6151123046875,25.097896575927734,41.09366989135742,124.38549041748047,1,1,0.0,Anthropogenic
31.024019494699658,76.9531156772302,851.2565307617188,38.51381301879883,55.528648376464844,124.38549041748047,1,1,0.0,Natural
31.02349709213179,76.95294979445046,832.767822265625,8.471558570861816,24.380510330200195,124.38549041748047,1,1,0.0,Natural
31.02373492304965,76.95310232867166,832.767822265625,30.273475646972656,42.316654205322266,124.38549041748047,1,1,0.0,Natural
31.023827492444852,76.95337797224019,835.2828979492188,21.207120895385742,38.59248733520508,124.38549041748047,1,1,0.0,Natural
31.024084039126148,76.95360257997238,832.2611694335938,21.033634185791016,46.070465087890625,124.38549041748047,1,1,0.0,Natural
31.011961273895793,76.96209702296292,885.5888671875,21.77742576599121,34.73027038574219,124.38549041748047,1,1,0.0,Natural
31.012303380286433,76.96195889996588,890.0408325195312,24.040987014770508,34.8013801574707,124.38549041748047,1,1,0.0,Natural
31.0137054419876,76.96018895209929,885.3980102539062,33.77292251586914,46.741390228271484,124.38549041748047,1,1,0.0,Anthropogenic
31.01786711790705,76.96594333332868,850.2891845703125,31.08744239807129,44.2339973449707,124.38549041748047,1,1,0.0,Anthropogenic
31.01746030882948,76.96680415905732,873.7627563476562,34.39210510253906,46.9622802734375,124.38549041748047,1,1,0.0,Anthropogenic
31.034426819346226,76.96704313231035,964.3021240234375,17.915441513061523,27.008432388305664,124.38549041748047,1,1,0.0,Anthropogenic
31.038209882478057,76.96640235863829,953.8148803710938,24.04168128967285,30.288240432739258,124.38549041748047,1,1,0.0,Natural
31.045266135715615,76.9726079792928,935.8629760742188,20.499475479125977,26.78217887878418,124.38549041748047,1,1,0.0,Anthropogenic
31.04405596998203,76.97216191475565,935.1663208007812,31.72730827331543,43.05815124511719,124.38549041748047,1,1,0.0,Natural
31.043854797421673,76.97291875862501,930.8143310546875,33.454315185546875,45.78847885131836,124.38549041748047,1,1,0.0,Natural
31.04449666888516,76.97366847877394,910.810546875,12.830394744873047,33.06642532348633,124.38549041748047,1,1,0.0,Natural
31.045007118125547,76.97186114547615,936.424072265625,11.118042945861816,14.042374610900879,124.38549041748047,1,1,0.0,Natural
31.043388272242012,76.97447704231178,919.8482055664062,19.912111282348633,36.42772674560547,124.38549041748047,1,1,0.0,Anthropogenic
31.0453448183238,76.9744105589288,928.36572265625,23.284860610961914,30.195037841796875,124.38549041748047,1,1,0.0,Anthropogenic
31.044888936776054,76.97309744100751,913.8406372070312,13.234046936035156,28.73107147216797,124.38549041748047,1,1,0.0,Anthropogenic
31.04478033171703,76.97454005178163,916.7376708984375,24.563766479492188,35.52832794189453,124.38549041748047,1,1,0.0,Natural
31.04621725243457,76.97495034169329,907.692626953125,25.844758987426758,34.13227844238281,124.38549041748047,1,1,0.0,Anthropogenic
31.04669433840092,76.97553099143346,917.0840454101562,20.006444931030273,27.78460693359375,124.38549041748047,1,1,0.0,Anthropogenic
31.046410858041288,76.9754159288961,918.155517578125,27.92331886291504,36.361907958984375,124.38549041748047,1,1,0.0,Anthropogenic
31.04426850015681,76.97412735836656,897.21044921875,10.653068542480469,17.195188522338867,124.38549041748047,1,1,0.0,Natural
31.04418921962568,76.97440429696644,896.22900390625,12.775971412658691,19.747976303100586,124.38549041748047,1,1,0.0,Natural
30.977382504566958,77.00257812236748,1062.623291015625,17.82988166809082,26.289806365966797,124.38549041748047,1,1,0.0,Natural
30.979484746640843,77.00212600471666,1026.2025146484375,16.98090171813965,25.987518310546875,124.38549041748047,1,1,0.0,Natural
30.98140875222686,77.00180053848759,1037.2684326171875,11.83617877960205,15.932774543762207,124.38549041748047,1,1,0.0,Anthropogenic
30.980650324986012,77.00301991040098,995.7806396484375,20.408781051635742,27.9009952545166,124.38549041748047,1,1,0.0,Natural
30.979158911243857,77.00174887221037,1048.8367919921875,14.936126708984375,20.609283447265625,124.38549041748047,1,1,0.0,Anthropogenic
30.9787666651033,77.00290387594882,1044.1942138671875,16.943761825561523,33.223758697509766,124.38549041748047,1,1,0.0,Natural
30.980220495140298,76.99911026247293,1109.8729248046875,24.565473556518555,34.19266891479492,124.38549041748047,1,1,0.0,Anthropogenic
30.984251978936896,77.00529777526421,984.3081665039062,43.75639343261719,65.9238510131836,124.38549041748047,1,1,0.0,Natural
30.984067306867352,77.00648090519846,941.9696044921875,21.149845123291016,49.33378601074219,124.38549041748047,1,1,0.0,Natural
30.98853567139886,77.00644167185027,1005.905029296875,24.848541259765625,37.19698715209961,124.38549041748047,1,1,0.0,Natural
30.988591576914818,77.00308053717373,939.4276123046875,36.49755859375,53.44476318359375,124.38549041748047,1,1,0.0,Anthropogenic
30.991418794073276,77.00149312719212,951.4351806640625,35.7447509765625,52.75440216064453,124.38549041748047,1,1,0.0,Natural
30.991391565891423,77.00204363459186,962.984619140625,35.3175163269043,50.411964416503906,124.38549041748047,1,1,0.0,Natural
30.99153265395074,77.00217968786973,993.1149291992188,21.696441650390625,36.10271072387695,124.38549041748047,1,1,0.0,Natural
30.991430729547535,77.00235473527766,969.8565063476562,29.743520736694336,43.486228942871094,124.38549041748047,1,1,0.0,Natural
30.992644547828498,77.00218115330586,979.4996948242188,34.0883903503418,50.124176025390625,124.38549041748047,1,1,0.0,Natural
31.007337922185865,77.00424630159462,982.2201538085938,14.886576652526855,22.72797966003418,124.38549041748047,1,1,0.0,Natural
31.00802054745449,77.00456513177326,946.6718139648438,20.99393081665039,30.119911193847656,124.38549041748047,1,1,0.0,Natural
31.01279354467795,76.99221057629214,929.9361572265625,29.935991287231445,45.02684783935547,124.38549041748047,1,1,0.0,Natural
31.011482589099547,76.99233207500748,933.3778076171875,34.1082763671875,49.98926544189453,124.38549041748047,1,1,0.0,Natural
31.012052496183134,76.99258192583108,910.029296875,45.69131088256836,70.39469909667969,124.38549041748047,1,1,0.0,Natural
31.01564215299407,77.00541674697043,888.7539672851562,35.64118194580078,50.96327209472656,124.38549041748047,1,1,0.0,Anthropogenic
31.018033195106202,77.0077392446314,910.1876220703125,40.149356842041016,58.224830627441406,124.38549041748047,1,1,0.0,Anthropogenic
31.019202431719407,77.0020725148499,902.6796264648438,21.357345581054688,28.16705322265625,124.38549041748047,1,1,0.0,Natural
31.019004803926414,77.00113973895787,930.75341796875,17.253952026367188,22.941898345947266,124.38549041748047,1,1,0.0,Natural
31.01794143279336,77.00180954540758,906.3563842773438,23.175025939941406,31.291473388671875,124.38549041748047,1,1,0.0,Natural
31.018227084518927,77.00185737185419,922.2802124023438,18.46809196472168,24.601823806762695,124.38549041748047,1,1,0.0,Natural
31.018461468884095,77.00230959177485,904.8364868164062,30.199474334716797,39.85280990600586,124.38549041748047,1,1,0.0,Natural
31.018812602557936,77.00086920639207,939.9261474609375,18.741743087768555,25.95592498779297,124.38549041748047,1,1,0.0,Natural
31.01886443432335,77.00062274521618,946.9803466796875,19.339075088500977,24.105941772460938,124.38549041748047,1,1,0.0,Anthropogenic
31.020230413802082,77.00389049652838,917.7326049804688,23.294898986816406,32.36526107788086,124.38549041748047,1,1,0.0,Natural
31.020519096794345,77.00311243987126,924.876953125,24.57845115661621,33.3695182800293,124.38549041748047,1,1,0.0,Natural
31.0208345612035,77.00344152507095,934.66748046875,15.668970108032227,23.79677963256836,124.38549041748047,1,1,0.0,Natural
31.02112792934078,77.00341939458723,941.840087890625,21.64604949951172,32.58267593383789,124.38549041748047,1,1,0.0,Natural
31.021205073615857,77.00388905238242,942.2178344726562,24.51295280456543,35.630165100097656,124.38549041748047,1,1,0.0,Natural
31.020461802044018,77.00430984272097,940.7286376953125,27.916053771972656,36.718528747558594,124.38549041748047,1,1,0.0,Natural
31.02151554196596,77.00166217202093,934.3101806640625,21.896244049072266,29.498291015625,124.38549041748047,1,1,0.0,Anthropogenic
31.021008796259512,77.00227205177173,922.2666015625,15.447004318237305,24.474285125732422,124.38549041748047,1,1,0.0,Natural
31.020102824395277,77.00221748219624,904.6210327148438,17.41193962097168,24.59503936767578,124.38549041748047,1,1,0.0,Natural
31.020419205499806,77.00223011558985,912.5676879882812,14.979516983032227,21.34941864013672,124.38549041748047,1,1,0.0,Natural
31.021087613615283,77.00140183305153,941.5586547851562,20.52749252319336,25.459388732910156,124.38549041748047,1,1,0.0,Natural
31.021665928150185,77.00195927147215,942.06982421875,20.89703369140625,27.993976593017578,124.38549041748047,1,1,0.0,Anthropogenic
31.02092930700621,77.00179037732954,931.365966796875,16.53091812133789,24.393281936645508,124.38549041748047,1,1,0.0,Natural
31.02122989264782,77.00196006027116,920.4739379882812,16.838788986206055,28.49649429321289,124.38549041748047,1,1,0.0,Natural
31.020675658568205,77.00186618430115,922.8016967773438,17.205459594726562,21.747821807861328,124.38549041748047,1,1,0.0,Natural
31.019915270436833,77.00132076513164,914.878662109375,16.69842529296875,20.93960189819336,124.38549041748047,1,1,0.0,Natural
31.019925649404637,77.00087290404382,910.4462890625,14.207419395446777,19.789653778076172,124.38549041748047,1,1,0.0,Natural
31.019818346495388,76.99970345505893,937.2680053710938,10.249674797058105,15.948505401611328,124.38549041748047,1,1,0.0,Natural
31.019539907008202,76.99987884339414,939.652099609375,12.634696960449219,22.136632919311523,124.38549041748047,1,1,0.0,Natural
31.020242034174363,77.00015534772962,938.2037353515625,22.512645721435547,33.445587158203125,124.38549041748047,1,1,0.0,Natural
31.020049788047626,77.00002895626852,935.1477661132812,23.277420043945312,30.188018798828125,124.38549041748047,1,1,0.0,Natural
31.020946231794802,76.9998764800251,946.8882446289062,13.85888957977295,18.75063133239746,124.38549041748047,1,1,0.0,Anthropogenic
31.020230828416988,77.00154964003887,912.9500122070312,17.23050308227539,21.913314819335938,124.38549041748047,1,1,0.0,Natural
31.020488314532443,76.99858959549096,937.9296264648438,21.81056022644043,28.95033836364746,124.38549041748047,1,1,0.0,Natural
31.01905000098358,76.99884956330165,934.9187622070312,18.699886322021484,23.847171783447266,124.38549041748047,1,1,0.0,Natural
31.02074270051171,76.998602336046,957.4600830078125,18.743539810180664,29.101472854614258,124.38549041748047,1,1,0.0,Natural
31.020848744146704,76.9988795355294,951.1357421875,19.671796798706055,27.44093894958496,124.38549041748047,1,1,0.0,Natural
31.02211070712568,77.00273288499044,958.325927734375,23.76268196105957,30.342716217041016,124.38549041748047,1,1,0.0,Anthropogenic
31.02422983203702,77.00764578666501,948.4304809570312,21.95935821533203,30.93772315979004,124.38549041748047,1,1,0.0,Natural
31.025713623028437,77.00847273674567,1023.14306640625,21.49087142944336,28.03409194946289,124.38549041748047,1,1,0.0,Natural
31.023855649293672,77.00799062118648,928.9843139648438,26.17134666442871,36.02474594116211,124.38549041748047,1,1,0.0,Natural
31.025585709590803,77.01096014911778,940.5418701171875,33.03835678100586,45.258792877197266,124.38549041748047,1,1,0.0,Natural
31.02536354584219,77.01126298567758,936.1163330078125,36.10015869140625,50.26215362548828,124.38549041748047,1,1,0.0,Natural
31.02502008994764,77.01131486669038,909.119873046875,37.36266326904297,53.99954605102539,124.38549041748047,1,1,0.0,Natural
31.025618252242207,77.01275137275618,915.9876708984375,30.448530197143555,40.38304901123047,124.38549041748047,1,1,0.0,Anthropogenic
31.026966133228683,77.01351961381712,957.5546875,31.910449981689453,42.855308532714844,124.38549041748047,1,1,0.0,Natural
31.02684158666861,77.01244786012538,941.5365600585938,34.53709030151367,47.23703384399414,124.38549041748047,1,1,0.0,Natural
31.027300171441688,77.01201147461259,981.5067138671875,33.763023376464844,45.573577880859375,124.38549041748047,1,1,0.0,Natural
31.028760194797268,77.01252079119273,983.4371948242188,20.163583755493164,31.93202018737793,124.38549041748047,1,1,0.0,Natural
31.027834129156393,77.01290237223836,950.355224609375,14.620611190795898,23.695770263671875,124.38549041748047,1,1,0.0,Natural
31.028157667790996,77.01299131000879,950.859375,9.85133171081543,18.629350662231445,124.38549041748047,1,1,0.0,Natural
31.02745522528304,77.01538183744918,972.972412109375,19.35745620727539,24.946739196777344,124.38549041748047,1,1,0.0,Natural
31.0268159317744,77.01550914038872,960.1618041992188,14.038901329040527,19.188007354736328,124.38549041748047,1,1,0.0,Natural
31.026895388182,77.01627808845186,923.3970336914062,32.30382537841797,43.264835357666016,124.38549041748047,1,1,0.0,Natural
31.027602955199182,77.01575788929935,952.3519897460938,22.29427719116211,28.687068939208984,124.38549041748047,1,1,0.0,Natural
31.027390988653643,77.01644814237893,932.6071166992188,18.8369140625,27.008867263793945,124.38549041748047,1,1,0.0,Natural
31.030374962791853,77.01100880553723,1010.6636962890625,9.865385055541992,29.263328552246094,124.38549041748047,1,1,0.0,Anthropogenic
31.03058074955661,77.01128480103117,1023.0669555664062,22.886337280273438,29.08810043334961,124.38549041748047,1,1,0.0,Natural
31.03055174773283,77.01280216281826,993.029296875,25.879505157470703,33.190032958984375,124.38549041748047,1,1,0.0,Natural
31.030256493259547,77.01542895620892,1011.3892211914062,23.194955825805664,30.116069793701172,124.38549041748047,1,1,0.0,Natural
31.02979087755779,77.01651660730977,1001.0070190429688,28.6478214263916,38.337791442871094,124.38549041748047,1,1,0.0,Natural
31.029576642252586,77.01589513083356,989.9988403320312,15.148323059082031,24.556421279907227,124.38549041748047,1,1,0.0,Natural
31.028013717342642,77.01750521310959,964.8126831054688,29.29161834716797,39.741859436035156,124.38549041748047,1,1,0.0,Natural
31.028063948835676,77.01780295548537,957.5732421875,24.60906410217285,33.24625778198242,124.38549041748047,1,1,0.0,Anthropogenic
31.02834623306472,77.01795457924476,965.3280029296875,25.134153366088867,36.15659713745117,124.38549041748047,1,1,0.0,Anthropogenic
31.028596468604416,77.01805360075222,985.014892578125,30.63195037841797,39.74350357055664,124.38549041748047,1,1,0.0,Anthropogenic
31.027018450526423,77.01920551512347,959.1837158203125,18.314760208129883,25.047054290771484,124.38549041748047,1,1,0.0,Natural
31.02565901209208,77.01871548865736,948.4909057617188,29.190725326538086,38.14678955078125,124.38549041748047,1,1,0.0,Anthropogenic
31.0306942646221,77.01552953081514,1017.7740478515625,18.514179229736328,26.893657684326172,124.38549041748047,1,1,0.0,Natural
31.030270939610727,77.0187768780831,1024.3929443359375,18.054800033569336,23.558887481689453,124.38549041748047,1,1,0.0,Natural
31.02997389847283,77.01863937401481,1014.9719848632812,20.583030700683594,26.52049446105957,124.38549041748047,1,1,0.0,Natural
31.088862802566204,77.15544182221824,1702.36572265625,33.764793395996094,47.688358306884766,100.44458770751953,1,1,0.0,Natural
31.088009808619685,77.15465261798603,1777.871826171875,27.24786949157715,37.06739807128906,100.44458770751953,1,1,0.0,Anthropogenic
31.085222880680472,77.16573147959119,1778.1795654296875,16.112075805664062,34.882450103759766,100.44458770751953,1,1,0.0,Anthropogenic
31.046375354466797,77.16257780838271,1493.52294921875,26.824007034301758,37.190921783447266,100.44458770751953,1,1,0.0,Natural
31.048195927470573,77.16010502316594,1506.01416015625,32.15046691894531,43.505836486816406,100.44458770751953,1,1,0.0,Natural
31.05444597570202,77.16865667562392,1488.0157470703125,30.12801170349121,39.25617218017578,100.44458770751953,1,1,0.0,Natural
31.057071073718195,77.16424764800276,1425.61865234375,28.51593589782715,37.47235870361328,100.44458770751953,1,1,0.0,Natural
31.056613790464628,77.16400848107585,1409.919677734375,29.498798370361328,38.06739044189453,100.44458770751953,1,1,0.0,Natural
31.057251613423432,77.16467060628591,1428.6092529296875,35.057098388671875,46.63002014160156,100.44458770751953,1,1,0.0,Natural
31.06011794504446,77.16155972756717,1362.9156494140625,22.942358016967773,31.65332794189453,100.44458770751953,1,1,0.0,Natural
31.084160382081013,77.15538470474714,1636.886962890625,41.30998611450195,60.58538055419922,100.44458770751953,1,1,0.0,Natural
31.085865487109885,77.15438609033035,1731.1917724609375,15.322930335998535,20.915067672729492,100.44458770751953,1,1,0.0,Anthropogenic
31.003915172445264,77.02586753750872,939.2921752929688,24.101774215698242,33.82925033569336,124.38549041748047,1,1,0.0,Natural
31.004810618913332,76.99174514519736,972.8732299804688,14.773388862609863,21.06930923461914,124.38549041748047,1,1,0.0,Natural
31.004201486894356,76.99381857456403,1020.5398559570312,29.068851470947266,38.54779052734375,124.38549041748047,1,1,0.0,Natural
31.00584763921494,76.98600910484308,851.3900756835938,29.779970169067383,42.669761657714844,124.38549041748047,1,1,0.0,Natural
31.00612704309417,76.98612523150423,860.5553588867188,34.14775848388672,47.850547790527344,124.38549041748047,1,1,0.0,Natural
31.007643615846057,76.98332492730314,842.8685302734375,14.701127052307129,20.08340072631836,124.38549041748047,1,1,0.0,Natural
31.008287947387032,76.98302587567358,845.980224609375,16.004846572875977,20.515344619750977,124.38549041748047,1,1,0.0,Natural
31.00819539267965,76.98491063525435,948.316650390625,25.802703857421875,36.4135627746582,124.38549041748047,1,1,0.0,Natural
31.012210386638166,76.97724914293507,864.260498046875,37.639076232910156,53.2646369934082,124.38549041748047,1,1,0.0,Natural
31.01315029003756,76.97892901601486,894.338623046875,35.87392807006836,50.00206756591797,124.38549041748047,1,1,0.0,Anthropogenic
31.013020461129628,76.9792810014574,895.0646362304688,37.92439651489258,54.00987243652344,124.38549041748047,1,1,0.0,Anthropogenic
31.010467964829164,76.98211914006649,873.7155151367188,28.20844841003418,37.46627426147461,124.38549041748047,1,1,0.0,Anthropogenic
31.010023162346535,76.9757422183126,915.0902099609375,22.810039520263672,29.664302825927734,124.38549041748047,1,1,0.0,Natural
31.011255941093356,76.97336540173525,864.9217529296875,36.75918197631836,51.61347579956055,124.38549041748047,1,1,0.0,Natural
31.01166298455535,76.97339692823464,849.6910400390625,29.839174270629883,42.13821029663086,124.38549041748047,1,1,0.0,Natural
31.006312121691327,76.98100773289462,897.6361694335938,27.948833465576172,38.87336349487305,124.38549041748047,1,1,0.0,Natural
31.00661823878988,76.98086147255312,903.8494262695312,23.402530670166016,34.25075149536133,124.38549041748047,1,1,0.0,Natural
31.00322811835764,76.983957564015,904.2071533203125,26.207015991210938,35.63760757446289,124.38549041748047,1,1,0.0,Natural
31.00338097339158,76.98407152903162,884.6047973632812,24.68016815185547,32.01986312866211,124.38549041748047,1,1,0.0,Natural
31.01439622727796,76.97458851984858,862.2008666992188,33.20989990234375,45.182952880859375,124.38549041748047,1,1,0.0,Natural
31.013932421073132,76.97527078007268,875.4376831054688,22.236370086669922,28.888154983520508,124.38549041748047,1,1,0.0,Natural
31.013835685121386,76.97426667360722,818.6923217773438,19.782201766967773,34.24049377441406,124.38549041748047,1,1,0.0,Anthropogenic
31.01418869380403,76.97425810910273,838.9658203125,34.44545364379883,47.12110137939453,124.38549041748047,1,1,0.0,Anthropogenic
31.015826081874557,76.97398872008353,899.4152221679688,26.461071014404297,35.9217643737793,124.38549041748047,1,1,0.0,Anthropogenic
31.012053892258542,76.97073963825979,889.7113647460938,25.628395080566406,37.9950065612793,124.38549041748047,1,1,0.0,Anthropogenic
31.013629580526587,76.97170041751772,879.5809936523438,40.68935775756836,60.23295974731445,124.38549041748047,1,1,0.0,Anthropogenic
31.007257330787787,76.96875528154511,908.8977661132812,30.66973114013672,41.806427001953125,124.38549041748047,1,1,0.0,Natural
31.007226552997118,76.96831138255425,900.1246948242188,28.853090286254883,38.105377197265625,124.38549041748047,1,1,0.0,Natural
31.00714336971756,76.96682959817589,863.6830444335938,41.09587478637695,58.76279830932617,124.38549041748047,1,1,0.0,Natural
31.004840577490665,76.9707871889271,926.4024047851562,32.789894104003906,44.48295974731445,124.38549041748047,1,1,0.0,Anthropogenic
31.00503209423923,76.97050339246213,935.3898315429688,34.503807067871094,48.589759826660156,124.38549041748047,1,1,0.0,Natural
31.005755974256513,76.9698426169698,936.33740234375,25.62569808959961,33.9614143371582,124.38549041748047,1,1,0.0,Natural
31.005160948692378,76.9693604641587,896.7373657226562,32.5769157409668,47.959678649902344,124.38549041748047,1,1,0.0,Natural
31.005620643512756,76.96870341186288,896.4799194335938,28.647354125976562,39.54454040527344,124.38549041748047,1,1,0.0,Natural
31.004329129634034,76.97128519229621,947.8202514648438,23.343576431274414,30.52383041381836,124.38549041748047,1,1,0.0,Anthropogenic
31.005597484912958,76.96767398876274,851.7421875,24.646060943603516,33.603275299072266,124.38549041748047,1,1,0.0,Anthropogenic
31.006046129703766,76.96822443269245,892.4628295898438,30.505859375,42.23518371582031,124.38549041748047,1,1,0.0,Anthropogenic
31.015354887820063,76.98206089644485,858.9492797851562,29.006423950195312,40.026817321777344,124.38549041748047,1,1,0.0,Natural
31.014958354245177,76.97574385539518,887.4779663085938,15.471992492675781,24.61379623413086,124.38549041748047,1,1,0.0,Anthropogenic
31.019205993683126,76.99108079503354,962.3965454101562,16.903564453125,24.975603103637695,124.38549041748047,1,1,0.0,Natural
31.018469758987653,76.99059948198763,933.1404418945312,28.423566818237305,40.48760223388672,124.38549041748047,1,1,0.0,Natural
31.019700613109833,76.98223278926535,900.1328735351562,27.87889289855957,36.498260498046875,124.38549041748047,1,1,0.0,Anthropogenic
31.01957532454898,76.98377884545918,865.9306030273438,15.818469047546387,22.441551208496094,124.38549041748047,1,1,0.0,Anthropogenic
31.01937019032083,76.98366485113311,866.3029174804688,15.818469047546387,22.441551208496094,124.38549041748047,1,1,0.0,Anthropogenic
31.01924707842471,76.98350637775177,855.361083984375,8.892056465148926,14.856508255004883,124.38549041748047,1,1,0.0,Anthropogenic
31.019934046208952,76.98260772290499,908.2455444335938,29.781770706176758,39.41939926147461,124.38549041748047,1,1,0.0,Anthropogenic
31.022791936630018,76.9865353584957,870.829833984375,27.394826889038086,37.25358581542969,124.38549041748047,1,1,0.0,Natural
31.022885506980955,76.98848049866348,887.1253051757812,29.32500457763672,37.73723602294922,124.38549041748047,1,1,0.0,Natural
31.023601049765038,76.98941784563493,922.2721557617188,24.52345085144043,31.976423263549805,124.38549041748047,1,1,0.0,Natural
31.023407048693578,76.98986286345719,911.8340454101562,22.13092613220215,31.76191520690918,124.38549041748047,1,1,0.0,Natural
31.023476400612243,76.98845916669087,927.7123413085938,19.44180679321289,29.150842666625977,124.38549041748047,1,1,0.0,Natural
31.02358677135803,76.98870695972904,930.3908081054688,19.44180679321289,29.150842666625977,124.38549041748047,1,1,0.0,Natural
31.023678312841596,76.9889769025181,927.44384765625,22.405960083007812,30.1850643157959,124.38549041748047,1,1,0.0,Natural
31.02501186007953,76.98561766927357,887.793212890625,22.73984718322754,35.83735275268555,124.38549041748047,1,1,0.0,Natural
31.026258501118104,76.98697675105079,911.136962890625,7.424342155456543,18.305086135864258,124.38549041748047,1,1,0.0,Natural
31.02651577402514,76.98720858687916,898.3406372070312,4.482241630554199,15.685754776000977,124.38549041748047,1,1,0.0,Natural
31.025310534612096,76.98615702813876,895.5393676757812,16.511985778808594,20.402729034423828,124.38549041748047,1,1,0.0,Natural
31.025630244257936,76.98818760963876,916.6698608398438,11.78981876373291,18.171096801757812,124.38549041748047,1,1,0.0,Natural
31.026835427302455,76.98820918568568,908.2274169921875,5.191271781921387,17.789085388183594,124.38549041748047,1,1,0.0,Natural
31.026983060579163,76.98977431464952,919.1104736328125,15.385571479797363,22.734830856323242,124.38549041748047,1,1,0.0,Natural
31.027567785602123,76.98893555135326,933.1946411132812,14.891905784606934,19.967954635620117,124.38549041748047,1,1,0.0,Anthropogenic
31.027592807164556,76.98918285352741,927.9727783203125,13.868196487426758,19.399023056030273,124.38549041748047,1,1,0.0,Anthropogenic
31.027632662277725,76.98594140324512,903.7869873046875,31.475595474243164,44.481475830078125,124.38549041748047,1,1,0.0,Natural
31.02912877061664,76.98535825910051,881.2384643554688,25.4061279296875,33.87929153442383,124.38549041748047,1,1,0.0,Natural
31.029619351316175,76.9858037294997,905.9222412109375,23.59441375732422,32.492488861083984,124.38549041748047,1,1,0.0,Natural
31.029684413825347,76.98627326180959,881.2446899414062,5.323428630828857,29.011547088623047,124.38549041748047,1,1,0.0,Natural
31.029982740888894,76.98637646771446,891.2665405273438,18.65520477294922,33.573516845703125,124.38549041748047,1,1,0.0,Natural
31.03118700329874,76.9877500539166,928.2744140625,26.163406372070312,33.477203369140625,124.38549041748047,1,1,0.0,Natural
31.030127105606116,76.98579268849788,917.4414672851562,20.81145477294922,33.08032989501953,124.38549041748047,1,1,0.0,Natural
31.030468764448205,76.98606165718044,924.7067260742188,21.01011085510254,29.96238136291504,124.38549041748047,1,1,0.0,Natural
31.03073162705432,76.98622502996847,931.3135375976562,19.984542846679688,27.787179946899414,124.38549041748047,1,1,0.0,Natural
31.030235305768723,76.98677645771063,898.0379638671875,15.905056953430176,32.11063766479492,124.38549041748047,1,1,0.0,Natural
31.030269228742153,76.98653949928516,898.0379638671875,28.454458236694336,37.55012893676758,124.38549041748047,1,1,0.0,Natural
31.032322041397165,76.98422447417472,875.2142944335938,18.601301193237305,38.29611587524414,124.38549041748047,1,1,0.0,Natural
31.03308450349429,76.98423310123532,897.0045166015625,9.725834846496582,18.119918823242188,124.38549041748047,1,1,0.0,Natural
31.032810549550245,76.98571346217594,882.8236694335938,11.021510124206543,31.67976188659668,124.38549041748047,1,1,0.0,Natural
31.03401467438257,76.98536870759955,925.353759765625,10.93598461151123,14.176969528198242,124.38549041748047,1,1,0.0,Natural
31.033427934338572,76.98567989122203,916.8434448242188,15.057706832885742,21.50893783569336,124.38549041748047,1,1,0.0,Natural
31.033679820271523,76.98663930540494,916.1334838867188,27.45671844482422,34.96809387207031,124.38549041748047,1,1,0.0,Natural
31.033923821712524,76.9886141350339,927.3070678710938,20.23409652709961,30.163331985473633,124.38549041748047,1,1,0.0,Natural
31.035395071707526,76.98518494673911,950.8679809570312,4.848405361175537,6.291531085968018,124.38549041748047,1,1,0.0,Natural
31.033847792286423,76.987232590588,906.58349609375,19.77191925048828,31.75486946105957,124.38549041748047,1,1,0.0,Natural
31.034311371742692,76.98777450869684,921.4296875,12.395967483520508,24.752445220947266,124.38549041748047,1,1,0.0,Natural
31.034340554800465,76.98804721820464,910.691162109375,11.234777450561523,19.34808349609375,124.38549041748047,1,1,0.0,Natural
31.034307076762133,76.98733917514544,921.2528686523438,23.57119369506836,30.357955932617188,124.38549041748047,1,1,0.0,Natural
31.035704359603976,76.98777862246504,955.0692749023438,14.841113090515137,18.541820526123047,124.38549041748047,1,1,0.0,Anthropogenic
31.07167040439778,76.98002626241686,959.4042358398438,14.903923988342285,18.103696823120117,124.38549041748047,1,1,0.0,Natural
31.07127018078793,76.97593183821427,957.6270141601562,20.436620712280273,26.096506118774414,124.38549041748047,1,1,0.0,Anthropogenic
31.072621667878046,76.97707947458973,955.5071411132812,20.488075256347656,26.57724380493164,124.38549041748047,1,1,0.0,Anthropogenic
31.07178059719686,76.97668338317706,938.8251953125,19.701295852661133,23.898887634277344,124.38549041748047,1,1,0.0,Anthropogenic
31.07283781686783,76.97749633968928,949.0944213867188,19.81744956970215,24.242454528808594,124.38549041748047,1,1,0.0,Anthropogenic
31.069018274210784,76.97369213490434,937.4628295898438,12.554610252380371,14.82970142364502,124.38549041748047,1,1,0.0,Natural
31.069744067718716,76.9747077331516,947.88916015625,12.766286849975586,18.468719482421875,124.38549041748047,1,1,0.0,Natural
31.069542382301822,76.97447312491313,938.240478515625,16.09572982788086,19.888763427734375,124.38549041748047,1,1,0.0,Natural
31.08559651225696,76.98550190895592,1026.396484375,16.953983306884766,21.306644439697266,124.38549041748047,1,1,0.0,Natural
31.08875525606795,76.96854642263558,945.3433837890625,18.526430130004883,24.545055389404297,124.38549041748047,1,1,0.0,Anthropogenic
31.088846292293628,76.96884657941376,945.9185180664062,21.756269454956055,31.595531463623047,124.38549041748047,1,1,0.0,Anthropogenic
31.100885024490086,76.97390848588651,970.869384765625,24.759008407592773,34.67831039428711,124.38549041748047,1,1,0.0,Natural
31.100895529645655,76.97511422366436,949.5556640625,37.96796798706055,55.81746292114258,124.38549041748047,1,1,0.0,Natural
31.099301384969564,76.9785605332142,987.0042724609375,26.916271209716797,35.696044921875,124.38549041748047,1,1,0.0,Natural
31.10072506184518,76.97528264553821,928.3948974609375,37.23820495605469,54.066192626953125,124.38549041748047,1,1,0.0,Natural
31.105971270009064,76.97373889777145,927.7296142578125,17.370616912841797,22.008956909179688,124.38549041748047,1,1,0.0,Anthropogenic
31.106069816358826,76.97435994932947,949.989990234375,18.648910522460938,25.126571655273438,124.38549041748047,1,1,0.0,Anthropogenic
31.10448648473184,76.97419809791405,892.8643188476562,42.31446838378906,61.80571365356445,124.38549041748047,1,1,0.0,Natural
31.10489178799753,76.97452130359481,928.6265869140625,43.793216705322266,65.56017303466797,124.38549041748047,1,1,0.0,Natural
31.110795750473486,76.97843852896892,909.6876220703125,31.37527084350586,42.607704162597656,124.38549041748047,1,1,0.0,Natural
31.111039149806185,76.9778245079494,936.0736083984375,19.835126876831055,32.42271423339844,124.38549041748047,1,1,0.0,Anthropogenic
31.11630803090387,76.99085261394973,979.6343383789062,33.26449966430664,45.636959075927734,124.38549041748047,1,1,0.0,Anthropogenic
31.1139798595773,76.99315955771874,954.4644775390625,15.45829963684082,21.86339569091797,124.38549041748047,1,1,0.0,Natural
31.133581745962164,76.9937470583414,1047.2120361328125,21.648366928100586,30.769453048706055,74.27460479736328,1,1,0.0,Natural
31.133479685897044,76.9943939731671,1022.6253051757812,26.082761764526367,35.495235443115234,74.27460479736328,1,1,0.0,Natural
31.135668850895797,76.99468643264314,1066.5421142578125,17.341588973999023,24.226367950439453,74.27460479736328,1,1,0.0,Anthropogenic
31.134151554393014,76.99443790856255,1042.160888671875,25.83655548095703,35.64629364013672,74.27460479736328,1,1,0.0,Natural
30.902613396727546,76.9253677057991,1186.739013671875,26.55716323852539,35.81910705566406,124.38549041748047,1,1,0.0,Natural
30.909666570110794,76.91784967359361,995.1213989257812,30.982084274291992,41.8765754699707,124.38549041748047,1,1,0.0,Anthropogenic
30.909884080875777,76.92137435711784,1085.762451171875,31.006671905517578,41.843963623046875,124.38549041748047,1,1,0.0,Anthropogenic
30.909006069855153,76.92203995234685,1064.7451171875,34.8952751159668,48.129295349121094,124.38549041748047,1,1,0.0,Anthropogenic
30.91548092465077,76.91601376682038,1164.0760498046875,33.00506591796875,44.79161071777344,124.38549041748047,1,1,0.0,Anthropogenic
30.914756335297,76.91601667414913,1107.9622802734375,26.905763626098633,35.74018478393555,124.38549041748047,1,1,0.0,Anthropogenic
30.918392741782323,76.92091330086963,1026.1820068359375,30.3407039642334,41.08723068237305,124.38549041748047,1,1,0.0,Natural
30.91852548657855,76.92131023861698,1016.4238891601562,31.39418601989746,42.698326110839844,124.38549041748047,1,1,0.0,Natural
30.919233754414428,76.92122597419477,1049.9122314453125,33.28392028808594,47.165279388427734,124.38549041748047,1,1,0.0,Natural
30.923119751593724,76.92285874401644,883.11083984375,27.497356414794922,36.02813720703125,124.38549041748047,1,1,0.0,Natural
30.92326470760789,76.92083654908437,945.2782592773438,28.273019790649414,37.30051803588867,124.38549041748047,1,1,0.0,Anthropogenic
30.930414264062975,76.91614992036119,1024.2454833984375,33.20893859863281,44.812137603759766,124.38549041748047,1,1,0.0,Anthropogenic
30.93072444261478,76.91244001582898,1140.256591796875,33.385826110839844,46.213279724121094,124.38549041748047,1,1,0.0,Natural
30.93197646381789,76.9122344964276,1134.000244140625,35.12223815917969,48.623291015625,124.38549041748047,1,1,0.0,Natural
30.93037471311997,76.91255497335881,1158.3724365234375,25.737777709960938,34.21769332885742,124.38549041748047,1,1,0.0,Natural
30.93271142027966,76.90906136948874,1088.5869140625,31.576045989990234,43.56996536254883,124.38549041748047,1,1,0.0,Natural
30.927866963562064,76.92644574895557,888.20068359375,21.992692947387695,35.75785827636719,124.38549041748047,1,1,0.0,Anthropogenic
30.92759911543867,76.92686339198319,864.2429809570312,26.979019165039062,36.503421783447266,124.38549041748047,1,1,0.0,Anthropogenic
30.93642746182207,76.92175441231473,796.6326293945312,27.105224609375,38.296295166015625,124.38549041748047,1,1,0.0,Anthropogenic
30.946710920225225,76.91465227551244,782.5618896484375,20.229896545410156,27.236265182495117,124.38549041748047,1,1,0.0,Natural
30.946938068637216,76.91314077487233,780.1763916015625,36.303611755371094,50.512935638427734,124.38549041748047,1,1,0.0,Natural
30.946590294534946,76.91234810839404,758.017822265625,31.800588607788086,42.995094299316406,124.38549041748047,1,1,0.0,Natural
30.960147841580753,76.91443248745907,833.62255859375,34.81441879272461,48.46720504760742,124.38549041748047,1,1,0.0,Anthropogenic
30.97325482030409,76.92825288631117,1036.4173583984375,30.846275329589844,43.925201416015625,124.38549041748047,1,1,0.0,Natural
30.97953977917286,76.9202321582984,753.8058471679688,30.281042098999023,39.61466598510742,124.38549041748047,1,1,0.0,Anthropogenic
30.981418374609326,76.92637419085722,818.5643920898438,36.195247650146484,51.794864654541016,124.38549041748047,1,1,0.0,Natural
30.98212087898362,76.92695046216912,850.8497924804688,23.752639770507812,31.63922882080078,124.38549041748047,1,1,0.0,Natural
30.979761694101192,76.9297122838256,901.0668334960938,32.178367614746094,43.86083984375,124.38549041748047,1,1,0.0,Anthropogenic
30.985061933744706,76.92775877798243,844.6287231445312,17.889129638671875,29.08658218383789,124.38549041748047,1,1,0.0,Natural
30.98550906563205,76.9281504934641,870.8446044921875,15.625965118408203,26.890783309936523,124.38549041748047,1,1,0.0,Natural
30.991818227967496,76.92514056169188,1026.173095703125,35.76116180419922,49.82372283935547,124.38549041748047,1,1,0.0,Anthropogenic
30.990752468828347,76.92981283604557,1059.8731689453125,36.198028564453125,52.603431701660156,124.38549041748047,1,1,0.0,Natural
30.993379310573793,76.93240476993053,1092.7330322265625,31.346235275268555,41.78774642944336,124.38549041748047,1,1,0.0,Natural
30.994440166518277,76.93500658391304,1125.310791015625,25.096975326538086,33.657127380371094,124.38549041748047,1,1,0.0,Natural
30.993914309610915,76.94041963256645,1286.8135986328125,27.81198501586914,37.691558837890625,124.38549041748047,1,1,0.0,Anthropogenic
30.990942271681096,76.93214225937767,966.7197875976562,13.865708351135254,28.67749786376953,124.38549041748047,1,1,0.0,Natural
30.997856336244077,76.94432879381866,1232.3157958984375,33.97248840332031,45.783851623535156,124.38549041748047,1,1,0.0,Anthropogenic
31.003225074526874,76.92565313738716,915.42919921875,25.78598976135254,33.379276275634766,124.38549041748047,1,1,0.0,Anthropogenic
31.01288263411407,76.92751906067224,1160.990478515625,33.924339294433594,48.655818939208984,124.38549041748047,1,1,0.0,Anthropogenic
31.014183571135675,76.92934378496052,1148.854736328125,20.53697967529297,35.99698257446289,124.38549041748047,1,1,0.0,Anthropogenic
31.013615776035515,76.92695154250366,1196.7955322265625,33.25947189331055,46.11257553100586,124.38549041748047,1,1,0.0,Anthropogenic
31.01561574693057,76.92745902837093,1251.379150390625,35.778953552246094,49.52149963378906,124.38549041748047,1,1,0.0,Anthropogenic
31.017424389361192,76.94640122393332,1091.359130859375,36.2852897644043,51.928035736083984,124.38549041748047,1,1,0.0,Natural
31.017711757134748,76.94084099753343,1158.283447265625,32.0667839050293,43.88070297241211,124.38549041748047,1,1,0.0,Natural
31.019476540207997,76.94221766301251,1100.4912109375,27.062776565551758,35.13579177856445,124.38549041748047,1,1,0.0,Anthropogenic
31.022847020915712,76.94996597759403,904.0689086914062,28.018630981445312,45.27880096435547,124.38549041748047,1,1,0.0,Natural
31.023079540841742,76.95037287746844,907.4528198242188,36.452781677246094,50.97806930541992,124.38549041748047,1,1,0.0,Natural
31.02331816460235,76.95240804344314,848.3999633789062,28.877954483032227,38.5904655456543,124.38549041748047,1,1,0.0,Natural
31.023295875659162,76.95173514012264,887.8322143554688,21.949045181274414,33.722537994384766,124.38549041748047,1,1,0.0,Natural
31.023289484551366,76.95076312221698,901.0404663085938,32.966548919677734,45.2539176940918,124.38549041748047,1,1,0.0,Natural
31.023851898798522,76.95176425181872,893.97607421875,21.609983444213867,29.792959213256836,124.38549041748047,1,1,0.0,Natural
31.022996890302146,76.94856069546982,930.1788330078125,19.77297019958496,35.54566955566406,124.38549041748047,1,1,0.0,Anthropogenic
31.022770392403455,76.94787732608394,954.7646484375,27.56513786315918,37.414093017578125,124.38549041748047,1,1,0.0,Natural
31.022469890808956,76.94703652772161,958.528076171875,19.60370445251465,25.240087509155273,124.38549041748047,1,1,0.0,Anthropogenic
31.02263110843138,76.94745935317727,952.3958740234375,24.224145889282227,31.124876022338867,124.38549041748047,1,1,0.0,Natural
31.02334336003741,76.95804724231813,860.5183715820312,31.341232299804688,42.58789825439453,124.38549041748047,1,1,0.0,Anthropogenic
31.023366409323565,76.95847243888903,825.6118774414062,33.21565628051758,46.07777404785156,124.38549041748047,1,1,0.0,Anthropogenic
31.023345725959633,76.95829575652931,838.7377319335938,33.21565628051758,46.07777404785156,124.38549041748047,1,1,0.0,Anthropogenic
31.028072664757495,76.94807940026217,952.4851684570312,38.95695114135742,55.856834411621094,124.38549041748047,1,1,0.0,Natural
31.0300799366962,76.94806059026625,927.7760009765625,38.88701248168945,56.72829818725586,124.38549041748047,1,1,0.0,Natural
31.028962839185933,76.92890753701721,1265.336669921875,30.333311080932617,40.7446174621582,124.38549041748047,1,1,0.0,Natural
31.029663436074976,76.92920599294203,1258.8743896484375,35.65940475463867,48.89030838012695,124.38549041748047,1,1,0.0,Anthropogenic
31.03502270769985,76.94473463235548,888.1015625,27.025020599365234,36.553436279296875,124.38549041748047,1,1,0.0,Natural
31.0350515457901,76.94262000893578,919.291748046875,10.155783653259277,21.408771514892578,124.38549041748047,1,1,0.0,Natural
31.034855612691757,76.94296373022146,922.3963623046875,21.06646728515625,27.61821174621582,124.38549041748047,1,1,0.0,Natural
31.03437465191119,76.94409851177197,878.9825439453125,29.463794708251953,41.48746871948242,124.38549041748047,1,1,0.0,Natural
31.034562111317907,76.94633789336113,852.1986083984375,37.25775146484375,51.472808837890625,124.38549041748047,1,1,0.0,Natural
31.03464849772588,76.94673302597093,855.8706665039062,34.48892593383789,49.926002502441406,124.38549041748047,1,1,0.0,Natural
31.035036885792607,76.94674184814022,870.0940551757812,35.29743194580078,50.189754486083984,124.38549041748047,1,1,0.0,Natural
31.035927772206175,76.94784254526776,808.57763671875,22.187633514404297,29.236600875854492,124.38549041748047,1,1,0.0,Natural
31.035746138148113,76.94211288568454,948.24755859375,22.078449249267578,29.36051368713379,124.38549041748047,1,1,0.0,Anthropogenic
31.03501862478772,76.9415071091756,942.8464965820312,19.47946548461914,26.639745712280273,124.38549041748047,1,1,0.0,Anthropogenic
31.03392719911573,76.93883229602078,953.1620483398438,25.915494918823242,33.419830322265625,124.38549041748047,1,1,0.0,Natural
31.033845577454198,76.93913654971908,934.06298828125,29.298992156982422,41.401756286621094,124.38549041748047,1,1,0.0,Natural
31.03377268906473,76.94119664751648,933.990234375,29.847314834594727,43.45661163330078,124.38549041748047,1,1,0.0,Anthropogenic
31.033431769829395,76.94399978906348,897.4612426757812,19.986806869506836,26.75623893737793,124.38549041748047,1,1,0.0,Natural
31.033067596155544,76.94375358934414,892.586669921875,21.940515518188477,30.72710609436035,124.38549041748047,1,1,0.0,Natural
31.03766835761354,76.94327007980313,924.8594970703125,20.214590072631836,26.253620147705078,124.38549041748047,1,1,0.0,Anthropogenic
31.036320521606406,76.94550221905236,889.924072265625,27.677209854125977,36.83246612548828,124.38549041748047,1,1,0.0,Natural
31.0371362916265,76.94493850682218,848.1605224609375,13.13941764831543,27.743717193603516,124.38549041748047,1,1,0.0,Natural
31.042583106674773,76.94559497317259,791.4771728515625,32.15419006347656,45.32277297973633,124.38549041748047,1,1,0.0,Natural
31.041270381820773,76.94607663896343,783.9046630859375,31.74333953857422,43.1091423034668,124.38549041748047,1,1,0.0,Anthropogenic
31.041498351360275,76.94599083623127,783.9046630859375,31.76217269897461,42.28242111206055,124.38549041748047,1,1,0.0,Anthropogenic
31.04005637603456,76.94689169317442,789.4432983398438,33.49263381958008,45.403175354003906,124.38549041748047,1,1,0.0,Anthropogenic
31.040301680364543,76.9460432893979,832.6605834960938,24.310935974121094,36.06277084350586,124.38549041748047,1,1,0.0,Anthropogenic
31.040676562921128,76.946455632979,796.2919921875,30.422475814819336,42.52996826171875,124.38549041748047,1,1,0.0,Anthropogenic
31.040709727378232,76.94551586967538,830.8749389648438,25.039920806884766,33.39432907104492,124.38549041748047,1,1,0.0,Anthropogenic
31.03951053617612,76.943653528843,911.490478515625,39.412837982177734,55.96525573730469,124.38549041748047,1,1,0.0,Anthropogenic
31.044566907635442,76.94518471381724,813.5367431640625,35.202369689941406,48.58912658691406,124.38549041748047,1,1,0.0,Natural
31.044004019152652,76.94479691361578,838.210205078125,30.7322998046875,41.119747161865234,124.38549041748047,1,1,0.0,Natural
31.046537344604815,76.94563618020503,800.3770751953125,22.09176254272461,30.386789321899414,124.38549041748047,1,1,0.0,Anthropogenic
31.04394551591206,76.94778882959368,805.6353759765625,21.094181060791016,27.28396987915039,124.38549041748047,1,1,0.0,Anthropogenic
31.042383159548447,76.95219951978481,869.892333984375,17.10771369934082,21.599374771118164,124.38549041748047,1,1,0.0,Natural
31.041196331659933,76.95171323026715,847.3219604492188,22.67814064025879,36.50748825073242,124.38549041748047,1,1,0.0,Natural
31.041094257947716,76.95120340644858,829.6976318359375,22.86631202697754,35.0166015625,124.38549041748047,1,1,0.0,Anthropogenic
31.04099572559901,76.95305522972043,843.04150390625,20.679393768310547,34.3995246887207,124.38549041748047,1,1,0.0,Natural
31.040779201295013,76.95246123473738,860.1206665039062,30.37053871154785,40.978965759277344,124.38549041748047,1,1,0.0,Natural
31.041394179410922,76.95295075621026,856.0816650390625,26.06593894958496,36.60001754760742,124.38549041748047,1,1,0.0,Natural
31.041557298818294,76.9536847828118,859.4168701171875,23.914169311523438,33.444252014160156,124.38549041748047,1,1,0.0,Natural
31.04053152226392,76.95132990709075,841.1875,19.220884323120117,30.137514114379883,124.38549041748047,1,1,0.0,Natural
31.0437734031406,76.9506526529936,860.5474853515625,9.819524765014648,12.700573921203613,124.38549041748047,1,1,0.0,Anthropogenic
31.04746680335356,76.95226585506173,850.8875732421875,14.147212982177734,18.676008224487305,124.38549041748047,1,1,0.0,Anthropogenic
31.048261713490895,76.9527139637317,866.984130859375,28.259809494018555,37.059326171875,124.38549041748047,1,1,0.0,Anthropogenic
31.0465457687961,76.95276619238801,869.03857421875,12.357650756835938,15.232815742492676,124.38549041748047,1,1,0.0,Anthropogenic
31.05122035785474,76.94097687461465,788.914794921875,23.81075668334961,39.568660736083984,124.38549041748047,1,1,0.0,Natural
31.052286249458945,76.94768200466974,808.4112548828125,18.19156837463379,28.911178588867188,124.38549041748047,1,1,0.0,Natural
31.05288755967112,76.94972189097143,867.572265625,12.661772727966309,22.074806213378906,124.38549041748047,1,1,0.0,Anthropogenic
31.053664366633893,76.95053797134513,873.3156127929688,0.8918792605400085,3.86574649810791,124.38549041748047,1,1,0.0,Anthropogenic
31.054280815530262,76.94724726449188,817.1954345703125,13.096393585205078,32.409461975097656,124.38549041748047,1,1,0.0,Natural
31.054313547121964,76.94748420732745,835.60546875,11.392473220825195,30.996736526489258,124.38549041748047,1,1,0.0,Natural
31.052825818793437,76.94733993072396,838.5382690429688,27.563003540039062,39.41493225097656,124.38549041748047,1,1,0.0,Anthropogenic
31.053059401028836,76.94718961159867,850.7681274414062,17.846220016479492,28.298355102539062,124.38549041748047,1,1,0.0,Anthropogenic
31.05498305457045,76.94496186677013,809.8264770507812,31.584102630615234,42.781314849853516,124.38549041748047,1,1,0.0,Natural
31.055614775265514,76.94604598585889,822.8953857421875,23.248998641967773,30.162731170654297,124.38549041748047,1,1,0.0,Natural
31.056005900766323,76.9467422586288,852.8534545898438,19.594623565673828,27.51943016052246,124.38549041748047,1,1,0.0,Natural
31.055815339909206,76.94721586903056,830.2713012695312,17.680950164794922,23.426143646240234,124.38549041748047,1,1,0.0,Natural
31.05629554611453,76.94713120181095,858.4459228515625,20.421504974365234,26.070837020874023,124.38549041748047,1,1,0.0,Natural
31.055285750462847,76.94703862334032,813.98193359375,17.561861038208008,24.90256690979004,124.38549041748047,1,1,0.0,Natural
31.05803306204374,76.94492311994333,826.1572265625,23.492168426513672,29.753690719604492,124.38549041748047,1,1,0.0,Natural
31.057078978684068,76.94756629631998,835.0313720703125,4.975464344024658,24.739702224731445,124.38549041748047,1,1,0.0,Natural
31.057316904109022,76.94763521908364,844.414794921875,16.269296646118164,22.281108856201172,124.38549041748047,1,1,0.0,Natural
31.05690761903724,76.9464444512755,857.205078125,13.753230094909668,21.8438777923584,124.38549041748047,1,1,0.0,Natural
31.057705438529656,76.94685380320237,839.1356811523438,12.70702075958252,17.349077224731445,124.38549041748047,1,1,0.0,Natural
31.057034759536798,76.94731685670438,835.282470703125,12.775714874267578,27.074060440063477,124.38549041748047,1,1,0.0,Natural
31.0567791915947,76.94732267381809,854.7762451171875,21.503135681152344,28.125776290893555,124.38549041748047,1,1,0.0,Natural
31.057056875542383,76.94278064010764,822.8833618164062,35.84825897216797,51.73297119140625,124.38549041748047,1,1,0.0,Natural
31.057118400434888,76.9410316431245,841.3110961914062,30.333293914794922,41.059974670410156,124.38549041748047,1,1,0.0,Anthropogenic
31.076418094450684,76.94356608371683,791.835205078125,23.959217071533203,32.504486083984375,124.38549041748047,1,1,0.0,Anthropogenic
31.078640011652496,76.94491824902641,777.7658081054688,36.205078125,50.00445556640625,124.38549041748047,1,1,0.0,Natural
31.078899653160242,76.94493289438934,776.4854736328125,34.373226165771484,47.88875198364258,124.38549041748047,1,1,0.0,Anthropogenic
31.079218490773563,76.94501323764798,778.1829833984375,31.504152297973633,42.56087875366211,124.38549041748047,1,1,0.0,Anthropogenic
31.07868290515646,76.94444992515263,745.517333984375,13.875802040100098,21.370927810668945,124.38549041748047,1,1,0.0,Natural
31.071876275823843,76.94630872246195,837.2783203125,17.04534339904785,24.376577377319336,124.38549041748047,1,1,0.0,Anthropogenic
31.07455908271774,76.94827672591691,838.9728393554688,17.632707595825195,22.3031005859375,124.38549041748047,1,1,0.0,Natural
31.071562219158533,76.93588851227985,807.4724731445312,26.09225845336914,34.15642547607422,124.38549041748047,1,1,0.0,Natural
31.07823505672704,76.93763795597428,838.1300048828125,24.837989807128906,34.83708953857422,124.38549041748047,1,1,0.0,Natural
31.079001784854132,76.93854551029365,810.5406494140625,36.55839538574219,52.62667465209961,124.38549041748047,1,1,0.0,Anthropogenic
31.079299267217834,76.93859330275842,821.3445434570312,34.26265335083008,48.06978988647461,124.38549041748047,1,1,0.0,Anthropogenic
31.077718209747623,76.93766660547855,810.3932495117188,24.067729949951172,31.702089309692383,124.38549041748047,1,1,0.0,Natural
31.07674247661327,76.9384032392905,767.458740234375,38.824073791503906,55.79354476928711,124.38549041748047,1,1,0.0,Natural
31.077097760882623,76.9435153276808,784.681884765625,28.07426643371582,44.235111236572266,124.38549041748047,1,1,0.0,Anthropogenic
31.07720242789042,76.94266632057025,783.19091796875,31.05270004272461,42.645381927490234,124.38549041748047,1,1,0.0,Anthropogenic
31.076988321080243,76.94278563542501,794.0790405273438,16.0325927734375,23.002614974975586,124.38549041748047,1,1,0.0,Anthropogenic
31.074040346416744,76.94475904718016,799.1064453125,24.54037094116211,34.5545539855957,124.38549041748047,1,1,0.0,Anthropogenic
31.074194220675118,76.94450124187271,817.3193969726562,32.509925842285156,43.71892547607422,124.38549041748047,1,1,0.0,Anthropogenic
31.075374684719012,76.94431301077024,790.603271484375,29.344385147094727,40.36467742919922,124.38549041748047,1,1,0.0,Anthropogenic
31.076063234880483,76.94533946407512,795.76025390625,32.23453140258789,43.621646881103516,124.38549041748047,1,1,0.0,Natural
31.076616615598034,76.94447308994555,757.1202392578125,8.61568832397461,29.46339988708496,124.38549041748047,1,1,0.0,Natural
31.075935999162304,76.94651540906254,822.3963012695312,20.922475814819336,28.123126983642578,124.38549041748047,1,1,0.0,Natural
31.07620715628099,76.94570351870905,817.1399536132812,25.336811065673828,32.739845275878906,124.38549041748047,1,1,0.0,Natural
31.078688551407513,76.93901383553094,768.5499267578125,40.06812286376953,57.70367431640625,124.38549041748047,1,1,0.0,Anthropogenic
31.07788931469397,76.94604185763423,800.9967041015625,18.868642807006836,27.709436416625977,124.38549041748047,1,1,0.0,Natural
31.078175642725316,76.94657850589176,828.6317749023438,24.093177795410156,32.749141693115234,124.38549041748047,1,1,0.0,Natural
31.0781776189021,76.9456924630831,786.4439086914062,31.22234535217285,41.832862854003906,124.38549041748047,1,1,0.0,Natural
31.078324358417955,76.94538515473883,795.9085693359375,33.008758544921875,47.86627197265625,124.38549041748047,1,1,0.0,Natural
31.08219370158006,76.94851755838388,837.9218139648438,22.460525512695312,30.78838348388672,124.38549041748047,1,1,0.0,Natural
31.082278507817296,76.94716588224554,847.0332641601562,28.534177780151367,37.19133377075195,124.38549041748047,1,1,0.0,Natural
31.082307808767908,76.9468906815183,851.6962280273438,23.433975219726562,33.22309494018555,124.38549041748047,1,1,0.0,Natural
31.080509609522412,76.94768366533572,835.3463745117188,16.10970115661621,22.006338119506836,124.38549041748047,1,1,0.0,Natural
31.080578451869076,76.9479087966131,835.3463745117188,16.37947654724121,20.861370086669922,124.38549041748047,1,1,0.0,Natural
31.081050297664753,76.94599462367148,798.435791015625,25.949426651000977,33.2203254699707,124.38549041748047,1,1,0.0,Anthropogenic
31.085375104985587,76.95513345964899,922.2140502929688,35.055274963378906,51.062217712402344,124.38549041748047,1,1,0.0,Natural
31.089690915794115,76.95495800668583,950.5560302734375,22.044523239135742,29.47542953491211,124.38549041748047,1,1,0.0,Natural
31.089610433421186,76.9507373765503,837.29345703125,37.79132843017578,54.25565719604492,124.38549041748047,1,1,0.0,Anthropogenic
31.089140206426208,76.95189846020243,813.8995971679688,42.98788833618164,66.15020751953125,124.38549041748047,1,1,0.0,Anthropogenic
31.089218820753096,76.95069989214053,790.6270751953125,36.92721176147461,52.97232437133789,124.38549041748047,1,1,0.0,Anthropogenic
31.086358030801517,76.95472536639365,829.298095703125,42.7422981262207,63.745155334472656,124.38549041748047,1,1,0.0,Anthropogenic
31.089721025891603,76.95398316198492,929.4457397460938,28.886533737182617,38.96906661987305,124.38549041748047,1,1,0.0,Anthropogenic
31.089137247371195,76.95354687397095,878.056884765625,42.673851013183594,63.92292022705078,124.38549041748047,1,1,0.0,Natural
31.092004787910724,76.95806948255313,891.6487426757812,48.37049102783203,77.7085952758789,124.38549041748047,1,1,0.0,Natural
31.09251726399182,76.95806272524804,883.232177734375,48.61634063720703,78.67456817626953,124.38549041748047,1,1,0.0,Natural
31.089620615330652,76.96160945092532,868.6943969726562,30.38895034790039,40.1071662902832,124.38549041748047,1,1,0.0,Anthropogenic
31.094619720764772,76.95809627163264,919.8280639648438,33.346370697021484,48.32250213623047,124.38549041748047,1,1,0.0,Natural
31.090738481515146,76.9589577592247,857.8139038085938,44.5366096496582,68.21142578125,124.38549041748047,1,1,0.0,Natural
31.091353453673353,76.96110427264686,888.47021484375,17.87126350402832,22.891429901123047,124.38549041748047,1,1,0.0,Anthropogenic
31.089404074174425,76.95704672572377,930.6100463867188,30.496583938598633,42.19985580444336,124.38549041748047,1,1,0.0,Natural
31.091759898488583,76.96813027515766,915.001708984375,19.768207550048828,24.540525436401367,124.38549041748047,1,1,0.0,Anthropogenic
31.091549272049882,76.96576434325765,899.4207763671875,18.042409896850586,22.61128807067871,124.38549041748047,1,1,0.0,Natural
31.09159534685423,76.96671062315822,906.7222900390625,10.921313285827637,17.912294387817383,124.38549041748047,1,1,0.0,Natural
31.0930748130063,76.96101195675408,877.2825927734375,23.301828384399414,29.694454193115234,124.38549041748047,1,1,0.0,Anthropogenic
31.092724336077733,76.96676612149406,908.3985595703125,7.706123352050781,20.81292724609375,124.38549041748047,1,1,0.0,Anthropogenic
31.09516593031323,76.96070933519785,823.7966918945312,38.617801666259766,54.68854522705078,124.38549041748047,1,1,0.0,Natural
31.095976929007904,76.96076627064978,844.279052734375,37.805423736572266,53.34906768798828,124.38549041748047,1,1,0.0,Natural
31.10040681586411,76.96280413558213,895.8697509765625,45.70014190673828,70.97273254394531,124.38549041748047,1,1,0.0,Natural
31.101378571802332,76.96329036929478,925.1239013671875,43.607975006103516,66.366455078125,124.38549041748047,1,1,0.0,Natural
31.101770216986353,76.96418373999671,886.3939208984375,39.65303421020508,58.37434387207031,124.38549041748047,1,1,0.0,Natural
31.10505275497736,76.9658837397463,927.1992797851562,23.350940704345703,29.81896209716797,124.38549041748047,1,1,0.0,Natural
31.10447688370336,76.96594883306607,896.4652099609375,26.827957153320312,35.66947555541992,124.38549041748047,1,1,0.0,Natural
31.103790099937022,76.96619254517634,858.9302978515625,35.548091888427734,48.91193389892578,124.38549041748047,1,1,0.0,Anthropogenic
31.099811189560572,76.96201306025445,898.8084106445312,40.33937072753906,59.29069519042969,124.38549041748047,1,1,0.0,Natural
31.098495103224344,76.96063952802774,909.2214965820312,35.056060791015625,49.954063415527344,124.38549041748047,1,1,0.0,Anthropogenic
31.099418583198776,76.9420715909414,869.0661010742188,14.364970207214355,18.415721893310547,124.38549041748047,1,1,0.0,Natural
31.099396367557762,76.94002728709872,858.8318481445312,29.70359230041504,43.931697845458984,124.38549041748047,1,1,0.0,Natural
31.09726808412781,76.94025777003715,847.5104370117188,35.548919677734375,49.264686584472656,124.38549041748047,1,1,0.0,Natural
31.098330098014866,76.94038588816305,869.3341674804688,27.253753662109375,39.390480041503906,124.38549041748047,1,1,0.0,Anthropogenic
31.09815057688826,76.94020573568721,856.3180541992188,34.57989501953125,47.333839416503906,124.38549041748047,1,1,0.0,Anthropogenic
31.098835384383886,76.9431452968194,877.3677978515625,9.990699768066406,14.726054191589355,124.38549041748047,1,1,0.0,Anthropogenic
31.09660791297083,76.9408142543225,836.0052490234375,33.96454620361328,46.12286376953125,124.38549041748047,1,1,0.0,Natural
31.095256505308615,76.9431754558818,839.9229736328125,4.602928161621094,6.924396991729736,124.38549041748047,1,1,0.0,Natural
31.093888497521476,76.9414451503919,837.71484375,30.099916458129883,41.75379180908203,124.38549041748047,1,1,0.0,Natural
31.09467126050415,76.94093303289792,856.6425170898438,28.298503875732422,37.893611907958984,124.38549041748047,1,1,0.0,Natural
31.09393594078352,76.9434406608343,804.4414672851562,29.011959075927734,39.08437728881836,124.38549041748047,1,1,0.0,Natural
31.091264076135907,76.94176336989098,865.4013671875,27.18769073486328,35.52445983886719,124.38549041748047,1,1,0.0,Natural
31.09028482005567,76.94243969263792,817.1640625,30.497365951538086,41.09980010986328,124.38549041748047,1,1,0.0,Natural
31.08940216567027,76.94098086388836,832.6083984375,37.271175384521484,52.71438217163086,124.38549041748047,1,1,0.0,Natural
31.08618000870567,76.9444952487072,773.0133666992188,30.691373825073242,42.318687438964844,124.38549041748047,1,1,0.0,Anthropogenic
31.085958057017578,76.94524545686775,796.9453735351562,25.258630752563477,37.350215911865234,124.38549041748047,1,1,0.0,Anthropogenic
31.086840673669705,76.94423736855548,781.367919921875,26.024070739746094,33.7892951965332,124.38549041748047,1,1,0.0,Anthropogenic
31.08665308333018,76.9463266698203,798.5728149414062,26.5216007232666,37.565879821777344,124.38549041748047,1,1,0.0,Anthropogenic
31.086591130417506,76.93889111616868,859.4327392578125,18.73861312866211,23.486515045166016,124.38549041748047,1,1,0.0,Natural
31.085174058429526,76.9388880358738,833.7847900390625,33.66307830810547,46.04183578491211,124.38549041748047,1,1,0.0,Natural
31.08725305411764,76.94022627271485,814.4528198242188,34.66533660888672,47.70143508911133,124.38549041748047,1,1,0.0,Natural
31.085703117799635,76.93874228331683,861.6242065429688,29.5898380279541,40.87998580932617,124.38549041748047,1,1,0.0,Natural
31.083697760615767,76.93783206683378,870.9426879882812,30.460205078125,42.07819366455078,124.38549041748047,1,1,0.0,Anthropogenic
31.08904038208788,76.93980913413844,870.0939331054688,34.2755126953125,48.00214767456055,124.38549041748047,1,1,0.0,Anthropogenic
31.064297094310987,76.9601722366345,955.8533325195312,9.058929443359375,14.932951927185059,124.38549041748047,1,1,0.0,Natural
31.06436634746805,76.95922348570511,973.0315551757812,6.062886714935303,10.74548053741455,124.38549041748047,1,1,0.0,Natural
31.06420932775687,76.95881868152883,968.6055297851562,3.3027944564819336,10.288534164428711,124.38549041748047,1,1,0.0,Natural
31.065909139536977,76.96225517453794,962.6410522460938,10.937296867370605,13.379796028137207,124.38549041748047,1,1,0.0,Anthropogenic
31.065648015797134,76.9644069036324,947.1118774414062,10.470498085021973,14.476143836975098,124.38549041748047,1,1,0.0,Anthropogenic
31.065623894301982,76.96574583874497,939.1500244140625,16.119686126708984,19.62586784362793,124.38549041748047,1,1,0.0,Natural
31.06628511525708,76.96087146467822,965.4542236328125,6.5059919357299805,8.388708114624023,124.38549041748047,1,1,0.0,Anthropogenic
31.06647277126286,76.96146628642397,959.3804931640625,5.404216289520264,10.353184700012207,124.38549041748047,1,1,0.0,Anthropogenic
31.06220963014682,76.95842493241811,979.0342407226562,12.320502281188965,15.8170804977417,124.38549041748047,1,1,0.0,Anthropogenic
31.062338988084843,76.95888357894097,970.4541015625,15.512313842773438,19.598094940185547,124.38549041748047,1,1,0.0,Anthropogenic
31.061791049562608,76.95848499074845,971.3255615234375,6.744746685028076,12.112380981445312,124.38549041748047,1,1,0.0,Anthropogenic
31.062458389390812,76.95932418545667,965.62744140625,8.227383613586426,15.024674415588379,124.38549041748047,1,1,0.0,Anthropogenic
31.066683802937774,76.96042655012904,970.5789184570312,7.425295829772949,9.565723419189453,124.38549041748047,1,1,0.0,Anthropogenic
31.066992720319217,76.9793357302181,948.9542236328125,10.329383850097656,15.96084976196289,124.38549041748047,1,1,0.0,Natural
31.066423709220444,76.97417028215848,937.942138671875,12.347302436828613,15.425522804260254,124.38549041748047,1,1,0.0,Natural
31.038160437437455,76.97948337095195,902.5054931640625,10.799070358276367,23.109661102294922,124.38549041748047,1,1,0.0,Natural
31.036814036621138,76.98166956904713,916.0375366210938,22.387065887451172,31.15419578552246,124.38549041748047,1,1,0.0,Natural
31.036646119399727,76.98194235285274,916.763671875,28.656940460205078,39.713375091552734,124.38549041748047,1,1,0.0,Natural
31.036422794613177,76.98393336682088,931.9351196289062,21.38738441467285,27.231639862060547,124.38549041748047,1,1,0.0,Natural
31.036734233305673,76.98270146736543,925.5162963867188,15.21457290649414,19.464086532592773,124.38549041748047,1,1,0.0,Natural
31.036265740537154,76.98326209857849,923.3875122070312,19.667146682739258,24.90676498413086,124.38549041748047,1,1,0.0,Natural
31.036813415787726,76.98349192275067,949.8755493164062,18.932310104370117,23.00423240661621,124.38549041748047,1,1,0.0,Natural
31.036556312331538,76.98257286393289,930.3060913085938,19.81732749938965,25.391878128051758,124.38549041748047,1,1,0.0,Natural
31.038032720382468,76.98229140943751,912.4462890625,32.08113098144531,43.61534881591797,124.38549041748047,1,1,0.0,Natural
31.03842807124807,76.97997370344773,906.2966918945312,19.729400634765625,26.75667953491211,124.38549041748047,1,1,0.0,Natural
31.040323306354903,76.97960074458639,889.7059936523438,24.060848236083984,30.890670776367188,124.38549041748047,1,1,0.0,Natural
31.041041254007002,76.98268669258073,921.6853637695312,25.334779739379883,34.00492858886719,124.38549041748047,1,1,0.0,Natural
31.040113084290365,76.98254303210555,936.3569946289062,20.149486541748047,25.886964797973633,124.38549041748047,1,1,0.0,Natural
31.042032707805806,76.98067528646146,907.4943237304688,23.916080474853516,31.445907592773438,124.38549041748047,1,1,0.0,Natural
31.042775486588265,76.97941665658912,902.1854858398438,16.772663116455078,20.461641311645508,124.38549041748047,1,1,0.0,Natural
31.03699805260193,76.98120526128895,902.9005737304688,6.753631591796875,19.427499771118164,124.38549041748047,1,1,0.0,Natural
31.038058364187158,76.98157668058984,903.3347778320312,32.629947662353516,44.58443832397461,124.38549041748047,1,1,0.0,Natural
31.038335102592765,76.98208385328788,938.67919921875,30.26304817199707,43.06258773803711,124.38549041748047,1,1,0.0,Natural
31.0384126766666,76.98286614167364,929.4918823242188,20.117582321166992,28.243431091308594,124.38549041748047,1,1,0.0,Natural
31.039667296404495,76.97992466595105,877.374267578125,8.307689666748047,23.482725143432617,124.38549041748047,1,1,0.0,Natural
31.04039434855295,76.98063752593255,907.3236694335938,11.867841720581055,17.889158248901367,124.38549041748047,1,1,0.0,Natural
31.040043262509354,76.98066802800864,893.860595703125,20.697689056396484,26.22594451904297,124.38549041748047,1,1,0.0,Natural
31.03975380370606,76.98065175495327,881.3013916015625,11.446492195129395,25.603370666503906,124.38549041748047,1,1,0.0,Natural
31.039815880890504,76.98108682604663,887.607421875,13.405433654785156,20.19736099243164,124.38549041748047,1,1,0.0,Natural
31.04027100704938,76.98136697844008,913.6178588867188,21.434951782226562,26.783823013305664,124.38549041748047,1,1,0.0,Natural
31.040610286375806,76.98166259102962,926.174560546875,8.082094192504883,17.259010314941406,124.38549041748047,1,1,0.0,Natural
31.03832509111857,76.98331237553936,925.855224609375,22.415353775024414,32.65095901489258,124.38549041748047,1,1,0.0,Natural
31.03876665714556,76.98277233309294,944.8700561523438,10.277318954467773,13.934184074401855,124.38549041748047,1,1,0.0,Natural
31.0386209598197,76.98073393912279,927.98486328125,19.07548713684082,28.76140022277832,124.38549041748047,1,1,0.0,Natural
31.038309351958492,76.98370579561852,932.962158203125,22.70140266418457,30.113391876220703,124.38549041748047,1,1,0.0,Natural
31.044908884630022,76.97954101344136,904.340087890625,22.989721298217773,28.351362228393555,124.38549041748047,1,1,0.0,Anthropogenic
31.043443675975432,76.97982400072081,918.9468383789062,14.188806533813477,20.799102783203125,124.38549041748047,1,1,0.0,Natural
31.043572965404188,76.98021013273127,920.8037109375,17.94499397277832,21.888229370117188,124.38549041748047,1,1,0.0,Natural
31.043798996149754,76.98471581365821,943.7345581054688,10.840435028076172,16.243457794189453,124.38549041748047,1,1,0.0,Anthropogenic
31.052009541740446,76.97463152570137,893.3338012695312,28.52601432800293,40.24634552001953,124.38549041748047,1,1,0.0,Anthropogenic
31.045491205195663,76.98523287947211,924.4409790039062,24.18291473388672,32.981475830078125,124.38549041748047,1,1,0.0,Natural
31.045765455774536,76.98517061690343,942.6383666992188,23.425453186035156,30.391067504882812,124.38549041748047,1,1,0.0,Natural
31.045844502812542,76.98425084195091,901.970947265625,19.928796768188477,25.845640182495117,124.38549041748047,1,1,0.0,Natural
31.04793260406354,76.97911471751321,926.0560913085938,19.98088836669922,24.702335357666016,124.38549041748047,1,1,0.0,Natural
31.047661963342627,76.9788695645794,924.56494140625,19.840560913085938,25.802082061767578,124.38549041748047,1,1,0.0,Natural
31.04891129865274,76.97884551407478,926.8095092773438,13.505117416381836,20.487003326416016,124.38549041748047,1,1,0.0,Natural
31.049334632021857,76.98025103144607,928.4950561523438,20.334596633911133,24.871793746948242,124.38549041748047,1,1,0.0,Natural
31.05015240870815,76.97771971903596,927.8596801757812,21.85175132751465,28.487398147583008,124.38549041748047,1,1,0.0,Anthropogenic
31.048071618090265,76.98110950574817,918.4473266601562,18.61372184753418,23.373641967773438,124.38549041748047,1,1,0.0,Natural
31.047804466884507,76.9808552167171,922.8797607421875,16.144758224487305,21.71757698059082,124.38549041748047,1,1,0.0,Natural
31.048567052183575,76.981252136606,928.445556640625,16.024751663208008,19.693235397338867,124.38549041748047,1,1,0.0,Natural
31.048834404145804,76.979801738914,931.3023071289062,20.515666961669922,25.90784454345703,124.38549041748047,1,1,0.0,Natural
31.049323706111043,76.98130246636407,935.2094116210938,17.0679931640625,23.87340545654297,124.38549041748047,1,1,0.0,Natural
31.049602814927184,76.98046600840254,925.4209594726562,20.345003128051758,25.571945190429688,124.38549041748047,1,1,0.0,Natural
31.049742232298797,76.9806555821819,925.4209594726562,21.373218536376953,26.786161422729492,124.38549041748047,1,1,0.0,Natural
31.05076378614846,76.9786968258935,935.727783203125,12.249044418334961,15.972077369689941,124.38549041748047,1,1,0.0,Natural
31.05070597801251,76.98052480518845,936.7139282226562,10.840539932250977,15.524640083312988,124.38549041748047,1,1,0.0,Natural
31.050763040772452,76.98082325095518,936.9143676757812,8.477923393249512,10.396805763244629,124.38549041748047,1,1,0.0,Natural
31.051263897555504,76.97912916429175,941.6160278320312,10.869830131530762,13.782720565795898,124.38549041748047,1,1,0.0,Natural
31.05088871674024,76.98171633231848,935.5556640625,14.565792083740234,18.267444610595703,124.38549041748047,1,1,0.0,Natural
31.049729989316482,76.9781994500259,910.1823120117188,12.116966247558594,18.07390022277832,124.38549041748047,1,1,0.0,Natural
31.050317841640048,76.98116520053277,926.8323364257812,15.67513370513916,20.687389373779297,124.38549041748047,1,1,0.0,Natural
31.050566387863093,76.98150855961805,931.3811645507812,19.99140739440918,24.304088592529297,124.38549041748047,1,1,0.0,Natural
31.0504733824482,76.98268984020504,934.0059204101562,19.54936981201172,25.578418731689453,124.38549041748047,1,1,0.0,Natural
31.051215115279597,76.98385623010203,930.503662109375,19.574859619140625,24.826833724975586,124.38549041748047,1,1,0.0,Anthropogenic
31.051486063963182,76.97755173004217,913.5646362304688,15.3380708694458,21.13896942138672,124.38549041748047,1,1,0.0,Natural
31.05181108582977,76.97759821108912,936.82275390625,22.856529235839844,30.976476669311523,124.38549041748047,1,1,0.0,Anthropogenic
31.051098781981032,76.97735025671767,913.8799438476562,18.272869110107422,22.937252044677734,124.38549041748047,1,1,0.0,Natural
31.051473044511315,76.97674761943094,926.481689453125,16.77315902709961,21.49481773376465,124.38549041748047,1,1,0.0,Natural
31.05305090757498,76.97947685483302,931.4005126953125,8.803857803344727,15.447537422180176,124.38549041748047,1,1,0.0,Anthropogenic
31.052601830910884,76.97856216223248,921.1370849609375,22.06856918334961,27.77753448486328,124.38549041748047,1,1,0.0,Anthropogenic
31.049294568801834,76.9856302481476,936.1688842773438,13.677801132202148,18.479015350341797,124.38549041748047,1,1,0.0,Natural
31.049126609792026,76.9852257416804,940.3688354492188,12.867069244384766,16.35434341430664,124.38549041748047,1,1,0.0,Natural
31.048668013334726,76.98321256490928,937.0640869140625,8.166923522949219,11.242555618286133,124.38549041748047,1,1,0.0,Natural
31.053395120414788,76.98005986045007,934.6802368164062,7.816328525543213,16.060335159301758,124.38549041748047,1,1,0.0,Anthropogenic
31.058823037662798,76.97526265526592,936.6375732421875,14.860733032226562,22.512243270874023,124.38549041748047,1,1,0.0,Natural
31.05861415826755,76.97757334125767,931.591796875,15.755871772766113,20.02527618408203,124.38549041748047,1,1,0.0,Natural
31.05967984165604,76.9785582868455,941.7929077148438,4.262002468109131,15.140192031860352,124.38549041748047,1,1,0.0,Natural
31.059706877034763,76.97965878211669,951.6533203125,11.234721183776855,15.623021125793457,124.38549041748047,1,1,0.0,Natural
31.06034983035089,76.97785503997099,927.8809814453125,13.427721977233887,16.994338989257812,124.38549041748047,1,1,0.0,Natural
31.062568389072837,76.97893076563983,936.4251098632812,16.45003318786621,20.636911392211914,124.38549041748047,1,1,0.0,Natural
31.06244274443259,76.97946373928264,944.1334838867188,7.607919692993164,13.52233600616455,124.38549041748047,1,1,0.0,Natural
31.062814465276908,76.97762865667033,944.3915405273438,14.917831420898438,18.76919937133789,124.38549041748047,1,1,0.0,Anthropogenic
31.059806132294966,76.97887910858982,939.2554931640625,11.811050415039062,14.759708404541016,124.38549041748047,1,1,0.0,Natural
31.060602717266825,76.97826123134489,936.0164794921875,14.095855712890625,20.132299423217773,124.38549041748047,1,1,0.0,Natural
31.060692718720006,76.97861726547626,933.0076904296875,14.02540397644043,27.210277557373047,124.38549041748047,1,1,0.0,Natural
31.05729022425837,76.97272695732693,937.805908203125,30.535717010498047,41.196598052978516,124.38549041748047,1,1,0.0,Natural
31.05865590936225,76.97287900970662,928.0779418945312,29.228681564331055,39.11862564086914,124.38549041748047,1,1,0.0,Natural
31.058904521621933,76.97291998663975,912.3697509765625,32.77341079711914,44.08054733276367,124.38549041748047,1,1,0.0,Natural
31.05922245499235,76.97294122633176,919.0779418945312,33.48847579956055,45.51980209350586,124.38549041748047,1,1,0.0,Natural
31.059745446063385,76.97454971638764,923.663818359375,21.266874313354492,26.958080291748047,124.38549041748047,1,1,0.0,Natural
31.056444035983613,76.96858087160375,952.5374145507812,18.284576416015625,22.656686782836914,124.38549041748047,1,1,0.0,Anthropogenic
31.05651201078263,76.96889498114471,940.344970703125,18.152259826660156,28.01148796081543,124.38549041748047,1,1,0.0,Anthropogenic
31.05706682613426,76.96968651574238,926.1748657226562,24.6126651763916,30.89356231689453,124.38549041748047,1,1,0.0,Natural
31.052181463733163,76.97105815218063,954.3621826171875,7.214338779449463,9.830869674682617,124.38549041748047,1,1,0.0,Anthropogenic
31.050394742024807,76.97288032053774,932.2261352539062,21.828750610351562,28.606393814086914,124.38549041748047,1,1,0.0,Natural
31.05144782770239,76.97296070983138,933.4679565429688,9.534120559692383,11.966270446777344,124.38549041748047,1,1,0.0,Natural
31.051404900649672,76.97340753451334,929.0169677734375,8.865166664123535,11.966075897216797,124.38549041748047,1,1,0.0,Anthropogenic
31.04725603797656,76.98033540456375,927.9363403320312,18.755714416503906,24.747304916381836,124.38549041748047,1,1,0.0,Anthropogenic
31.045848449998974,76.98478734943606,930.593017578125,14.873066902160645,27.384775161743164,124.38549041748047,1,1,0.0,Natural
31.04559488998808,76.98473056451593,913.189453125,23.767181396484375,32.36424255371094,124.38549041748047,1,1,0.0,Natural
31.047081340740604,76.9848772118127,940.12255859375,10.674965858459473,13.240655899047852,124.38549041748047,1,1,0.0,Natural
31.046539900108115,76.98401549906552,931.7616577148438,22.9078311920166,29.126012802124023,124.38549041748047,1,1,0.0,Natural
31.046412922591397,76.98433061561994,911.2484130859375,22.241823196411133,31.163301467895508,124.38549041748047,1,1,0.0,Natural
31.048158948240594,76.98424792274143,919.7315063476562,8.474129676818848,15.271503448486328,124.38549041748047,1,1,0.0,Natural
31.049143766570435,76.98373534071227,941.2657470703125,9.064484596252441,12.677397727966309,124.38549041748047,1,1,0.0,Natural
31.048809405267583,76.98432634783582,944.5422973632812,12.662086486816406,16.878419876098633,124.38549041748047,1,1,0.0,Natural
31.049219835488536,76.98407631669862,942.8193969726562,10.200359344482422,12.549097061157227,124.38549041748047,1,1,0.0,Natural
31.0491807567724,76.98218010956188,936.8018798828125,13.32311725616455,17.738605499267578,124.38549041748047,1,1,0.0,Natural
31.045815387920136,76.97842176174848,905.27490234375,23.185441970825195,29.675167083740234,124.38549041748047,1,1,0.0,Natural
31.049628893208837,76.9778455789923,915.1439819335938,16.24384307861328,20.491979598999023,124.38549041748047,1,1,0.0,Anthropogenic
31.049983086154985,76.97843364995694,920.7417602539062,14.15491008758545,21.32317543029785,124.38549041748047,1,1,0.0,Natural
31.05233518171189,76.97789122236694,933.143798828125,19.481046676635742,25.287696838378906,124.38549041748047,1,1,0.0,Anthropogenic
31.052267341839563,76.97832046598512,915.416259765625,17.287628173828125,23.616466522216797,124.38549041748047,1,1,0.0,Anthropogenic
31.051827274545875,76.97843580647026,910.013427734375,12.1796236038208,22.21515464782715,124.38549041748047,1,1,0.0,Natural
31.058079653764732,76.97123075848516,929.990966796875,26.122900009155273,34.448062896728516,124.38549041748047,1,1,0.0,Natural
31.058240172147357,76.97167920039357,926.2293090820312,10.082980155944824,22.455520629882812,124.38549041748047,1,1,0.0,Natural
31.05809323091166,76.97868180864427,941.554443359375,4.251805305480957,10.982743263244629,124.38549041748047,1,1,0.0,Natural
31.057285884612284,76.9809041972104,943.823974609375,24.08465003967285,32.57184600830078,124.38549041748047,1,1,0.0,Anthropogenic
31.060639966438643,77.00130948069912,1092.316650390625,29.72581672668457,41.382972717285156,124.38549041748047,1,1,0.0,Anthropogenic
31.06190624061692,76.97706422272424,933.3548583984375,27.600406646728516,35.47231674194336,124.38549041748047,1,1,0.0,Anthropogenic
31.06238076736943,76.97819178521581,933.314208984375,13.196319580078125,19.236202239990234,124.38549041748047,1,1,0.0,Natural
31.062555233795344,76.97862213930891,936.9590454101562,18.02735710144043,22.861507415771484,124.38549041748047,1,1,0.0,Natural
31.06102564674566,76.97753962551192,926.8148193359375,17.70525550842285,23.19169807434082,124.38549041748047,1,1,0.0,Natural
31.06147016456111,76.97673020418377,940.4373168945312,22.788923263549805,33.64364242553711,124.38549041748047,1,1,0.0,Anthropogenic
31.061164665215276,76.9768961182395,918.1014404296875,18.444881439208984,27.152164459228516,124.38549041748047,1,1,0.0,Natural
31.061557391341065,76.97764069818675,940.8726806640625,21.066457748413086,26.38442039489746,124.38549041748047,1,1,0.0,Natural
31.06113630478934,76.97793877122719,934.86328125,14.441117286682129,19.78031349182129,124.38549041748047,1,1,0.0,Natural
31.062761439930586,76.98037083511933,946.619140625,9.496864318847656,14.554218292236328,124.38549041748047,1,1,0.0,Anthropogenic
31.060710822967803,76.9790057186464,951.5082397460938,11.049548149108887,28.060115814208984,124.38549041748047,1,1,0.0,Natural
31.064135137158505,76.96645566861358,948.5718383789062,17.02851104736328,24.556589126586914,124.38549041748047,1,1,0.0,Natural
31.067303349465494,76.97041687837252,921.7965087890625,3.263701915740967,6.013794898986816,124.38549041748047,1,1,0.0,Anthropogenic
31.064335181286076,76.97239132017322,931.9959106445312,14.665822982788086,19.32170295715332,124.38549041748047,1,1,0.0,Anthropogenic
31.064831808420777,76.9726467436034,923.5774536132812,13.607026100158691,24.594205856323242,124.38549041748047,1,1,0.0,Anthropogenic
31.065177529938744,76.97280473259201,939.5194091796875,11.255961418151855,20.045291900634766,124.38549041748047,1,1,0.0,Anthropogenic
31.06917411993914,76.96592533150906,951.1307983398438,6.562845706939697,8.287677764892578,124.38549041748047,1,1,0.0,Natural
31.067543152436443,76.97258135213833,926.439697265625,4.5718841552734375,7.99417781829834,124.38549041748047,1,1,0.0,Natural
31.06319694369797,76.96950620807377,929.8369750976562,19.814109802246094,26.501441955566406,124.38549041748047,1,1,0.0,Anthropogenic
31.063886851292327,76.96588214971389,942.8778076171875,8.84799861907959,16.07646942138672,124.38549041748047,1,1,0.0,Natural
31.065213323010852,76.96267118596855,953.7025146484375,12.79440689086914,16.024452209472656,124.38549041748047,1,1,0.0,Natural
31.08148823602449,76.9595616337081,955.0955200195312,19.530366897583008,24.538734436035156,124.38549041748047,1,1,0.0,Anthropogenic
31.08329290543664,76.95856584965487,950.9716796875,20.80571174621582,29.70556640625,124.38549041748047,1,1,0.0,Natural
31.082291152986258,76.9603988845459,946.2556762695312,6.249300003051758,9.347037315368652,124.38549041748047,1,1,0.0,Anthropogenic
31.08165743361478,76.96140595797341,950.9810180664062,19.537899017333984,24.69611930847168,124.38549041748047,1,1,0.0,Anthropogenic
31.084996868890634,76.96472287269222,938.9391479492188,14.541500091552734,19.515928268432617,124.38549041748047,1,1,0.0,Natural
31.116462156548362,76.99597754061514,971.2685546875,27.3990478515625,36.77263259887695,124.38549041748047,1,1,0.0,Natural
31.11557855315865,76.99634156447009,953.3045654296875,23.604644775390625,29.714920043945312,124.38549041748047,1,1,0.0,Anthropogenic
31.11116533670089,76.98857401605119,961.1542358398438,33.53388214111328,45.30238342285156,124.38549041748047,1,1,0.0,Anthropogenic
31.109900592532277,76.98813656576588,996.951416015625,14.950862884521484,22.037490844726562,124.38549041748047,1,1,0.0,Anthropogenic
31.109561152328048,76.98921267960421,968.7368774414062,29.995405197143555,40.31821060180664,124.38549041748047,1,1,0.0,Anthropogenic
31.107602293941095,76.99416016317959,962.4800415039062,32.471256256103516,44.455196380615234,124.38549041748047,1,1,0.0,Anthropogenic
31.108130559070585,76.98976280087649,961.5243530273438,35.609832763671875,51.127952575683594,124.38549041748047,1,1,0.0,Anthropogenic
31.111441176915775,76.9891550511045,917.6604614257812,40.364540100097656,58.33039093017578,124.38549041748047,1,1,0.0,Anthropogenic
31.11136392914953,76.99257719272306,983.1653442382812,8.851580619812012,15.77258586883545,124.38549041748047,1,1,0.0,Natural
31.114635200239263,77.00121150796043,979.56005859375,40.60328674316406,59.10922622680664,124.38549041748047,1,1,0.0,Anthropogenic
31.145621650224932,76.97687933467013,1046.0472412109375,34.6253547668457,47.43503189086914,74.27460479736328,1,1,0.0,Natural
31.14290027731802,76.97866779106135,994.945556640625,27.923025131225586,38.3679313659668,74.27460479736328,1,1,0.0,Natural
31.142904660582204,76.97521831985449,963.859375,28.375320434570312,38.8106575012207,74.27460479736328,1,1,0.0,Anthropogenic
31.142975805240226,76.97274611119948,961.689208984375,21.14287567138672,35.312923431396484,74.27460479736328,1,1,0.0,Anthropogenic
31.143184189386577,76.97116190598325,1056.305908203125,34.58868408203125,47.01567077636719,74.27460479736328,1,1,0.0,Anthropogenic
31.14327549167295,76.97180012725146,1034.407958984375,40.34831619262695,59.49837112426758,74.27460479736328,1,1,0.0,Natural
31.14337250412829,76.97219536023572,1013.2749633789062,43.48910903930664,65.99299621582031,74.27460479736328,1,1,0.0,Natural
31.148843161934284,76.9773954130449,1034.0618896484375,31.953250885009766,44.5987663269043,74.27460479736328,1,1,0.0,Natural
31.14828886060898,76.97984695812409,1082.4969482421875,26.72551155090332,35.04043960571289,74.27460479736328,1,1,0.0,Natural
31.141657669132755,77.001403608493,1070.83203125,32.52250289916992,45.0921630859375,74.27460479736328,1,1,0.0,Anthropogenic
31.140696140464193,76.99975095454418,1068.5679931640625,28.354921340942383,48.46163558959961,74.27460479736328,1,1,0.0,Anthropogenic
31.141155993345116,77.00003921377143,1091.4700927734375,36.81119155883789,52.676513671875,74.27460479736328,1,1,0.0,Anthropogenic
31.120020178317667,76.97418225877186,951.3809204101562,40.02674102783203,58.10186004638672,124.38549041748047,1,1,0.0,Natural
31.122036313832744,76.97453523614966,981.4063720703125,30.459321975708008,42.700260162353516,124.38549041748047,1,1,0.0,Natural
31.124748600307484,76.9707542598371,1021.9469604492188,21.034658432006836,30.638399124145508,124.38549041748047,1,1,0.0,Natural
31.126380980589108,76.97513142892106,1012.210693359375,32.11487579345703,49.59580993652344,74.27460479736328,1,1,0.0,Natural
31.12743359818728,76.97618305962543,943.7943725585938,38.24170684814453,54.56023406982422,74.27460479736328,1,1,0.0,Natural
31.128006459560613,76.97388916061165,975.3463745117188,24.763065338134766,33.2126579284668,74.27460479736328,1,1,0.0,Anthropogenic
31.129834593513408,76.9841579281117,981.6336669921875,32.00105285644531,44.563987731933594,74.27460479736328,1,1,0.0,Natural
31.12960161832951,76.98380458922873,989.1519165039062,31.259733200073242,41.120948791503906,74.27460479736328,1,1,0.0,Natural
31.13439172029122,76.9765478334857,996.9010009765625,36.98957824707031,52.557830810546875,74.27460479736328,1,1,0.0,Anthropogenic
31.0620826963974,77.18006965136807,1838.1923828125,36.62082290649414,53.2431755065918,100.44458770751953,1,1,0.0,Anthropogenic
31.061766520614125,77.17584732315278,1829.8929443359375,34.251792907714844,48.843040466308594,100.44458770751953,1,1,0.0,Anthropogenic
31.09173792857627,77.16663700452604,1830.6715087890625,24.34633445739746,36.68490219116211,100.44458770751953,1,1,0.0,Anthropogenic
31.09105143289119,77.16432011414422,1800.501220703125,18.452856063842773,24.36136817932129,100.44458770751953,1,1,0.0,Natural
31.0908622234925,77.15750061966806,1672.920166015625,27.928667068481445,41.044612884521484,100.44458770751953,1,1,0.0,Natural
31.090264961165847,77.157165981508,1686.373779296875,23.945528030395508,31.574459075927734,100.44458770751953,1,1,0.0,Natural
31.092167725914223,77.17055842995727,1916.0260009765625,31.38287925720215,43.142730712890625,100.44458770751953,1,1,0.0,Anthropogenic
31.09076156522718,77.16496297495573,1799.20263671875,17.673961639404297,30.560020446777344,100.44458770751953,1,1,0.0,Natural
31.095185804364053,77.16100038740237,1732.366455078125,10.381501197814941,19.137676239013672,100.44458770751953,1,1,0.0,Anthropogenic
31.100929726670973,77.15472113621458,1971.0599365234375,25.319107055664062,35.69546890258789,100.44458770751953,1,1,0.0,Anthropogenic
31.0954012564077,77.18827373458987,2158.9453125,45.27091598510742,71.12128448486328,100.44458770751953,1,1,0.0,Natural
31.088960587951355,77.14745553786732,1657.953369140625,23.4689998626709,41.33003234863281,100.44458770751953,1,1,0.0,Anthropogenic
31.129147167635494,77.15134612964613,1565.9002685546875,32.22594451904297,43.46704864501953,80.36451721191406,1,1,0.0,Natural
31.13719888136044,77.150301791371,1449.6409912109375,39.500404357910156,56.68466567993164,80.36451721191406,1,1,0.0,Natural
31.143804348676113,77.15274538174164,1665.84716796875,40.12766647338867,58.256431579589844,80.36451721191406,1,1,0.0,Anthropogenic
31.135674713722032,77.15193893073972,1430.5611572265625,30.133623123168945,43.73843765258789,80.36451721191406,1,1,0.0,Anthropogenic
31.14330180250223,77.14644001123648,1356.123046875,28.246883392333984,40.852012634277344,80.36451721191406,1,1,0.0,Anthropogenic
31.140951741244965,77.19392873608953,1554.0050048828125,39.601558685302734,57.45616149902344,80.36451721191406,1,1,0.0,Anthropogenic
31.141464851686838,77.19246537644662,1568.1153564453125,35.28776168823242,49.48981857299805,80.36451721191406,1,1,0.0,Anthropogenic
31.14084177836556,77.1918105218471,1503.024658203125,33.77250289916992,47.14463424682617,80.36451721191406,1,1,0.0,Natural
31.09264370503531,77.2256832551476,1799.2938232421875,35.57341766357422,49.2790641784668,100.44458770751953,1,1,0.0,Anthropogenic
31.092334954583233,77.22495531508262,1742.2552490234375,39.98514938354492,56.964290618896484,100.44458770751953,1,1,0.0,Anthropogenic
31.092518435949263,77.22523195770842,1771.522216796875,38.97443389892578,56.322757720947266,100.44458770751953,1,1,0.0,Anthropogenic
31.05385346879625,77.21859004727291,1498.3787841796875,16.946880340576172,39.016883850097656,100.44458770751953,1,1,0.0,Natural
31.054641994854823,77.21749190290072,1500.0516357421875,44.32013702392578,67.82776641845703,100.44458770751953,1,1,0.0,Anthropogenic
31.05525561579567,77.21567598008994,1474.5374755859375,23.86712646484375,38.850685119628906,100.44458770751953,1,1,0.0,Natural
31.035310767380228,77.19970701978538,1601.5948486328125,27.94624137878418,37.03205490112305,100.44458770751953,1,1,0.0,Anthropogenic
31.016415626449348,77.19548228692267,1392.0948486328125,43.38252639770508,66.63426208496094,100.44458770751953,1,1,0.0,Anthropogenic
31.017794109543466,77.1939882370448,1452.821044921875,36.273983001708984,51.03328323364258,100.44458770751953,1,1,0.0,Anthropogenic
30.99928274038203,77.16069142040894,1356.221435546875,35.16378402709961,50.69765090942383,100.44458770751953,1,1,0.0,Natural
30.968458847443973,77.16182295213363,1551.114990234375,40.07295608520508,58.75303649902344,100.44458770751953,1,1,0.0,Natural
30.968766200270025,77.16168605320632,1541.6497802734375,39.8680534362793,58.420623779296875,100.44458770751953,1,1,0.0,Natural
30.932207279175334,77.1605306186033,1160.25830078125,27.301246643066406,39.09393310546875,100.44458770751953,1,1,0.0,Natural
30.932372481583815,77.16083673384698,1185.9251708984375,28.332870483398438,39.15985107421875,100.44458770751953,1,1,0.0,Anthropogenic
30.92437806325388,77.15874175088844,1058.7889404296875,42.89725112915039,64.4287338256836,100.44458770751953,1,1,0.0,Anthropogenic
30.923897666427028,77.15872333824554,1062.6199951171875,33.7471923828125,50.877601623535156,100.44458770751953,1,1,0.0,Anthropogenic
30.921319780494244,77.1540590858088,1137.5103759765625,20.393762588500977,33.5594482421875,100.44458770751953,1,1,0.0,Natural
30.92179001710891,77.15384057133338,1148.2978515625,24.928592681884766,36.34546661376953,100.44458770751953,1,1,0.0,Natural
30.91961435532237,77.15582243616826,1094.0936279296875,35.98623275756836,56.28598403930664,100.44458770751953,1,1,0.0,Natural
30.92218445102747,77.14895533041005,1183.08642578125,20.220458984375,25.892560958862305,100.44458770751953,1,1,0.0,Anthropogenic
30.92288958129346,77.14624520513095,1183.966796875,13.768866539001465,26.210268020629883,100.44458770751953,1,1,0.0,Anthropogenic
30.92195707081603,77.1486305643309,1181.1226806640625,18.12230110168457,21.64866828918457,100.44458770751953,1,1,0.0,Anthropogenic
30.920583690046286,77.14939125383883,1156.9114990234375,33.61513137817383,45.78845977783203,100.44458770751953,1,1,0.0,Anthropogenic
30.9121910014865,77.14999586927064,1150.0592041015625,21.70496940612793,50.04008102416992,100.44458770751953,1,1,0.0,Natural
30.915899700943214,77.14594855366502,1218.002197265625,25.39559555053711,33.73190689086914,100.44458770751953,1,1,0.0,Natural
30.915255954540584,77.14447908440313,1235.9708251953125,24.65907859802246,31.475791931152344,100.44458770751953,1,1,0.0,Natural
30.915518815258462,77.14518938377823,1225.186767578125,21.97561264038086,27.641584396362305,100.44458770751953,1,1,0.0,Natural
30.912686837163353,77.14427921330105,1257.101318359375,27.701797485351562,36.0297966003418,100.44458770751953,1,1,0.0,Anthropogenic
30.913805248624314,77.14517405197194,1210.851318359375,26.041704177856445,32.66593933105469,100.44458770751953,1,1,0.0,Natural
30.914212614797854,77.14550926531312,1209.934814453125,27.903682708740234,35.427345275878906,100.44458770751953,1,1,0.0,Natural
30.913422053886908,77.14495318447027,1222.8531494140625,12.197968482971191,24.925981521606445,100.44458770751953,1,1,0.0,Anthropogenic
30.915167317051203,77.151778331021,1133.470458984375,23.50775909423828,37.122047424316406,100.44458770751953,1,1,0.0,Natural
30.914597009040182,77.15094845580124,1167.100341796875,43.42423629760742,70.67256927490234,100.44458770751953,1,1,0.0,Natural
30.914737170436517,77.15071862768706,1167.100341796875,48.123619079589844,77.07234191894531,100.44458770751953,1,1,0.0,Anthropogenic
30.91119499997468,77.15269389821506,1227.5859375,16.475261688232422,21.137563705444336,100.44458770751953,1,1,0.0,Anthropogenic
30.907146946757827,77.15848322327646,1310.5789794921875,13.097900390625,18.905311584472656,100.44458770751953,1,1,0.0,Natural
30.910252409237373,77.1530929803408,1246.4603271484375,18.240989685058594,22.320951461791992,100.44458770751953,1,1,0.0,Anthropogenic
30.89652225691929,77.1560474623434,1652.396484375,31.475189208984375,45.36568832397461,100.44458770751953,1,1,0.0,Anthropogenic
30.90090792159008,77.14146528381904,1422.2691650390625,23.28403091430664,32.637359619140625,100.44458770751953,1,1,0.0,Anthropogenic
30.875116324874774,77.18069963717527,1671.272705078125,42.432682037353516,63.65055847167969,100.44458770751953,1,1,0.0,Natural
30.874896265365347,77.18047847350799,1657.6685791015625,40.217140197753906,58.90399169921875,169.64889526367188,1,1,0.0,Natural
30.842492585242084,77.10798702148732,1250.6595458984375,23.36748695373535,30.0941162109375,,1,0,0.0,Anthropogenic
31.076337528552365,77.05973009703706,1271.3497314453125,20.47224998474121,27.18836212158203,124.38549041748047,1,1,0.0,Anthropogenic
31.076780777342734,77.06030360919432,1264.443115234375,29.582170486450195,41.61942672729492,124.38549041748047,1,1,0.0,Anthropogenic
31.077021374951826,77.0605201832886,1271.3292236328125,22.272367477416992,37.288116455078125,124.38549041748047,1,1,0.0,Anthropogenic
31.077181876629965,77.06082943401928,1287.35498046875,23.37811851501465,32.31143569946289,124.38549041748047,1,1,0.0,Anthropogenic
31.07747952816849,77.0610496312853,1294.3199462890625,22.381816864013672,29.449857711791992,124.38549041748047,1,1,0.0,Anthropogenic
31.077641759381027,77.06140338512968,1299.2572021484375,21.66339683532715,28.941204071044922,124.38549041748047,1,1,0.0,Anthropogenic
31.07560106939734,77.0596235025198,1237.8565673828125,28.371583938598633,37.84733581542969,124.38549041748047,1,1,0.0,Anthropogenic
31.07723936496417,77.05677187414395,1277.250732421875,31.212629318237305,45.47627258300781,124.38549041748047,1,1,0.0,Natural
31.078630994056866,77.0552463396684,1309.5064697265625,23.702775955200195,30.90437889099121,124.38549041748047,1,1,0.0,Anthropogenic
31.075516598811898,77.05090145627844,1383.6197509765625,28.255414962768555,37.7158203125,124.38549041748047,1,1,0.0,Natural
31.07521720294073,77.05081029204645,1364.542724609375,17.338274002075195,25.903751373291016,124.38549041748047,1,1,0.0,Anthropogenic
31.075191476021985,77.05173219731496,1354.2772216796875,10.59465503692627,30.803565979003906,124.38549041748047,1,1,0.0,Natural
31.074696359855462,77.05085278004573,1351.3514404296875,13.474018096923828,16.29145050048828,124.38549041748047,1,1,0.0,Anthropogenic
31.074223769941778,77.05061121571126,1346.6036376953125,9.42497444152832,15.994584083557129,124.38549041748047,1,1,0.0,Anthropogenic
31.067763907466873,77.06562754008658,1187.5726318359375,24.678970336914062,32.04745101928711,124.38549041748047,1,1,0.0,Anthropogenic
31.068282229335413,77.06601894741422,1209.7266845703125,13.77245044708252,24.04996109008789,124.38549041748047,1,1,0.0,Natural
31.06923798240477,77.06429538205931,1183.3931884765625,22.494131088256836,29.434280395507812,124.38549041748047,1,1,0.0,Natural
31.070264161639315,77.06647687885449,1221.3023681640625,18.274049758911133,32.858001708984375,124.38549041748047,1,1,0.0,Natural
31.06681020214737,77.06712309125082,1209.909423828125,37.91548538208008,53.91149139404297,124.38549041748047,1,1,0.0,Natural
31.065244461328202,77.06890311848304,1131.11572265625,32.41761016845703,44.234073638916016,124.38549041748047,1,1,0.0,Natural
31.07165075517206,77.06504701938495,1255.7569580078125,23.295230865478516,29.492671966552734,124.38549041748047,1,1,0.0,Anthropogenic
31.073609354126862,77.06342625735016,1241.2862548828125,23.734228134155273,32.53313064575195,124.38549041748047,1,1,0.0,Anthropogenic
31.073786210928418,77.0635586370761,1245.2474365234375,22.25821304321289,39.54096603393555,124.38549041748047,1,1,0.0,Anthropogenic
31.070406975196065,77.06252295149868,1157.124267578125,15.913094520568848,22.883481979370117,124.38549041748047,1,1,0.0,Natural
31.072672194103202,77.0629775404751,1215.1619873046875,9.704716682434082,20.752704620361328,124.38549041748047,1,1,0.0,Natural
31.07255814838483,77.06208464806537,1200.432373046875,10.556085586547852,25.909273147583008,124.38549041748047,1,1,0.0,Anthropogenic
31.07134298681193,77.06238249111695,1179.361572265625,17.995872497558594,27.195470809936523,124.38549041748047,1,1,0.0,Natural
31.069937754168215,77.06421981408978,1209.4296875,16.072917938232422,25.962770462036133,124.38549041748047,1,1,0.0,Natural
31.069865686609756,77.06447974582856,1205.2354736328125,14.943617820739746,21.05864906311035,124.38549041748047,1,1,0.0,Natural
31.083384956819366,77.05895093611262,1396.75048828125,32.00956726074219,47.126529693603516,124.38549041748047,1,1,0.0,Anthropogenic
31.082141671276865,77.06060489750054,1348.06884765625,20.348186492919922,27.207921981811523,124.38549041748047,1,1,0.0,Anthropogenic
31.08474558573636,77.05596463821414,1449.4471435546875,37.68349075317383,53.832061767578125,124.38549041748047,1,1,0.0,Anthropogenic
31.09335031890951,77.04722763026744,1253.7550048828125,29.147024154663086,38.271793365478516,124.38549041748047,1,1,0.0,Natural
